#
# A fatal error has been detected by the Java Runtime Environment:
#
#  EXCEPTION_ACCESS_VIOLATION (0xc0000005) at pc=0x00007ff8b6b8f664, pid=18092, tid=16680
#
# JRE version: OpenJDK Runtime Environment Microsoft-11933218 (21.0.8+9) (build 21.0.8+9-LTS)
# Java VM: OpenJDK 64-Bit Server VM Microsoft-11933218 (21.0.8+9-LTS, mixed mode, sharing, tiered, compressed oops, compressed class ptrs, serial gc, windows-amd64)
# Problematic frame:
# V  [jvm.dll+0x3ef664]
#
# No core dump will be written. Minidumps are not enabled by default on client versions of Windows
#
# If you would like to submit a bug report, please visit:
#   https://github.com/microsoft/openjdk/issues
#

---------------  S U M M A R Y ------------

Command Line: --add-opens=java.base/java.lang=ALL-UNNAMED --add-opens=java.base/java.lang.invoke=ALL-UNNAMED --add-opens=java.base/java.util=ALL-UNNAMED --add-opens=java.prefs/java.util.prefs=ALL-UNNAMED --add-exports=jdk.compiler/com.sun.tools.javac.api=ALL-UNNAMED --add-exports=jdk.compiler/com.sun.tools.javac.util=ALL-UNNAMED --add-opens=java.base/java.util=ALL-UNNAMED --add-opens=java.prefs/java.util.prefs=ALL-UNNAMED --add-opens=java.base/java.nio.charset=ALL-UNNAMED --add-opens=java.base/java.net=ALL-UNNAMED --add-opens=java.base/java.util.concurrent=ALL-UNNAMED --add-opens=java.base/java.util.concurrent.atomic=ALL-UNNAMED --add-opens=java.xml/javax.xml.namespace=ALL-UNNAMED --add-opens=java.base/java.time=ALL-UNNAMED -XX:MaxMetaspaceSize=256m -XX:+UseSerialGC -XX:+HeapDumpOnOutOfMemoryError -Xms256m -Xmx1024m -Dfile.encoding=UTF-8 -Duser.country=RU -Duser.language=ru -Duser.variant -javaagent:C:\Users\ibraa\.gradle\wrapper\dists\gradle-9.3.0-bin\79n14ral3mx1ozqr3csh2u872\gradle-9.3.0\lib\agents\gradle-instrumentation-agent-9.3.0.jar org.gradle.launcher.daemon.bootstrap.GradleDaemon 9.3.0

Host: AMD Ryzen 5 3500U with Radeon Vega Mobile Gfx  , 8 cores, 6G,  Windows 11 , 64 bit Build 26100 (10.0.26100.8328)
Time: Wed May 20 18:10:34 2026 elapsed time: 30.474086 seconds (0d 0h 0m 30s)

---------------  T H R E A D  ---------------

Current thread (0x00000267b7e94510):  JavaThread "Exec process Thread 4"        [_thread_in_vm, id=16680, stack(0x000000e324100000,0x000000e324200000) (1024K)]

Stack: [0x000000e324100000,0x000000e324200000],  sp=0x000000e3241fac80,  free space=1003k
Native frames: (J=compiled Java code, j=interpreted, Vv=VM code, C=native code)
V  [jvm.dll+0x3ef664]
V  [jvm.dll+0x6e1642]
V  [jvm.dll+0x3ef43e]
V  [jvm.dll+0x462146]
V  [jvm.dll+0x44b6b3]
C  [instrument.dll+0x4e93]

Java frames: (J=compiled Java code, j=interpreted, Vv=VM code)
J 837  java.lang.ClassLoader.defineClass1(Ljava/lang/ClassLoader;Ljava/lang/String;[BIILjava/security/ProtectionDomain;Ljava/lang/String;)Ljava/lang/Class; java.base@21.0.8 (0 bytes) @ 0x0000026797980a11 [0x0000026797980940+0x00000000000000d1]
J 6207 c2 java.security.SecureClassLoader.defineClass(Ljava/lang/String;[BIILjava/security/CodeSource;)Ljava/lang/Class; java.base@21.0.8 (16 bytes) @ 0x0000026797c680a0 [0x0000026797c67a40+0x0000000000000660]
J 4479 c2 java.net.URLClassLoader$1.run()Ljava/lang/Object; java.base@21.0.8 (5 bytes) @ 0x0000026797b88ab4 [0x0000026797b87da0+0x0000000000000d14]
J 6349 c2 java.lang.ClassLoader.loadClass(Ljava/lang/String;Z)Ljava/lang/Class; java.base@21.0.8 (121 bytes) @ 0x0000026797c92594 [0x0000026797c921c0+0x00000000000003d4]
J 4352 c2 java.lang.ClassLoader.loadClass(Ljava/lang/String;)Ljava/lang/Class; java.base@21.0.8 (7 bytes) @ 0x0000026797b5d96c [0x0000026797b5d920+0x000000000000004c]
v  ~StubRoutines::call_stub 0x000002679738100d
J 837  java.lang.ClassLoader.defineClass1(Ljava/lang/ClassLoader;Ljava/lang/String;[BIILjava/security/ProtectionDomain;Ljava/lang/String;)Ljava/lang/Class; java.base@21.0.8 (0 bytes) @ 0x0000026797980a11 [0x0000026797980940+0x00000000000000d1]
J 6207 c2 java.security.SecureClassLoader.defineClass(Ljava/lang/String;[BIILjava/security/CodeSource;)Ljava/lang/Class; java.base@21.0.8 (16 bytes) @ 0x0000026797c680a0 [0x0000026797c67a40+0x0000000000000660]
J 4479 c2 java.net.URLClassLoader$1.run()Ljava/lang/Object; java.base@21.0.8 (5 bytes) @ 0x0000026797b88ab4 [0x0000026797b87da0+0x0000000000000d14]
J 6349 c2 java.lang.ClassLoader.loadClass(Ljava/lang/String;Z)Ljava/lang/Class; java.base@21.0.8 (121 bytes) @ 0x0000026797c92594 [0x0000026797c921c0+0x00000000000003d4]
J 4352 c2 java.lang.ClassLoader.loadClass(Ljava/lang/String;)Ljava/lang/Class; java.base@21.0.8 (7 bytes) @ 0x0000026797b5d96c [0x0000026797b5d920+0x000000000000004c]
v  ~StubRoutines::call_stub 0x000002679738100d
j  org.gradle.internal.logging.events.StyledTextOutputEvent.<clinit>()V+0
v  ~StubRoutines::call_stub 0x000002679738100d
j  org.gradle.internal.logging.source.PrintStreamLoggingSystem$OutputEventDestination.onOutput(Ljava/lang/CharSequence;)V+7
j  org.gradle.internal.logging.source.PrintStreamLoggingSystem$1.text(Ljava/lang/String;)V+14
j  org.gradle.internal.io.LineBufferingOutputStream.flush()V+20
j  org.gradle.internal.io.LineBufferingOutputStream.write(I)V+55
j  java.io.OutputStream.write([BII)V+24 java.base@21.0.8
J 2116 c1 java.io.PrintStream.write([BII)V java.base@21.0.8 (94 bytes) @ 0x0000026790227c64 [0x00000267902277e0+0x0000000000000484]
j  org.gradle.internal.io.LinePerThreadBufferingOutputStream.write([BII)V+7
j  org.apache.commons.io.output.ProxyOutputStream.write([BII)V+12
j  org.gradle.process.internal.streams.ExecOutputHandleRunner.writeBuffer([BI)V+7
j  org.gradle.process.internal.streams.ExecOutputHandleRunner.forwardContent()V+61
j  org.gradle.process.internal.streams.ExecOutputHandleRunner.run()V+1
J 5492 c1 org.gradle.internal.concurrent.ExecutorPolicy$CatchAndRecordFailures.onExecute(Ljava/lang/Runnable;)V (29 bytes) @ 0x00000267907653e4 [0x00000267907652c0+0x0000000000000124]
j  org.gradle.internal.concurrent.AbstractManagedExecutor$1.run()V+25
j  java.util.concurrent.ThreadPoolExecutor.runWorker(Ljava/util/concurrent/ThreadPoolExecutor$Worker;)V+92 java.base@21.0.8
j  java.util.concurrent.ThreadPoolExecutor$Worker.run()V+5 java.base@21.0.8
j  java.lang.Thread.runWith(Ljava/lang/Object;Ljava/lang/Runnable;)V+5 java.base@21.0.8
j  java.lang.Thread.run()V+19 java.base@21.0.8
v  ~StubRoutines::call_stub 0x000002679738100d

siginfo: EXCEPTION_ACCESS_VIOLATION (0xc0000005), writing address 0x000000e3241f2c80


Registers:
RAX=0x0000000000000001, RBX=0x000000e3241f2c80, RCX=0x0000000000001000, RDX=0x0000000000000000
RSP=0x000000e3241fac80, RBP=0x000000e3241fad19, RSI=0x000000e3241fae60, RDI=0x00000267b7e94510
R8 =0x000000e3241fac80, R9 =0x00000267b7e94510, R10=0x000000e3241fae48, R11=0x000000e3241faf60
R12=0x000000e3241fae48, R13=0x000000000000000c, R14=0x00000267b5c8d8d8, R15=0x000000e3241faf60
RIP=0x00007ff8b6b8f664, EFLAGS=0x0000000000010202

XMM[0]=0x0000000000000000 0x000000000000002f
XMM[1]=0x0c0000000b000100 0x060000000a000000
XMM[2]=0x6e61705304000173 0x6c69617465447373
XMM[3]=0x74617265706f2f6c 0x616e7265746e692f
XMM[4]=0x7265704f646c6975 0x427478655464656c
XMM[5]=0x0200120000000c00 0x00000b0001000600
XMM[6]=0x2abcb1e92c078892 0x459176a550a84614
XMM[7]=0xdb8b2b2e49910f14 0x0c2342a1ecad55d2
XMM[8]=0x0288392eafc327f9 0xbaed75ee9b5b6777
XMM[9]=0xdd1d4558dd1d4558 0xdd1d4558cadfb297
XMM[10]=0x0000000000000000 0x00000000edc26d3f
XMM[11]=0x08c3efa608c3efa6 0x08c3efa6d3a3a23d
XMM[12]=0x0000000000000000 0x00000000cadfb297
XMM[13]=0x0000000000000000 0x0000000000000000
XMM[14]=0x0000000000000000 0x0000000000000000
XMM[15]=0x0000000000000000 0x0000000000000000
  MXCSR=0x00001fa0


Register to memory mapping:

RAX=0x0000000000000001 is an unknown value
RBX=0x000000e3241f2c80 is pointing into the stack for thread: 0x00000267b7e94510
RCX=0x0000000000001000 is an unknown value
RDX=0x0 is null
RSP=0x000000e3241fac80 is pointing into the stack for thread: 0x00000267b7e94510
RBP=0x000000e3241fad19 is pointing into the stack for thread: 0x00000267b7e94510
RSI=0x000000e3241fae60 is pointing into the stack for thread: 0x00000267b7e94510
RDI=0x00000267b7e94510 is a thread
R8 =0x000000e3241fac80 is pointing into the stack for thread: 0x00000267b7e94510
R9 =0x00000267b7e94510 is a thread
R10=0x000000e3241fae48 is pointing into the stack for thread: 0x00000267b7e94510
R11=0x000000e3241faf60 is pointing into the stack for thread: 0x00000267b7e94510
R12=0x000000e3241fae48 is pointing into the stack for thread: 0x00000267b7e94510
R13=0x000000000000000c is an unknown value
R14=0x00000267b5c8d8d8 points into unknown readable memory: 0x00000000d58a0c78 | 78 0c 8a d5 00 00 00 00
R15=0x000000e3241faf60 is pointing into the stack for thread: 0x00000267b7e94510

Top of Stack: (sp=0x000000e3241fac80)
0x000000e3241fac80:   000000e3241fac80 000000e3241fae60
0x000000e3241fac90:   0000000000000000 000000e3241fbf80
0x000000e3241faca0:   000000e3241fbfb0 0000026797c924b4
0x000000e3241facb0:   0000026797c91e90 0000000000000000
0x000000e3241facc0:   0000000000000000 00000000d589fa70
0x000000e3241facd0:   000000e3241fbfb0 0000000000000000
0x000000e3241face0:   0000026785290e40 00000267852902b0
0x000000e3241facf0:   0000000000000000 0000000000000000
0x000000e3241fad00:   0000000000000000 0000000000000040
0x000000e3241fad10:   0000000000000000 0000026785290cc0
0x000000e3241fad20:   0000000000000000 0000000000000000
0x000000e3241fad30:   0000000000000000 00007ff8b6b4196e
0x000000e3241fad40:   00000267b4be7770 0000000000000000
0x000000e3241fad50:   00000267b4be7820 00000267b5c8d8d8
0x000000e3241fad60:   00000267b553f000 00000267b7e94510
0x000000e3241fad70:   000000e3241faed1 00007ff8b6e81642
0x000000e3241fad80:   00007ff8b6b8f450 0000026787792000
0x000000e3241fad90:   00000000c4490001 0000026797499200
0x000000e3241fada0:   000000e3241faf60 00007ff8b6b8f43e
0x000000e3241fadb0:   00000000d5866d68 00007ff8b7008a9b
0x000000e3241fadc0:   00000267b1432788 000002678534bef0
0x000000e3241fadd0:   00000267b7e94510 00000000d5866d68
0x000000e3241fade0:   00000267b7e94510 00007ff8b6c02146
0x000000e3241fadf0:   000000e3241faf90 00000267b7e94510
0x000000e3241fae00:   000000e300000002 0000000000000000
0x000000e3241fae10:   000000e3241fae40 00007ff8b71c0000
0x000000e3241fae20:   0000000000000008 00000000000003d8
0x000000e3241fae30:   000000e3241faf90 000000e3241faf60
0x000000e3241fae40:   00000267b4be7b58 00000267ad03b278
0x000000e3241fae50:   00000267b7e94510 00007ff8b6e4ed0f
0x000000e3241fae60:   00000267b4be7820 00000267b5c8d8d8
0x000000e3241fae70:   0000000000000000 00000267b1432788 

Instructions: (pc=0x00007ff8b6b8f664)
0x00007ff8b6b8f564:   74 15 44 39 b7 d8 05 00 00 74 0c 49 8b 04 24 48
0x00007ff8b6b8f574:   8b 40 38 48 89 45 7f 41 8b 17 8d 42 fc 83 f8 0a
0x00007ff8b6b8f584:   0f 87 a8 04 00 00 4c 8d 05 6f 0a c1 ff 48 98 41
0x00007ff8b6b8f594:   8b 8c 80 f0 fa 3e 00 49 03 c8 ff e1 41 bd 0a 00
0x00007ff8b6b8f5a4:   00 00 83 fa 0c 74 2f 83 fa 0d 74 2a 44 88 75 77
0x00007ff8b6b8f5b4:   eb 28 41 bd 0b 00 00 00 44 88 75 77 eb 1c 41 bd
0x00007ff8b6b8f5c4:   06 00 00 00 44 88 75 77 eb 10 41 bd 07 00 00 00
0x00007ff8b6b8f5d4:   44 88 75 77 eb 04 c6 45 77 01 49 8b 04 24 f6 40
0x00007ff8b6b8f5e4:   28 08 75 07 48 8b 46 58 4c 8b 30 48 8d 8f c0 04
0x00007ff8b6b8f5f4:   00 00 e8 e5 82 3c 00 e8 f0 1c 2f 00 4c 8b c0 49
0x00007ff8b6b8f604:   8b d4 48 8b cf 48 8b d8 e8 ff 5d 2e 00 84 c0 75
0x00007ff8b6b8f614:   33 4d 8b cc 48 8d 15 a9 22 66 00 41 b8 82 01 00
0x00007ff8b6b8f624:   00 48 8b cf e8 d3 85 f2 ff 48 8b 9c 24 00 01 00
0x00007ff8b6b8f634:   00 48 81 c4 c0 00 00 00 41 5f 41 5e 41 5d 41 5c
0x00007ff8b6b8f644:   5f 5e 5d c3 48 8b 0d c1 c0 8d 00 33 d2 48 8b 05
0x00007ff8b6b8f654:   88 0e 8e 00 48 f7 f1 48 83 f8 01 72 0c 48 2b d9
0x00007ff8b6b8f664:   c6 03 00 48 83 e8 01 75 f4 33 c0 48 8b cf 48 89
0x00007ff8b6b8f674:   45 07 48 89 45 17 48 89 45 0f 48 8b 07 ff 50 38
0x00007ff8b6b8f684:   84 c0 0f 84 22 04 00 00 48 8b 07 48 8b cf ff 90
0x00007ff8b6b8f694:   90 00 00 00 84 c0 0f 84 2e 04 00 00 33 d2 4c 89
0x00007ff8b6b8f6a4:   7d 1f 48 8b cf e8 92 da 08 00 48 8b cf 48 8b d8
0x00007ff8b6b8f6b4:   e8 f7 78 f2 ff 48 8b 8f 48 04 00 00 f6 c1 01 74
0x00007ff8b6b8f6c4:   0f 41 b0 01 48 8b cf 41 0f b6 d0 e8 cc 40 35 00
0x00007ff8b6b8f6d4:   8b 8f 40 04 00 00 f6 c1 0c 74 08 48 8b cf e8 19
0x00007ff8b6b8f6e4:   fd 00 00 45 33 d2 c7 87 44 04 00 00 08 00 00 00
0x00007ff8b6b8f6f4:   49 8b 04 24 48 89 45 f7 41 8b c2 4d 85 f6 74 03
0x00007ff8b6b8f704:   49 8b 06 48 8b 4d 07 48 89 45 ff 48 89 7d e7 48
0x00007ff8b6b8f714:   8b 87 28 04 00 00 48 89 45 ef 48 8b 87 98 03 00
0x00007ff8b6b8f724:   00 48 3b c8 74 04 4c 89 55 07 48 8b 87 a8 03 00
0x00007ff8b6b8f734:   00 48 89 45 17 48 8b 87 a0 03 00 00 48 89 45 0f
0x00007ff8b6b8f744:   48 8b 87 98 03 00 00 48 89 45 07 4c 89 97 98 03
0x00007ff8b6b8f754:   00 00 4c 89 97 a8 03 00 00 4c 89 97 a0 03 00 00 


Stack slot to memory mapping:

stack at sp + 0 slots: 0x000000e3241fac80 is pointing into the stack for thread: 0x00000267b7e94510
stack at sp + 1 slots: 0x000000e3241fae60 is pointing into the stack for thread: 0x00000267b7e94510
stack at sp + 2 slots: 0x0 is null
stack at sp + 3 slots: 0x000000e3241fbf80 is pointing into the stack for thread: 0x00000267b7e94510
stack at sp + 4 slots: 0x000000e3241fbfb0 is pointing into the stack for thread: 0x00000267b7e94510
stack at sp + 5 slots: 0x0000026797c924b4 is at entry_point+756 in (nmethod*)0x0000026797c91e90
Compiled method (c2) 30533 6349   !   4       java.lang.ClassLoader::loadClass (121 bytes)
 total in heap  [0x0000026797c91e90,0x0000026797c947b8] = 10536
 relocation     [0x0000026797c91ff0,0x0000026797c921a8] = 440
 main code      [0x0000026797c921c0,0x0000026797c93788] = 5576
 stub code      [0x0000026797c93788,0x0000026797c93828] = 160
 oops           [0x0000026797c93828,0x0000026797c93868] = 64
 metadata       [0x0000026797c93868,0x0000026797c939d0] = 360
 scopes data    [0x0000026797c939d0,0x0000026797c94238] = 2152
 scopes pcs     [0x0000026797c94238,0x0000026797c945a8] = 880
 dependencies   [0x0000026797c945a8,0x0000026797c945e8] = 64
 handler table  [0x0000026797c945e8,0x0000026797c94768] = 384
 nul chk table  [0x0000026797c94768,0x0000026797c947b8] = 80
stack at sp + 6 slots: 0x0000026797c91e90 is at entry_point+-816 in (nmethod*)0x0000026797c91e90
Compiled method (c2) 30533 6349   !   4       java.lang.ClassLoader::loadClass (121 bytes)
 total in heap  [0x0000026797c91e90,0x0000026797c947b8] = 10536
 relocation     [0x0000026797c91ff0,0x0000026797c921a8] = 440
 main code      [0x0000026797c921c0,0x0000026797c93788] = 5576
 stub code      [0x0000026797c93788,0x0000026797c93828] = 160
 oops           [0x0000026797c93828,0x0000026797c93868] = 64
 metadata       [0x0000026797c93868,0x0000026797c939d0] = 360
 scopes data    [0x0000026797c939d0,0x0000026797c94238] = 2152
 scopes pcs     [0x0000026797c94238,0x0000026797c945a8] = 880
 dependencies   [0x0000026797c945a8,0x0000026797c945e8] = 64
 handler table  [0x0000026797c945e8,0x0000026797c94768] = 384
 nul chk table  [0x0000026797c94768,0x0000026797c947b8] = 80
stack at sp + 7 slots: 0x0 is null


Compiled method (n/a) 30542  837     n 0       java.lang.ClassLoader::defineClass1 (native)
 total in heap  [0x0000026797980790,0x0000026797980c18] = 1160
 relocation     [0x00000267979808f0,0x0000026797980928] = 56
 main code      [0x0000026797980940,0x0000026797980c16] = 726
 stub code      [0x0000026797980c16,0x0000026797980c18] = 2

[Constant Pool (empty)]

[MachCode]
[Entry Point]
  # {method} {0x000002679f436f00} 'defineClass1' '(Ljava/lang/ClassLoader;Ljava/lang/String;[BIILjava/security/ProtectionDomain;Ljava/lang/String;)Ljava/lang/Class;' in 'java/lang/ClassLoader'
  # parm0:    rdx:rdx   = 'java/lang/ClassLoader'
  # parm1:    r8:r8     = 'java/lang/String'
  # parm2:    r9:r9     = '[B'
  # parm3:    rdi       = int
  # parm4:    rsi       = int
  # parm5:    rcx:rcx   = 'java/security/ProtectionDomain'
  # parm6:    [sp+0xa0]   = 'java/lang/String'  (sp of caller)
  0x0000026797980940: 448b 5208 | 49bb 0000 | 009f 6702 | 0000 4d03 | d349 3bc2 | 0f84 0600 

  0x0000026797980958: ;   {runtime_call ic_miss_stub}
  0x0000026797980958: 0000 e921 | dba4 ff90 
[Verified Entry Point]
  0x0000026797980960: 8984 2400 | 80ff ff55 | 488b ec48 | 81ec 9000 | 0000 6690 | 4181 7f20 | 0400 0000 

  0x000002679798097c: ;   {runtime_call StubRoutines (final stubs)}
  0x000002679798097c: 7405 e85d | 80a3 ff48 | 837d 1000 | 488d 4510 | 480f 4445 | 1048 8944 | 2440 4889 | 4c24 7048 
  0x000002679798099c: 83f9 0048 | 8d44 2470 | 480f 4444 | 2470 4889 | 4424 3848 | 8974 2430 | 4889 7c24 | 284c 894c 
  0x00000267979809bc: 2458 4983 | f900 488d | 4424 5848 | 0f44 4424 | 5848 8944 | 2420 4c89 | 4424 5049 | 83f8 004c 
  0x00000267979809dc: 8d4c 2450 | 4c0f 444c | 2450 4889 | 5424 4848 | 83fa 004c | 8d44 2448 | 4c0f 4444 

  0x00000267979809f8: ;   {oop(a 'java/lang/Class'{0x00000000d589db28} = 'java/lang/ClassLoader')}
  0x00000267979809f8: 2448 49be | 28db 89d5 | 0000 0000 | 4c89 7424 | 784c 8d74 | 2478 498b | d6c5 f877 

  0x0000026797980a14: ;   {internal_word}
  0x0000026797980a14: 49ba 110a | 9897 6702 | 0000 4d89 | 97a0 0300 | 0049 89a7 | 9803 0000 

  0x0000026797980a2c: ;   {external_word}
  0x0000026797980a2c: 49ba 691e | 45b7 f87f | 0000 4180 | 3a00 0f84 | 4e00 0000 | 5241 5041 

  0x0000026797980a44: ;   {metadata({method} {0x000002679f436f00} 'defineClass1' '(Ljava/lang/ClassLoader;Ljava/lang/String;[BIILjava/security/ProtectionDomain;Ljava/lang/String;)Ljava/lang/Class;' in 'java/lang/ClassLoader')}
  0x0000026797980a44: 5148 baf8 | 6e43 9f67 | 0200 0049 | 8bcf 4883 | ec20 40f6 | c40f 0f84 | 1900 0000 | 4883 ec08 
  0x0000026797980a64: ;   {runtime_call}
  0x0000026797980a64: 48b8 008c | eeb6 f87f | 0000 ffd0 | 4883 c408 | e90c 0000 

  0x0000026797980a78: ;   {runtime_call}
  0x0000026797980a78: 0048 b800 | 8cee b6f8 | 7f00 00ff | d048 83c4 | 2041 5941 | 585a 498d | 8fb8 0300 | 0041 c787 
  0x0000026797980a98: 4404 0000 | 0400 0000 

  0x0000026797980aa0: ;   {runtime_call}
  0x0000026797980aa0: 48b8 d016 | ef27 f97f | 0000 ffd0 | c5f8 7741 | c787 4404 | 0000 0500 | 0000 f083 | 4424 c000 
  0x0000026797980ac0: 493b af48 | 0400 000f | 870e 0000 | 0041 83bf | 4004 0000 | 000f 842b | 0000 00c5 | f877 4889 
  0x0000026797980ae0: 45f8 498b | cf4c 8be4 | 4883 ec20 | 4883 e4f0 

  0x0000026797980af0: ;   {runtime_call}
  0x0000026797980af0: 48b8 a0e1 | b9b6 f87f | 0000 ffd0 | 498b e44d | 33e4 488b | 45f8 41c7 | 8744 0400 | 0008 0000 
  0x0000026797980b10: 0041 83bf | c004 0000 | 020f 84ca 

  0x0000026797980b1c: ;   {external_word}
  0x0000026797980b1c: 0000 0049 | ba69 1e45 | b7f8 7f00 | 0041 803a | 000f 844c | 0000 0048 

  0x0000026797980b34: ;   {metadata({method} {0x000002679f436f00} 'defineClass1' '(Ljava/lang/ClassLoader;Ljava/lang/String;[BIILjava/security/ProtectionDomain;Ljava/lang/String;)Ljava/lang/Class;' in 'java/lang/ClassLoader')}
  0x0000026797980b34: 8945 f848 | baf8 6e43 | 9f67 0200 | 0049 8bcf | 4883 ec20 | 40f6 c40f | 0f84 1900 | 0000 4883 
  0x0000026797980b54: ;   {runtime_call}
  0x0000026797980b54: ec08 48b8 | 008c eeb6 | f87f 0000 | ffd0 4883 | c408 e90c 

  0x0000026797980b68: ;   {runtime_call}
  0x0000026797980b68: 0000 0048 | b800 8cee | b6f8 7f00 | 00ff d048 | 83c4 2048 | 8b45 f849 | c787 9803 | 0000 0000 
  0x0000026797980b88: 0000 49c7 | 87a0 0300 | 0000 0000 | 00c5 f877 | 4885 c00f | 8425 0000 | 00a8 030f | 8508 0000 
  0x0000026797980ba8: 0048 8b00 | e915 0000 | 00a8 010f | 8509 0000 | 0048 8b40 | fee9 0400 | 0000 488b | 40ff 498b 
  0x0000026797980bc8: 8f28 0400 | 00c7 8100 | 0100 0000 | 0000 00c9 | 4983 7f08 | 000f 8501 | 0000 00c3 

  0x0000026797980be4: ;   {runtime_call StubRoutines (initial stubs)}
  0x0000026797980be4: e917 03a0 | ffc5 f877 | 4889 45f8 | 4c8b e448 | 83ec 2048 

  0x0000026797980bf8: ;   {runtime_call}
  0x0000026797980bf8: 83e4 f048 | b830 c3ee | b6f8 7f00 | 00ff d049 | 8be4 4d33 | e448 8b45 | f8e9 09ff | ffff f4f4 
[/MachCode]


Compiled method (c2) 30574 6207       4       java.security.SecureClassLoader::defineClass (16 bytes)
 total in heap  [0x0000026797c67610,0x0000026797c6b5e8] = 16344
 relocation     [0x0000026797c67770,0x0000026797c67a40] = 720
 main code      [0x0000026797c67a40,0x0000026797c69b60] = 8480
 stub code      [0x0000026797c69b60,0x0000026797c69c88] = 296
 oops           [0x0000026797c69c88,0x0000026797c69ca8] = 32
 metadata       [0x0000026797c69ca8,0x0000026797c69e50] = 424
 scopes data    [0x0000026797c69e50,0x0000026797c6ac60] = 3600
 scopes pcs     [0x0000026797c6ac60,0x0000026797c6b280] = 1568
 dependencies   [0x0000026797c6b280,0x0000026797c6b298] = 24
 handler table  [0x0000026797c6b298,0x0000026797c6b568] = 720
 nul chk table  [0x0000026797c6b568,0x0000026797c6b5e8] = 128

[Constant Pool (empty)]

[MachCode]
[Entry Point]
  # {method} {0x000002679f04dfa8} 'defineClass' '(Ljava/lang/String;[BIILjava/security/CodeSource;)Ljava/lang/Class;' in 'java/security/SecureClassLoader'
  # this:     rdx:rdx   = 'java/security/SecureClassLoader'
  # parm0:    r8:r8     = 'java/lang/String'
  # parm1:    r9:r9     = '[B'
  # parm2:    rdi       = int
  # parm3:    rsi       = int
  # parm4:    rcx:rcx   = 'java/security/CodeSource'
  #           [sp+0xc0]  (sp of caller)
  0x0000026797c67a40: 448b 5208 | 49bb 0000 | 009f 6702 | 0000 4d03 | d349 3bc2 

  0x0000026797c67a54: ;   {runtime_call ic_miss_stub}
  0x0000026797c67a54: 0f85 266a | 76ff 6690 | 0f1f 4000 
[Verified Entry Point]
  0x0000026797c67a60: 8984 2400 | 80ff ff55 | 4881 ecb0 | 0000 0090 | 4181 7f20 | 0400 0000 | 0f85 d620 | 0000 8974 
  0x0000026797c67a80: 2444 897c | 2440 4c89 | 4c24 384c | 8944 2430 | 4889 5424 | 2848 8be9 | 4885 c90f | 8413 1900 
  0x0000026797c67aa0: 004d 8b87 | b801 0000 | 4d8b d049 | 83c2 104d | 3b97 c801 | 0000 0f83 | 1d12 0000 | 4d89 97b8 
  0x0000026797c67ac0: 0100 0041 | 0f18 8200 | 0100 0049 | c700 0100 

  0x0000026797c67ad0: ;   {metadata('java/security/SecureClassLoader$CodeSourceKey')}
  0x0000026797c67ad0: 0000 41c7 | 4008 58d0 | 1100 4c8b | d545 8950 | 0c4d 8b8f | b801 0000 | 4c8b 5424 | 2841 8b6a 
  0x0000026797c67af0: 504d 8bd1 | 4983 c210 | 4d3b 97c8 | 0100 000f | 83a5 1100 | 004d 8997 | b801 0000 | 410f 1882 
  0x0000026797c67b10: 0001 0000 | 49c7 0101 

  0x0000026797c67b18: ;   {metadata('java/security/SecureClassLoader$1')}
  0x0000026797c67b18: 0000 0041 | c741 08f0 | d511 004c | 8b54 2428 | 4589 510c 

  0x0000026797c67b2c: ; implicit exception: dispatches to 0x0000026797c6986c
  0x0000026797c67b2c: 448b 5508 

  0x0000026797c67b30: ;   {metadata('java/util/concurrent/ConcurrentHashMap')}
  0x0000026797c67b30: 4181 fa90 | 4206 000f | 8577 1500 | 0048 8bd5 

  0x0000026797c67b40: ;   {optimized virtual_call}
  0x0000026797c67b40: c5f8 77e8 

  0x0000026797c67b44: ; ImmutableOopMap {[40]=Oop [48]=Oop [56]=Oop }
                      ;*invokeinterface computeIfAbsent {reexecute=0 rethrow=0 return_oop=1}
                      ; - java.security.SecureClassLoader::getProtectionDomain@28 (line 222)
                      ; - java.security.SecureClassLoader::defineClass@9 (line 150)
  0x0000026797c67b44: f87c 1400 

  0x0000026797c67b48: ;   {other}
  0x0000026797c67b48: 0f1f 8400 | 3805 0000 

  0x0000026797c67b50: ; implicit exception: dispatches to 0x0000026797c6988c
  0x0000026797c67b50: 448b 5808 

  0x0000026797c67b54: ;   {metadata('java/security/ProtectionDomain')}
  0x0000026797c67b54: 4181 fbe8 | 5800 000f | 85b7 1c00 | 0048 8984 | 2488 0000 | 004c 8b54 | 2430 418b | 6a14 448b 
  0x0000026797c67b74: 450c 4585 | c00f 8689 | 1500 0045 | 0fbe 5a10 | c4c2 22f7 | f848 8bd5 | 4585 db0f | 8517 0f00 
  0x0000026797c67b94: 0041 3bf8 | 448b d745 | 0f4f d045 | 85d2 0f8e | 2f0f 0000 | 453b c20f | 82db 1500 | 0048 8d7d 
  0x0000026797c67bb4: 1041 8bd2 | b82f 0000 | 0048 8bdf | 83fa 100f | 8c79 0000 | 0083 fa20 | 0f8c 3600 | 0000 c5f9 
  0x0000026797c67bd4: 6ec0 c4e2 | 7d78 c0c5 | edef d28b | ca83 e1e0 | 83e2 1fc5 | fe6f 0bc5 | f574 c8c4 | e27d 17d1 
  0x0000026797c67bf4: 0f83 6900 | 0000 4883 | c320 83e9 | 2075 e4e9 | 0d00 0000 | c5f9 6ec0 | c5e9 efd2 | c4e2 7900 
  0x0000026797c67c14: c283 fa10 | 0f8c 2400 | 0000 8bca | 83e1 f083 | e20f c5fa | 6f0b c5f1 | 74c8 c4e2 | 7917 d10f 
  0x0000026797c67c34: 832a 0000 | 0048 83c3 | 1083 e910 | 75e4 85d2 | 0f84 1200 | 0000 0fb6 | 0b3b c174 

  0x0000026797c67c50: ;   {no_reloc}
  0x0000026797c67c50: 1c48 83c3 | 0183 ea01 | 7402 ebee | bbff ffff | ffeb 0dc5 | fdd7 c90f | bcc1 4803 | d848 2bdf 
  0x0000026797c67c70: 83fb ff0f | 8583 1600 | 004c 8b54 | 2430 458b | 5a14 4180 | 7a10 000f | 8597 1400 | 0041 8b6b 
  0x0000026797c67c90: 0c85 ed0f | 86af 1400 | 0045 0fb6 | 5b10 4183 | fb5b 0f84 | 4017 0000 | 4c8b 5424 | 3045 8b42 
  0x0000026797c67cb0: 1445 8b50 | 0c4c 8b5c | 2430 410f | be73 10c4 | c24a f7fa | 498b d04d | 8d48 1044 | 8d5f fb45 
  0x0000026797c67cd0: 85db 7c1c | 85f6 0f85 | e017 0000 | 4183 fa04 | 0f86 c214 | 0000 4180 | 396a 0f84 | 300c 0000 
  0x0000026797c67cf0: 488b 5c24 | 284c 8b9c | 2488 0000 | 0045 8b73 | 1044 8d5f | ff85 f60f | 850f 1600 | 0041 8d4a 
  0x0000026797c67d10: ff41 3bcb | 410f 4fcb | 85c9 0f8c | 9f00 0000 | 4585 d20f | 8663 1300 | 0041 3bca | 0f83 5a13 
  0x0000026797c67d30: 0000 85c9 | 0f8e 2a14 | 0000 448d | 59ff 410f | be74 0810 | 83fe 2e0f | 8473 0c00 | 00ff c941 
  0x0000026797c67d50: ;   {no_reloc}
  0x0000026797c67d50: 3bcb 7fea | 83f9 027e | 470f 1f80 | 0000 0000 | 4c63 d943 | 0fbe 7418 | 1083 fe2e | 7459 470f 
  0x0000026797c67d70: be5c 180f | 4183 fb2e | 7452 448d | 59fe 430f | be44 1810 | 83f8 2e74 | 4744 8d59 | fd43 0fbe 
  0x0000026797c67d90: 7418 1083 | fe2e 7438 | 83c1 fc83 | f902 7fc0 | 83f9 ff7e | 1a66 6690 | 450f be5c | 0810 4183 
  0x0000026797c67db0: fb2e 0f84 | b00e 0000 | ffc9 83f9 | ff7f e941 | bbff ffff | ffeb 0944 | 8bd9 eb04 | 448d 59ff 
  0x0000026797c67dd0: 4183 fbff | 0f84 dd0d | 0000 4585 | db0f 8c79 | 1500 0044 | 3bdf 0f8f | 7c16 0000 | 443b df0f 
  0x0000026797c67df0: 84af 0a00 | 0045 85db | 0f84 e30c | 0000 498b | b7b8 0100 | 0048 8bce | 4883 c118 | 493b 8fc8 
  0x0000026797c67e10: 0100 000f | 83e3 0e00 | 0049 898f | b801 0000 | 0f18 8100 | 0100 0048 | c706 0100 

  0x0000026797c67e2c: ;   {metadata('java/lang/String')}
  0x0000026797c67e2c: 0000 c746 | 0870 ea00 | 0044 8966 | 0c4c 8966 | 1045 3bda | 0f85 9500 | 0000 4d63 | da41 81fa 
  0x0000026797c67e4c: 0000 1000 | 0f87 0b11 | 0000 498b | bfb8 0100 | 0049 8d4b | 1748 83e1 | f848 8bc7 | 4803 c149 
  0x0000026797c67e6c: 3b87 c801 | 0000 0f83 | e910 0000 | 4989 87b8 | 0100 000f | 1880 0001 | 0000 48c7 | 0701 0000 
  0x0000026797c67e8c: 000f 1880 | 4001 0000 

  0x0000026797c67e94: ;   {metadata({type array byte})}
  0x0000026797c67e94: c747 0818 | 2300 0044 | 8957 0c0f | 1880 8001 | 0000 488b | d748 83c2 | 1049 83c3 | 0749 c1eb 
  0x0000026797c67eb4: 0349 8bc9 | 4d8b c3c5 | f877 49ba | 6074 3b97 | 6702 0000 

  0x0000026797c67ec8: ;   {other}
  0x0000026797c67ec8: 41ff d20f | 1f84 0000 | 0000 004c | 8bef e9d3 | 0000 0041 | 81fb 0000 | 1000 0f87 | 7413 0000 
  0x0000026797c67ee8: 4963 c345 | 3bd3 418b | ea41 0f4f | eb44 3bd5 | 0f82 d213 | 0000 443b | dd0f 82c9 | 1300 0048 
  0x0000026797c67f08: 83c0 174c | 8bc0 4983 | e0f8 4181 | fb00 0010 | 000f 8773 | 0e00 004d | 8baf b801 | 0000 4d8b 
  0x0000026797c67f28: d54d 03d0 | 4d3b 97c8 | 0100 000f | 8359 0e00 | 004d 8997 | b801 0000 | 410f 1882 | 0001 0000 
  0x0000026797c67f48: 49c7 4500 | 0100 0000 | 410f 1882 | 4001 0000 

  0x0000026797c67f58: ;   {metadata({type array byte})}
  0x0000026797c67f58: 41c7 4508 | 1823 0000 | 4589 5d0c | 410f 1882 | 8001 0000 | 4d8b d549 | 83c2 1048 | c1e8 0385 
  0x0000026797c67f78: ed0f 84e5 | 1200 0041 | 3beb 0f8c | 860b 0000 | 4983 c0f0 | 49c1 e803 | 498b c949 | 8bd2 c5f8 
  0x0000026797c67f98: 7749 ba60 | 743b 9767 | 0200 0041 

  0x0000026797c67fa4: ;   {other}
  0x0000026797c67fa4: ffd2 0f1f | 8400 0000 | 0000 4488 | 6610 4d8b | dd44 895e | 144c 8bd6 | 49c1 ea09 | 49bb 0000 
  0x0000026797c67fc4: af86 6702 | 0000 4788 | 2413 418b | 6e14 85ed | 0f85 2e14 | 0000 418b | 6e10 85ed | 0f85 5214 
  0x0000026797c67fe4: 0000 448b | 532c 4585 | d20f 8450 | 1000 0048 | 895c 2420 | 498b d2bf | 0100 0000 

  0x0000026797c68000: ;   {oop(a 'java/security/cert/Certificate'[0] {0x00000000d58a3208})}
  0x0000026797c68000: 49b9 0832 | 8ad5 0000 | 0000 4c8b | c666 6690 

  0x0000026797c68010: ;   {optimized virtual_call}
  0x0000026797c68010: c5f8 77e8 

  0x0000026797c68014: ; ImmutableOopMap {[32]=Oop [40]=Oop [48]=Oop [56]=Oop [136]=Oop }
                      ;*invokevirtual putVal {reexecute=0 rethrow=0 return_oop=1}
                      ; - java.util.concurrent.ConcurrentHashMap::putIfAbsent@4 (line 1541)
                      ; - java.lang.ClassLoader::checkCerts@62 (line 1171)
                      ; - java.lang.ClassLoader::preDefineClass@113 (line 917)
                      ; - java.lang.ClassLoader::defineClass@4 (line 1025)
                      ; - java.security.SecureClassLoader::defineClass@12 (line 150)
  0x0000026797c68014: a8c9 0e00 

  0x0000026797c68018: ;   {other}
  0x0000026797c68018: 0f1f 8400 | 080a 0001 | 4885 c074 | 1c44 8b50 

  0x0000026797c68028: ;   {metadata('java/security/cert/Certificate'[])}
  0x0000026797c68028: 0841 81fa | 985b 1000 | 0f85 1618 | 0000 8b68 | 0c85 ed0f | 875b 1400 | 004c 8b94 | 2488 0000 
  0x0000026797c68048: 0045 8b52 | 1041 8b6a | 0c44 8b5d | 3845 85db | 0f84 fe0f | 0000 498b | d34c 8bc5 

  0x0000026797c68064: ;   {optimized virtual_call}
  0x0000026797c68064: c5f8 77e8 

  0x0000026797c68068: ; ImmutableOopMap {[40]=Oop [48]=Oop [56]=Oop [136]=Oop }
                      ;*invokevirtual toExternalForm {reexecute=0 rethrow=0 return_oop=1}
                      ; - java.net.URL::toExternalForm@5 (line 1203)
                      ; - java.net.URL::toString@1 (line 1189)
                      ; - java.lang.ClassLoader::defineClassSourceLocation@22 (line 927)
                      ; - java.lang.ClassLoader::defineClass@12 (line 1026)
                      ; - java.security.SecureClassLoader::defineClass@12 (line 150)
  0x0000026797c68068: 1404 d1ff 

  0x0000026797c6806c: ;   {other}
  0x0000026797c6806c: 0f1f 8400 | 5c0a 0002 | 488b 5424 | 284c 8b44 | 2430 4c8b | 4c24 388b | 7c24 408b | 7424 4448 
  0x0000026797c6808c: 8b8c 2488 | 0000 0048 | 8904 2490 

  0x0000026797c68098: ;   {static_call}
  0x0000026797c68098: c5f8 77e8 

  0x0000026797c6809c: ; ImmutableOopMap {[40]=Oop [136]=Oop }
                      ;*invokestatic defineClass1 {reexecute=0 rethrow=0 return_oop=1}
                      ; - java.lang.ClassLoader::defineClass@27 (line 1027)
                      ; - java.security.SecureClassLoader::defineClass@12 (line 150)
  0x0000026797c6809c: c088 d1ff 

  0x0000026797c680a0: ;   {other}
  0x0000026797c680a0: 0f1f 8400 | 900a 0003 | 4889 4424 | 6044 8b58 | 3c45 85db | 7408 498b | c3e9 4c03 | 0000 4c8b 
  0x0000026797c680c0: 5010 458b | 4208 4585 | c00f 8c29 | 1100 0044 | 8b58 2c45 | 85db 0f84 | a208 0000 | 458b 4b14 
  0x0000026797c680e0: ; implicit exception: dispatches to 0x0000026797c69950
  0x0000026797c680e0: 418b 490c | 410f be7b | 10c4 6242 | f7c1 458d | 50ff 85ff | 0f85 9614 | 0000 8d59 | ff41 3bda 
  0x0000026797c68100: 410f 4fda | 85db 0f8c | e409 0000 | 85c9 0f86 | b810 0000 | 3bd9 0f83 | b010 0000 | 85db 0f8e 
  0x0000026797c68120: f410 0000 

  0x0000026797c68124: ;   {oop(""{0x00000000d589f678})}
  0x0000026797c68124: 8d7b ff48 | b878 f689 | d500 0000 | 0041 0fbe | 5419 1083 | fa2e 0f84 | 6409 0000 | ffcb 3bdf 
  0x0000026797c68144: 7feb 83fb | 027e 450f | 1f44 0000 | 4c63 d343 | 0fbe 7c11 | 1083 ff2e | 7459 470f | be54 110f 
  0x0000026797c68164: 4183 fa2e | 7452 448d | 53fe 430f | be54 1110 | 83fa 2e74 | 4744 8d53 | fd43 0fbe | 7c11 1083 
  0x0000026797c68184: ff2e 7438 | 83c3 fc83 | fb02 7fc0 | 83fb ff7e | 1a66 6690 | 450f be54 | 1910 4183 | fa2e 0f84 
  0x0000026797c681a4: c80a 0000 | ffcb 83fb | ff7f e941 | baff ffff | ffeb 0944 | 8bd3 eb04 | 448d 53ff | 4183 faff 
  0x0000026797c681c4: 0f84 e209 | 0000 4585 | d20f 8cf1 | 1300 0045 | 3bd0 0f8f | 4c14 0000 | 453b d00f | 8491 0700 
  0x0000026797c681e4: 0045 85d2 | 0f84 1109 | 0000 498b | 9fb8 0100 | 004c 8bdb | 4983 c318 | 4d3b 9fc8 | 0100 000f 
  0x0000026797c68204: 8333 0c00 | 004d 899f | b801 0000 | 410f 1883 | 0001 0000 | 48c7 0301 

  0x0000026797c6821c: ;   {metadata('java/lang/String')}
  0x0000026797c6821c: 0000 00c7 | 4308 70ea | 0000 4489 | 630c 4c89 | 6310 4d8b | d94c 899c | 2480 0000 | 0049 8d71 
  0x0000026797c6823c: 1044 3bd1 | 0f85 9300 | 0000 4c63 | c181 f900 | 0010 000f | 879b 0d00 | 0049 8bbf | b801 0000 
  0x0000026797c6825c: 4d8d 5017 | 4983 e2f8 | 4c8b df4d | 03da 4d3b | 9fc8 0100 | 000f 8379 | 0d00 004d | 899f b801 
  0x0000026797c6827c: 0000 410f | 1883 0001 | 0000 48c7 | 0701 0000 | 0041 0f18 | 8340 0100 

  0x0000026797c68294: ;   {metadata({type array byte})}
  0x0000026797c68294: 00c7 4708 | 1823 0000 | 894f 0c41 | 0f18 8380 | 0100 0048 | 8bd7 4883 | c210 4983 | c007 49c1 
  0x0000026797c682b4: e803 488b | cec5 f877 | 49ba 6074 | 3b97 6702 | 0000 41ff 

  0x0000026797c682c8: ;   {other}
  0x0000026797c682c8: d20f 1f84 | 0000 0000 | 004c 8bef | e9d1 0000 | 0041 81fa | 0000 1000 | 0f87 f211 | 0000 4d63 
  0x0000026797c682e8: da41 3bca | 8be9 410f | 4fea 3bcd | 0f82 5212 | 0000 443b | d50f 8249 | 1200 0049 | 83c3 174d 
  0x0000026797c68308: 8bcb 4983 | e1f8 4181 | fa00 0010 | 000f 879a | 0b00 004d | 8baf b801 | 0000 4d8b | c54d 03c1 
  0x0000026797c68328: 4d3b 87c8 | 0100 000f | 8380 0b00 | 004d 8987 | b801 0000 | 410f 1880 | 0001 0000 | 49c7 4500 
  0x0000026797c68348: 0100 0000 | 410f 1880 | 4001 0000 

  0x0000026797c68354: ;   {metadata({type array byte})}
  0x0000026797c68354: 41c7 4508 | 1823 0000 | 4589 550c | 410f 1880 | 8001 0000 | 498b d548 | 83c2 1049 | c1eb 0385 
  0x0000026797c68374: ed0f 8465 | 1100 0041 | 3bea 0f8c | 4208 0000 | 4983 c1f0 | 49c1 e903 | 488b ce4d | 8bc1 c5f8 
  0x0000026797c68394: 7749 ba60 | 743b 9767 | 0200 0041 

  0x0000026797c683a0: ;   {other}
  0x0000026797c683a0: ffd2 0f1f | 8400 0000 | 0000 4488 | 6310 4d8b | d544 8953 | 144c 8bd3 | 49c1 ea09 | 49bb 0000 
  0x0000026797c683c0: af86 6702 | 0000 4788 | 2413 488b | d34c 8b54 | 2460 4c89 | 5424 204c | 8954 2430 

  0x0000026797c683dc: ;   {optimized virtual_call}
  0x0000026797c683dc: c5f8 77e8 

  0x0000026797c683e0: ; ImmutableOopMap {[32]=Oop [40]=Oop [48]=Oop [96]=Oop [136]=Oop }
                      ;*invokevirtual intern {reexecute=0 rethrow=0 return_oop=1}
                      ; - java.lang.Class::getPackageName@65 (line 1169)
                      ; - java.lang.ClassLoader::postDefineClass@2 (line 934)
                      ; - java.lang.ClassLoader::defineClass@37 (line 1028)
                      ; - java.security.SecureClassLoader::defineClass@12 (line 150)
  0x0000026797c683e0: dcf5 ccff 

  0x0000026797c683e4: ;   {other}
  0x0000026797c683e4: 0f1f 8400 | d40d 0004 | 4c8b d84c | 8b54 2460 | 4589 5a3c | 49c1 ea09 | 49bb 0000 | af86 6702 
  0x0000026797c68404: 0000 4788 | 2413 4c8b | 5424 2845 | 8b52 3845 | 85d2 0f84 | 580c 0000 | 4c8b d88b | 400c 4c8b 
  0x0000026797c68424: 4424 6045 | 8b48 3085 | c00f 847b | 0400 0045 | 8b42 2845 | 85c0 0f84 | de00 0000 | 418b 480c 
  0x0000026797c68444: 85c9 0f86 | 400f 0000 | 448b d041 | c1ea 1044 | 33d0 ffc9 | 4181 e2ff | ffff 7f41 | 23ca 4863 
  0x0000026797c68464: c945 8b44 | 8810 4585 | c00f 84ab | 0000 0041 | 8b68 0c41 | 3bea 0f84 | 9102 0000 | 85ed 0f8c 
  0x0000026797c68484: 8812 0000 | 418b 4818 | 85c9 0f84 | 8a00 0000 | 488b f98b | 5f0c 498b | 9750 0400 

  0x0000026797c684a0: ; ImmutableOopMap {r11=Oop r9=NarrowOop rdi=Oop [40]=Oop [96]=Oop [136]=Oop }
                      ;*if_icmpne {reexecute=1 rethrow=0 return_oop=0}
                      ; - (reexecute) java.util.concurrent.ConcurrentHashMap::get@127 (line 946)
                      ; - java.lang.ClassLoader::getNamedPackage@5 (line 341)
                      ; - java.lang.ClassLoader::postDefineClass@9 (line 934)
                      ; - java.lang.ClassLoader::defineClass@37 (line 1028)
                      ; - java.security.SecureClassLoader::defineClass@12 (line 150)
                      ;   {poll}
  0x0000026797c684a0: 0085 0241 | 3bda 740e | 448b 4718 | 4585 c074 | 6d49 8bf8 | ebe1 8b6f | 104c 8bc5 | 4d3b c374 
  0x0000026797c684c0: 5285 ed0f | 84f7 1200 | 0048 897c | 2438 4489 | 5424 3444 | 894c 2430 | 4c8b c549 | 8bd3 498b 
  0x0000026797c684e0: eb66 6690 

  0x0000026797c684e4: ;   {optimized virtual_call}
  0x0000026797c684e4: c5f8 77e8 

  0x0000026797c684e8: ; ImmutableOopMap {rbp=Oop [40]=Oop [48]=NarrowOop [56]=Oop [96]=Oop [136]=Oop }
                      ;*invokevirtual equals {reexecute=0 rethrow=0 return_oop=0}
                      ; - java.util.concurrent.ConcurrentHashMap::get@149 (line 947)
                      ; - java.lang.ClassLoader::getNamedPackage@5 (line 341)
                      ; - java.lang.ClassLoader::postDefineClass@9 (line 934)
                      ; - java.lang.ClassLoader::defineClass@37 (line 1028)
                      ; - java.security.SecureClassLoader::defineClass@12 (line 150)
  0x0000026797c684e8: d467 dbff 

  0x0000026797c684ec: ;   {other}
  0x0000026797c684ec: 0f1f 8400 | dc0e 0006 | 4d8b 9750 

  0x0000026797c684f8: ; ImmutableOopMap {rbp=Oop [40]=Oop [48]=NarrowOop [56]=Oop [96]=Oop [136]=Oop }
                      ;*ifeq {reexecute=1 rethrow=0 return_oop=0}
                      ; - (reexecute) java.util.concurrent.ConcurrentHashMap::get@152 (line 947)
                      ; - java.lang.ClassLoader::getNamedPackage@5 (line 341)
                      ; - java.lang.ClassLoader::postDefineClass@9 (line 934)
                      ; - java.lang.ClassLoader::defineClass@37 (line 1028)
                      ; - java.security.SecureClassLoader::defineClass@12 (line 150)
                      ;   {poll}
  0x0000026797c684f8: 0400 0041 | 8502 85c0 | 0f84 7207 | 0000 4c8b | dd44 8b4c | 2430 488b | 7c24 388b | 6f14 85ed 
  0x0000026797c68518: 0f85 1c03 | 0000 498b | 87b8 0100 | 004c 8bd0 | 4983 c218 | 4d3b 97c8 | 0100 000f | 834d 0900 
  0x0000026797c68538: 004d 8997 | b801 0000 | 410f 1882 | 0001 0000 | 48c7 0001 

  0x0000026797c6854c: ;   {metadata('java/lang/NamedPackage')}
  0x0000026797c6854c: 0000 00c7 | 4008 e0c2 | 0100 4489 | 600c 4c89 | 6010 4c89 | 5c24 2044 | 894c 2430 | 4889 4424 
  0x0000026797c6856c: 3848 8b54 | 2420 6690 

  0x0000026797c68574: ;   {optimized virtual_call}
  0x0000026797c68574: c5f8 77e8 

  0x0000026797c68578: ; ImmutableOopMap {[32]=Oop [40]=Oop [48]=NarrowOop [56]=Oop [96]=Oop [136]=Oop }
                      ;*invokevirtual isEmpty {reexecute=0 rethrow=0 return_oop=0}
                      ; - java.lang.NamedPackage::<init>@5 (line 48)
                      ; - java.lang.ClassLoader::getNamedPackage@22 (line 343)
                      ; - java.lang.ClassLoader::postDefineClass@9 (line 934)
                      ; - java.lang.ClassLoader::defineClass@37 (line 1028)
                      ; - java.security.SecureClassLoader::defineClass@12 (line 150)
  0x0000026797c68578: 44d2 d2ff 

  0x0000026797c6857c: ;   {other}
  0x0000026797c6857c: 0f1f 8400 | 6c0f 0008 | 85c0 0f84 | 3c04 0000 | 448b 5424 | 3045 85d2 | 0f84 de0f | 0000 4c89 
  0x0000026797c6859c: 5424 4049 | 8bd2 6690 

  0x0000026797c685a4: ;   {optimized virtual_call}
  0x0000026797c685a4: c5f8 77e8 

  0x0000026797c685a8: ; ImmutableOopMap {[32]=Oop [40]=Oop [48]=NarrowOop [56]=Oop [64]=Oop [96]=Oop [136]=Oop }
                      ;*invokevirtual isNamed {reexecute=0 rethrow=0 return_oop=0}
                      ; - java.lang.NamedPackage::<init>@12 (line 48)
                      ; - java.lang.ClassLoader::getNamedPackage@22 (line 343)
                      ; - java.lang.ClassLoader::postDefineClass@9 (line 934)
                      ; - java.lang.ClassLoader::defineClass@37 (line 1028)
                      ; - java.security.SecureClassLoader::defineClass@12 (line 150)
  0x0000026797c685a8: 140c cdff 

  0x0000026797c685ac: ;   {other}
  0x0000026797c685ac: 0f1f 8400 | 9c0f 0009 | 85c0 0f84 | 0c04 0000 | 498b 87b8 | 0100 004c | 8bd0 4983 | c228 4d3b 
  0x0000026797c685cc: 97c8 0100 | 000f 8342 | 0900 004d | 8997 b801 | 0000 410f | 1882 0001 | 0000 48c7 | 0001 0000 
  0x0000026797c685ec: ;   {metadata('java/lang/InternalError')}
  0x0000026797c685ec: 00c7 4008 | 3009 0100 | 4489 600c | 4c89 6010 | 4c89 6018 | 4c89 6020 | 4889 4424 | 6849 8b87 
  0x0000026797c6860c: b801 0000 | 4c8b d049 | 83c2 184d | 3b97 c801 | 0000 0f83 | 1909 0000 | 4d89 97b8 | 0100 0041 
  0x0000026797c6862c: 0f18 8200 | 0100 0048 | c700 0100 

  0x0000026797c68638: ;   {metadata('java/lang/StringBuilder')}
  0x0000026797c68638: 0000 c740 | 0838 8200 | 0044 8960 | 0c4c 8960 | 1048 8be8 | 488b d54c | 8b54 2460 | 4c89 5424 
  0x0000026797c68658: 484c 8b54 | 2468 4c89 | 5424 5890 

  0x0000026797c68664: ;   {optimized virtual_call}
  0x0000026797c68664: c5f8 77e8 

  0x0000026797c68668: ; ImmutableOopMap {rbp=Oop [32]=Oop [40]=Oop [48]=NarrowOop [56]=Oop [64]=Oop [72]=Oop [88]=Oop [96]=Oop [104]=Oop [136]=Oop }
                      ;*invokespecial <init> {reexecute=0 rethrow=0 return_oop=0}
                      ; - java.lang.NamedPackage::<init>@26 (line 49)
                      ; - java.lang.ClassLoader::getNamedPackage@22 (line 343)
                      ; - java.lang.ClassLoader::postDefineClass@9 (line 934)
                      ; - java.lang.ClassLoader::defineClass@37 (line 1028)
                      ; - java.security.SecureClassLoader::defineClass@12 (line 150)
  0x0000026797c68668: 1461 76ff 

  0x0000026797c6866c: ;   {other}
  0x0000026797c6866c: 0f1f 8400 | 5c10 000a 

  0x0000026797c68674: ;   {oop("unnamed package in  "{0x00000000d58a1668})}
  0x0000026797c68674: 49b8 6816 | 8ad5 0000 | 0000 488b | d54c 8b54 | 2458 4c89 | 5424 5090 

  0x0000026797c6868c: ;   {optimized virtual_call}
  0x0000026797c6868c: c5f8 77e8 

  0x0000026797c68690: ; ImmutableOopMap {[32]=Oop [40]=Oop [48]=NarrowOop [56]=Oop [64]=Oop [80]=Oop [88]=Oop [96]=Oop [136]=Oop }
                      ;*invokevirtual append {reexecute=0 rethrow=0 return_oop=1}
                      ; - java.lang.NamedPackage::<init>@31 (line 49)
                      ; - java.lang.ClassLoader::getNamedPackage@22 (line 343)
                      ; - java.lang.ClassLoader::postDefineClass@9 (line 934)
                      ; - java.lang.ClassLoader::defineClass@37 (line 1028)
                      ; - java.security.SecureClassLoader::defineClass@12 (line 150)
  0x0000026797c68690: ec60 76ff 

  0x0000026797c68694: ;   {other}
  0x0000026797c68694: 0f1f 8400 | 8410 000b | 4885 c00f | 8453 0f00 | 0048 8bd0 | 4c8b 4424 | 404c 8b54 | 2450 4c89 
  0x0000026797c686b4: 5424 4090 

  0x0000026797c686b8: ;   {optimized virtual_call}
  0x0000026797c686b8: c5f8 77e8 

  0x0000026797c686bc: ; ImmutableOopMap {[32]=Oop [40]=Oop [48]=NarrowOop [56]=Oop [64]=Oop [80]=Oop [96]=Oop [136]=Oop }
                      ;*invokevirtual append {reexecute=0 rethrow=0 return_oop=1}
                      ; - java.lang.NamedPackage::<init>@35 (line 49)
                      ; - java.lang.ClassLoader::getNamedPackage@22 (line 343)
                      ; - java.lang.ClassLoader::postDefineClass@9 (line 934)
                      ; - java.lang.ClassLoader::defineClass@37 (line 1028)
                      ; - java.security.SecureClassLoader::defineClass@12 (line 150)
  0x0000026797c686bc: c060 76ff 

  0x0000026797c686c0: ;   {other}
  0x0000026797c686c0: 0f1f 8400 | b010 000c | 4885 c00f | 843f 0f00 | 0048 8bd0 

  0x0000026797c686d4: ;   {optimized virtual_call}
  0x0000026797c686d4: c5f8 77e8 

  0x0000026797c686d8: ; ImmutableOopMap {[32]=Oop [40]=Oop [48]=NarrowOop [56]=Oop [64]=Oop [96]=Oop [136]=Oop }
                      ;*invokevirtual toString {reexecute=0 rethrow=0 return_oop=1}
                      ; - java.lang.NamedPackage::<init>@38 (line 49)
                      ; - java.lang.ClassLoader::getNamedPackage@22 (line 343)
                      ; - java.lang.ClassLoader::postDefineClass@9 (line 934)
                      ; - java.lang.ClassLoader::defineClass@37 (line 1028)
                      ; - java.security.SecureClassLoader::defineClass@12 (line 150)
  0x0000026797c686d8: a460 76ff 

  0x0000026797c686dc: ;   {other}
  0x0000026797c686dc: 0f1f 8400 | cc10 000d | 488b 5424 | 404c 8bc0 

  0x0000026797c686ec: ;   {optimized virtual_call}
  0x0000026797c686ec: c5f8 77e8 

  0x0000026797c686f0: ; ImmutableOopMap {[32]=Oop [40]=Oop [48]=NarrowOop [56]=Oop [64]=Oop [96]=Oop [136]=Oop }
                      ;*invokespecial <init> {reexecute=0 rethrow=0 return_oop=0}
                      ; - java.lang.NamedPackage::<init>@41 (line 49)
                      ; - java.lang.ClassLoader::getNamedPackage@22 (line 343)
                      ; - java.lang.ClassLoader::postDefineClass@9 (line 934)
                      ; - java.lang.ClassLoader::defineClass@37 (line 1028)
                      ; - java.security.SecureClassLoader::defineClass@12 (line 150)
  0x0000026797c686f0: 8c60 76ff 

  0x0000026797c686f4: ;   {other}
  0x0000026797c686f4: 0f1f 8400 | e410 000e | 488b 5424 | 40c5 f877 | 4881 c4b0 | 0000 005d 

  0x0000026797c6870c: ;   {runtime_call _rethrow_Java}
  0x0000026797c6870c: e96f 8e82 | ff41 8b68 | 1048 8bcd | 493b cb0f | 840d 0100 | 008b 4d08 | 488b fd4c | 3bdf 0f84 
  0x0000026797c6872c: fe00 0000 

  0x0000026797c68730: ;   {metadata('java/lang/String')}
  0x0000026797c68730: 81f9 70ea | 0000 0f85 | 240f 0000 | 410f be5b | 100f be6f | 103b dd0f | 858b 0f00 | 008b 5714 
  0x0000026797c68750: 418b 5b14 | 8b7a 0c8b | 4b0c 3bcf | 0f85 fe0e | 0000 488b | fa48 8d72 | 1048 8bfb | 488d 7b10 
  0x0000026797c68770: 85c9 0f84 | 9d00 0000 | 8bc1 83e0 | 1f83 e1e0 | 0f84 4b00 | 0000 488d | 3c0f 488d | 340e 48f7 
  0x0000026797c68790: d9c5 fe6f | 040f c5fe | 6f0c 0ec5 | fdef c1c4 | e27d 17c0 | 0f85 7200 | 0000 4883 | c120 75e1 
  0x0000026797c687b0: 85c0 0f84 | 5d00 0000 | c5fe 6f44 | 07e0 c5fe | 6f4c 06e0 | c5fd efc1 | c4e2 7d17 | c075 4deb 
  0x0000026797c687d0: 448b c883 | e1fc 7419 | 488d 3c0f | 488d 340e | 48f7 d98b | 1c0f 3b1c | 0e75 3148 | 83c1 0475 
  0x0000026797c687f0: f2a8 0274 | 120f b71f | 0fb7 0e3b | d975 1d48 | 8d7f 0248 | 8d76 02a8 | 0174 0a0f | b61f 0fb6 
  0x0000026797c68810: 0e3b d975 | 07b8 0100 | 0000 eb02 | 33c0 c5fd | efc0 c5f5 | efc9 85c0 | 0f84 320e 

  0x0000026797c6882c: ;   {no_reloc}
  0x0000026797c6882c: 0000 418b | 6814 85ed | 0f84 e4fc | ffff 448b | 5508 49bb | 0000 009f | 6702 0000 | 4d03 da4d 
  0x0000026797c6884c: ;   {metadata('java/lang/NamedPackage')}
  0x0000026797c6884c: 8b53 3849 | bbe0 c201 | 9f67 0200 | 004d 3bd3 | 0f85 e209 | 0000 4c8b | 9424 8800 | 0000 458b 
  0x0000026797c6886c: 5210 418b | 6a14 85ed | 0f85 160e | 0000 418b | 6a10 85ed | 0f85 2e0e | 0000 488b | 4424 60c5 
  0x0000026797c6888c: f877 4881 | c4b0 0000 

  0x0000026797c68894: ;   {poll_return}
  0x0000026797c68894: 005d 493b | a748 0400 | 000f 879b | 1200 00c3 | 488b 7424 | 30e9 20f7 | ffff 450f | b643 1145 
  0x0000026797c688b4: 85c0 0f85 | a503 0000 | 450f be43 | 1045 85c0 | 0f85 7a0e | 0000 4489 | 4c24 344c | 895c 2420 
  0x0000026797c688d4: 458b 5b14 | 498b ea44 | 8954 2430 | 498b d34c | 8b54 2460 | 4c89 5424 | 3866 6690 

  0x0000026797c688f0: ;   {static_call}
  0x0000026797c688f0: c5f8 77e8 

  0x0000026797c688f4: ; ImmutableOopMap {rbp=Oop [32]=Oop [40]=Oop [48]=NarrowOop [52]=NarrowOop [56]=Oop [96]=Oop [136]=Oop }
                      ;*invokestatic hashCode {reexecute=0 rethrow=0 return_oop=0}
                      ; - java.lang.String::hashCode@27 (line 2369)
                      ; - java.util.concurrent.ConcurrentHashMap::get@1 (line 936)
                      ; - java.lang.ClassLoader::getNamedPackage@5 (line 341)
                      ; - java.lang.ClassLoader::postDefineClass@9 (line 934)
                      ; - java.lang.ClassLoader::defineClass@37 (line 1028)
                      ; - java.security.SecureClassLoader::defineClass@12 (line 150)
  0x0000026797c688f4: 8864 76ff 

  0x0000026797c688f8: ;   {other}
  0x0000026797c688f8: 0f1f 8400 | e812 000f | 85c0 0f84 | 8703 0000 | 4c8b 5c24 | 2041 8943 | 0c44 8b54 | 2430 448b 
  0x0000026797c68918: 4c24 34e9 | 13fb ffff | 4180 7811 | 610f 85c5 | f3ff ff41 | 8078 1276 | 0f85 baf3 | ffff 4180 
  0x0000026797c68938: 7813 610f | 85af f3ff | ff41 0fbe | 4814 83f9 | 2e0f 85a1 

  0x0000026797c6894c: ;   {oop(a 'jdk/internal/loader/ClassLoaders$PlatformClassLoader'{0x00000000d5867fb8})}
  0x0000026797c6894c: f3ff ff49 | bbb8 7f86 | d500 0000 | 0048 8b4c | 2428 493b | cb0f 858d 

  0x0000026797c68964: ;   {oop(a 'jdk/internal/loader/ClassLoaders$PlatformClassLoader'{0x00000000d5867fb8})}
  0x0000026797c68964: 0e00 0048 | bbb8 7f86 | d500 0000 | 00e9 7ff3 | ffff 498b | dbe9 4cfa | ffff 488b | d048 8944 
  0x0000026797c68984: 2430 4889 | 4424 4090 

  0x0000026797c6898c: ;   {optimized virtual_call}
  0x0000026797c6898c: c5f8 77e8 

  0x0000026797c68990: ; ImmutableOopMap {[40]=Oop [48]=Oop [64]=Oop [96]=Oop [136]=Oop }
                      ;*invokevirtual initClassName {reexecute=0 rethrow=0 return_oop=1}
                      ; - java.lang.Class::getName@14 (line 948)
                      ; - java.lang.Class::getPackageName@40 (line 1167)
                      ; - java.lang.ClassLoader::postDefineClass@2 (line 934)
                      ; - java.lang.ClassLoader::defineClass@37 (line 1028)
                      ; - java.security.SecureClassLoader::defineClass@12 (line 150)
  0x0000026797c68990: acb9 cfff 

  0x0000026797c68994: ;   {other}
  0x0000026797c68994: 0f1f 8400 | 8413 0010 | 4c8b d848 | 85c0 0f85 | 34f7 ffff | baf6 ffff | ff66 6690 

  0x0000026797c689b0: ;   {runtime_call UncommonTrapBlob}
  0x0000026797c689b0: c5f8 77e8 

  0x0000026797c689b4: ; ImmutableOopMap {}
                      ;*invokevirtual lastIndexOf {reexecute=0 rethrow=0 return_oop=0}
                      ; - java.lang.Class::getPackageName@47 (line 1168)
                      ; - java.lang.ClassLoader::postDefineClass@2 (line 934)
                      ; - java.lang.ClassLoader::defineClass@37 (line 1028)
                      ; - java.security.SecureClassLoader::defineClass@12 (line 150)
  0x0000026797c689b4: 48b0 76ff 

  0x0000026797c689b8: ;   {other}
  0x0000026797c689b8: 0f1f 8400 | a813 0011 | 448b d9e9 | 08f4 ffff | 488b 5424 | 2048 8b6c | 2460 6690 

  0x0000026797c689d4: ;   {optimized virtual_call}
  0x0000026797c689d4: c5f8 77e8 

  0x0000026797c689d8: ; ImmutableOopMap {rbp=Oop [32]=Oop [40]=Oop [48]=NarrowOop [56]=Oop [96]=Oop [136]=Oop }
                      ;*invokevirtual intern {reexecute=0 rethrow=0 return_oop=1}
                      ; - java.lang.NamedPackage::<init>@47 (line 51)
                      ; - java.lang.ClassLoader::getNamedPackage@22 (line 343)
                      ; - java.lang.ClassLoader::postDefineClass@9 (line 934)
                      ; - java.lang.ClassLoader::defineClass@37 (line 1028)
                      ; - java.security.SecureClassLoader::defineClass@12 (line 150)
  0x0000026797c689d8: e4ef ccff 

  0x0000026797c689dc: ;   {other}
  0x0000026797c689dc: 0f1f 8400 | cc13 0012 | 4c8b 5424 | 384c 8954 | 2448 448b | 5424 3044 | 8954 2440 | 4c8b 5424 
  0x0000026797c689fc: 3844 8b5c | 2430 4589 | 5a10 4c8b | d04c 8b5c | 2438 4589 | 530c 4d8b | d349 c1ea | 0949 bb00 
  0x0000026797c68a1c: 00af 8667 | 0200 0047 | 8824 134c | 8b54 2428 | 458b 5a38 | 4585 db0f | 8447 0d00 | 0049 8bd3 
  0x0000026797c68a3c: 4c8b 4424 | 204c 8b4c | 2438 6690 

  0x0000026797c68a48: ;   {optimized virtual_call}
  0x0000026797c68a48: c5f8 77e8 

  0x0000026797c68a4c: ; ImmutableOopMap {rbp=Oop [40]=Oop [64]=NarrowOop [72]=Oop [96]=Oop [136]=Oop }
                      ;*invokevirtual putIfAbsent {reexecute=0 rethrow=0 return_oop=1}
                      ; - java.lang.ClassLoader::getNamedPackage@32 (line 345)
                      ; - java.lang.ClassLoader::postDefineClass@9 (line 934)
                      ; - java.lang.ClassLoader::defineClass@37 (line 1028)
                      ; - java.security.SecureClassLoader::defineClass@12 (line 150)
  0x0000026797c68a4c: f0a9 d8ff 

  0x0000026797c68a50: ;   {other}
  0x0000026797c68a50: 0f1f 8400 | 4014 0013 | 4885 c00f | 8401 feff | ff44 8b58 | 0849 ba00 | 0000 9f67 | 0200 004d 
  0x0000026797c68a70: 03d3 4d8b 

  0x0000026797c68a74: ;   {metadata('java/lang/NamedPackage')}
  0x0000026797c68a74: 5238 49bb | e0c2 019f | 6702 0000 | 4d3b d30f | 8413 0d00 | 00ba deff | ffff 488b | e866 6690 
  0x0000026797c68a94: ;   {runtime_call UncommonTrapBlob}
  0x0000026797c68a94: c5f8 77e8 

  0x0000026797c68a98: ; ImmutableOopMap {rbp=Oop }
                      ;*checkcast {reexecute=0 rethrow=0 return_oop=0}
                      ; - java.lang.ClassLoader::getNamedPackage@35 (line 345)
                      ; - java.lang.ClassLoader::postDefineClass@9 (line 934)
                      ; - java.lang.ClassLoader::defineClass@37 (line 1028)
                      ; - java.security.SecureClassLoader::defineClass@12 (line 150)
  0x0000026797c68a98: 64af 76ff 

  0x0000026797c68a9c: ;   {other}
  0x0000026797c68a9c: 0f1f 8400 | 8c14 0014 | 448b d3e9 | 14f7 ffff | 41b8 2f00 | 0000 4533 | c948 8b6c | 2428 4c89 
  0x0000026797c68abc: 5424 2090 

  0x0000026797c68ac0: ;   {static_call}
  0x0000026797c68ac0: c5f8 77e8 

  0x0000026797c68ac4: ; ImmutableOopMap {rbp=Oop [32]=Oop [40]=Oop [48]=Oop [56]=Oop [136]=Oop }
                      ;*invokestatic indexOf {reexecute=0 rethrow=0 return_oop=0}
                      ; - java.lang.String::indexOf@33 (line 2462)
                      ; - java.lang.String::indexOf@3 (line 2405)
                      ; - java.lang.ClassLoader::checkName@16 (line 1157)
                      ; - java.lang.ClassLoader::preDefineClass@1 (line 900)
                      ; - java.lang.ClassLoader::defineClass@4 (line 1025)
                      ; - java.security.SecureClassLoader::defineClass@12 (line 150)
  0x0000026797c68ac4: b862 76ff 

  0x0000026797c68ac8: ;   {other}
  0x0000026797c68ac8: 0f1f 8400 | b814 0015 | 8bd8 e999 | f1ff ffbb | ffff ffff | e98f f1ff 

  0x0000026797c68ae0: ;   {oop(""{0x00000000d589f678})}
  0x0000026797c68ae0: ff48 be78 | f689 d500 | 0000 00e9 | def4 ffff 

  0x0000026797c68af0: ;   {oop(""{0x00000000d589f678})}
  0x0000026797c68af0: 48b8 78f6 | 89d5 0000 | 0000 e9b0 

  0x0000026797c68afc: ;   {oop(""{0x00000000d589f678})}
  0x0000026797c68afc: f6ff ff48 | bb78 f689 | d500 0000 | 00e9 bcf8 | ffff 4c63 | c54d 8d58 | 1049 8bcb | 4883 e1f8 
  0x0000026797c68b1c: 498b fd48 | 03f9 49c1 | eb03 492b | c348 8bc8 | 4833 c048 | 83f9 087f | 1048 ffc9 | 784f 4889 
  0x0000026797c68b3c: 04cf 48ff | c97d f7eb | 44c5 fdef | c0e9 0d00 | 0000 c5fe | 7f07 c5fe | 7f47 2048 | 83c7 4048 
  0x0000026797c68b5c: 83e9 087d | ed48 83c1 | 047c 0cc5 | fe7f 0748 | 83c7 2048 | 83e9 0448 | 83c1 047e | 1048 ffc9 
  0x0000026797c68b7c: c5f9 d607 | 4883 c708 | 48ff c97d | f349 8bc9 | 498b d2c5 | f877 49ba | c06d 3b97 | 6702 0000 
  0x0000026797c68b9c: ;   {other}
  0x0000026797c68b9c: 41ff d20f | 1f84 0000 | 0000 00e9 | 02f4 ffff 

  0x0000026797c68bac: ;   {oop(""{0x00000000d589f678})}
  0x0000026797c68bac: 41bb 78f6 | 89d5 e938 

  0x0000026797c68bb4: ;   {oop(""{0x00000000d589f678})}
  0x0000026797c68bb4: f8ff ff48 | be78 f689 | d500 0000 | 00e9 08f4 | ffff 4c63 | c54d 8d50 | 104d 8bca | 4983 e1f8 
  0x0000026797c68bd4: 498b fd49 | 03f9 49c1 | ea03 4d2b | da49 8bcb | 4833 c048 | 83f9 087f | 1048 ffc9 | 784f 4889 
  0x0000026797c68bf4: 04cf 48ff | c97d f7eb | 44c5 fdef | c0e9 0d00 | 0000 c5fe | 7f07 c5fe | 7f47 2048 | 83c7 4048 
  0x0000026797c68c14: 83e9 087d | ed48 83c1 | 047c 0cc5 | fe7f 0748 | 83c7 2048 | 83e9 0448 | 83c1 047e | 1048 ffc9 
  0x0000026797c68c34: c5f9 d607 | 4883 c708 | 48ff c97d | f348 8bce | c5f8 7749 | bac0 6d3b | 9767 0200 | 0041 ffd2 
  0x0000026797c68c54: ;   {other}
  0x0000026797c68c54: 0f1f 8400 | 0000 0000 | e949 f7ff | ff33 c0e9 | cbf7 ffff | 448b d9e9 | 60f1 ffff | 448b d3e9 
  0x0000026797c68c74: 48f5 ffff | 4c8b dd44 | 8b4c 2430 | 448b 5424 | 344c 8b44 | 2438 e9f9 | f7ff ff4c | 8b5c 2420 
  0x0000026797c68c94: 41c6 4311 | 0133 c044 | 8b54 2430 | 448b 4c24 | 34e9 89f7 

  0x0000026797c68ca8: ;   {metadata('java/security/SecureClassLoader$1')}
  0x0000026797c68ca8: ffff 48ba | f0d5 119f | 6702 0000 | 4c89 4424 | 5066 6690 

  0x0000026797c68cbc: ;   {runtime_call _new_instance_Java}
  0x0000026797c68cbc: c5f8 77e8 

  0x0000026797c68cc0: ; ImmutableOopMap {rbp=NarrowOop [40]=Oop [48]=Oop [56]=Oop [80]=Oop }
                      ;*new {reexecute=0 rethrow=0 return_oop=1}
                      ; - java.security.SecureClassLoader::getProtectionDomain@20 (line 222)
                      ; - java.security.SecureClassLoader::defineClass@9 (line 150)
  0x0000026797c68cc0: bcd6 81ff 

  0x0000026797c68cc4: ;   {other}
  0x0000026797c68cc4: 0f1f 8400 | b416 0016 | 4c8b c84c | 8b44 2450 | e94a eeff 

  0x0000026797c68cd8: ;   {metadata('java/security/SecureClassLoader$CodeSourceKey')}
  0x0000026797c68cd8: ff48 ba58 | d011 9f67 | 0200 0090 

  0x0000026797c68ce4: ;   {runtime_call _new_instance_Java}
  0x0000026797c68ce4: c5f8 77e8 

  0x0000026797c68ce8: ; ImmutableOopMap {rbp=Oop [40]=Oop [48]=Oop [56]=Oop }
                      ;*new {reexecute=0 rethrow=0 return_oop=1}
                      ; - java.security.SecureClassLoader::getProtectionDomain@6 (line 221)
                      ; - java.security.SecureClassLoader::defineClass@9 (line 150)
  0x0000026797c68ce8: 94d6 81ff 

  0x0000026797c68cec: ;   {other}
  0x0000026797c68cec: 0f1f 8400 | dc16 0017 | 4c8b c0e9 | deed ffff | 4489 5c24 | 7444 8974 | 2470 4889 | 5c24 684c 
  0x0000026797c68d0c: 894c 2460 | 4889 5424 | 5844 8954 | 2454 4489 | 4424 504c | 8b94 2488 | 0000 004c | 8954 2448 
  0x0000026797c68d2c: 4c8b 5424 | 304c 8954 | 2420 488b 

  0x0000026797c68d38: ;   {metadata('java/lang/String')}
  0x0000026797c68d38: 6c24 2848 | ba70 ea00 | 9f67 0200 | 0066 6690 

  0x0000026797c68d48: ;   {runtime_call _new_instance_Java}
  0x0000026797c68d48: c5f8 77e8 

  0x0000026797c68d4c: ; ImmutableOopMap {rbp=Oop [32]=Oop [56]=Oop [72]=Oop [80]=NarrowOop [88]=Oop [96]=Derived_oop_[88] [104]=Oop [112]=NarrowOop [136]=Oop }
                      ;*new {reexecute=0 rethrow=0 return_oop=1}
                      ; - java.lang.StringLatin1::newString@7 (line 752)
                      ; - java.lang.String::substring@41 (line 2839)
                      ; - java.lang.ClassLoader::checkCerts@21 (line 1164)
                      ; - java.lang.ClassLoader::preDefineClass@113 (line 917)
                      ; - java.lang.ClassLoader::defineClass@4 (line 1025)
                      ; - java.security.SecureClassLoader::defineClass@12 (line 150)
  0x0000026797c68d4c: 30d6 81ff 

  0x0000026797c68d50: ;   {other}
  0x0000026797c68d50: 0f1f 8400 | 4017 0018 | 4889 6c24 | 284c 8b54 | 2420 4c89 | 5424 3044 | 8b44 2450 | 448b 5424 
  0x0000026797c68d70: 5448 8b54 | 2458 4c8b | 4c24 6048 | 8b5c 2468 | 448b 7424 | 7044 8b5c | 2474 488b | f0e9 abf0 
  0x0000026797c68d90: ffff 4c89 | 8424 8000 | 0000 4889 | 4424 7848 | 8974 2470 | 4489 5c24 | 6c44 8974 | 2468 4889 
  0x0000026797c68db0: 5c24 604c | 894c 2458 | 4889 5424 | 504c 8b94 | 2488 0000 | 004c 8954 | 2448 4c8b | 5424 284c 
  0x0000026797c68dd0: 8954 2420 

  0x0000026797c68dd4: ;   {metadata({type array byte})}
  0x0000026797c68dd4: 48ba 1823 | 009f 6702 | 0000 458b | c366 6690 

  0x0000026797c68de4: ;   {runtime_call _new_array_nozero_Java}
  0x0000026797c68de4: c5f8 77e8 

  0x0000026797c68de8: ; ImmutableOopMap {[32]=Oop [48]=Oop [56]=Oop [72]=Oop [80]=Oop [88]=Derived_oop_[80] [96]=Oop [104]=NarrowOop [112]=Oop }
                      ;*newarray {reexecute=0 rethrow=0 return_oop=1}
                      ; - java.util.Arrays::copyOfRangeByte@10 (line 3863)
                      ; - java.util.Arrays::copyOfRange@13 (line 3854)
                      ; - java.lang.StringLatin1::newString@16 (line 752)
                      ; - java.lang.String::substring@41 (line 2839)
                      ; - java.lang.ClassLoader::checkCerts@21 (line 1164)
                      ; - java.lang.ClassLoader::preDefineClass@113 (line 917)
                      ; - java.lang.ClassLoader::defineClass@4 (line 1025)
                      ; - java.security.SecureClassLoader::defineClass@12 (line 150)
  0x0000026797c68de8: 941f 82ff 

  0x0000026797c68dec: ;   {other}
  0x0000026797c68dec: 0f1f 8400 | dc17 0019 | 4c8b d04c | 8b5c 2420 | 4c89 5c24 | 284c 8b5c | 2448 4c89 | 9c24 8800 
  0x0000026797c68e0c: 0000 4c8b | 4c24 5848 | 8b5c 2460 | 448b 7424 | 6844 8b5c | 246c 488b | 7424 7048 | 8b44 2478 
  0x0000026797c68e2c: 4c8b 8424 | 8000 0000 | 4d8b eae9 | 30f1 ffff | 4489 5424 | 3889 4c24 | 3444 894c | 2430 4c8b 
  0x0000026797c68e4c: 5424 604c | 8954 2420 

  0x0000026797c68e54: ;   {metadata('java/lang/String')}
  0x0000026797c68e54: 48ba 70ea | 009f 6702 | 0000 6690 

  0x0000026797c68e60: ;   {runtime_call _new_instance_Java}
  0x0000026797c68e60: c5f8 77e8 

  0x0000026797c68e64: ; ImmutableOopMap {[32]=Oop [40]=Oop [48]=NarrowOop [96]=Oop [136]=Oop }
                      ;*new {reexecute=0 rethrow=0 return_oop=1}
                      ; - java.lang.StringLatin1::newString@7 (line 752)
                      ; - java.lang.String::substring@41 (line 2839)
                      ; - java.lang.Class::getPackageName@62 (line 1169)
                      ; - java.lang.ClassLoader::postDefineClass@2 (line 934)
                      ; - java.lang.ClassLoader::defineClass@37 (line 1028)
                      ; - java.security.SecureClassLoader::defineClass@12 (line 150)
  0x0000026797c68e64: 18d5 81ff 

  0x0000026797c68e68: ;   {other}
  0x0000026797c68e68: 0f1f 8400 | 5818 001a | 448b 4c24 | 308b 4c24 | 3444 8b54 | 2438 488b | d8e9 a8f3 | ffff 4489 
  0x0000026797c68e88: 4c24 304c | 895c 2420 

  0x0000026797c68e90: ;   {metadata('java/lang/NamedPackage')}
  0x0000026797c68e90: 48ba e0c2 | 019f 6702 | 0000 488b | 6c24 6090 

  0x0000026797c68ea0: ;   {runtime_call _new_instance_Java}
  0x0000026797c68ea0: c5f8 77e8 

  0x0000026797c68ea4: ; ImmutableOopMap {rbp=Oop [32]=Oop [40]=Oop [48]=NarrowOop [96]=Oop [136]=Oop }
                      ;*new {reexecute=0 rethrow=0 return_oop=1}
                      ; - java.lang.ClassLoader::getNamedPackage@16 (line 343)
                      ; - java.lang.ClassLoader::postDefineClass@9 (line 934)
                      ; - java.lang.ClassLoader::defineClass@37 (line 1028)
                      ; - java.security.SecureClassLoader::defineClass@12 (line 150)
  0x0000026797c68ea4: d8d4 81ff 

  0x0000026797c68ea8: ;   {other}
  0x0000026797c68ea8: 0f1f 8400 | 9818 001b | e9b3 f6ff | ff4c 894c | 2458 4c89 | 5c24 5048 | 8974 2448 | 4889 5c24 
  0x0000026797c68ec8: 4044 8954 | 2438 4c8b | 5424 604c | 8954 2430 

  0x0000026797c68ed8: ;   {metadata({type array byte})}
  0x0000026797c68ed8: 48ba 1823 | 009f 6702 | 0000 448b | 4424 3890 

  0x0000026797c68ee8: ;   {runtime_call _new_array_nozero_Java}
  0x0000026797c68ee8: c5f8 77e8 

  0x0000026797c68eec: ; ImmutableOopMap {[40]=Oop [48]=Oop [64]=Oop [96]=Oop [128]=Oop [72]=Derived_oop_[128] [136]=Oop }
                      ;*newarray {reexecute=0 rethrow=0 return_oop=1}
                      ; - java.util.Arrays::copyOfRangeByte@10 (line 3863)
                      ; - java.util.Arrays::copyOfRange@13 (line 3854)
                      ; - java.lang.StringLatin1::newString@16 (line 752)
                      ; - java.lang.String::substring@41 (line 2839)
                      ; - java.lang.Class::getPackageName@62 (line 1169)
                      ; - java.lang.ClassLoader::postDefineClass@2 (line 934)
                      ; - java.lang.ClassLoader::defineClass@37 (line 1028)
                      ; - java.security.SecureClassLoader::defineClass@12 (line 150)
  0x0000026797c68eec: 901e 82ff 

  0x0000026797c68ef0: ;   {other}
  0x0000026797c68ef0: 0f1f 8400 | e018 001c | 448b 5424 | 3848 8b5c | 2440 488b | 7424 484c | 8b5c 2450 | 4c8b 4c24 
  0x0000026797c68f10: 584c 8be8 | e94f f4ff 

  0x0000026797c68f18: ;   {metadata('java/lang/InternalError')}
  0x0000026797c68f18: ff48 ba30 | 0901 9f67 | 0200 0048 | 8b6c 2460 

  0x0000026797c68f28: ;   {runtime_call _new_instance_Java}
  0x0000026797c68f28: c5f8 77e8 

  0x0000026797c68f2c: ; ImmutableOopMap {rbp=Oop [32]=Oop [40]=Oop [48]=NarrowOop [56]=Oop [64]=Oop [96]=Oop [136]=Oop }
                      ;*new {reexecute=0 rethrow=0 return_oop=1}
                      ; - java.lang.NamedPackage::<init>@18 (line 49)
                      ; - java.lang.ClassLoader::getNamedPackage@22 (line 343)
                      ; - java.lang.ClassLoader::postDefineClass@9 (line 934)
                      ; - java.lang.ClassLoader::defineClass@37 (line 1028)
                      ; - java.security.SecureClassLoader::defineClass@12 (line 150)
  0x0000026797c68f2c: 50d4 81ff 

  0x0000026797c68f30: ;   {other}
  0x0000026797c68f30: 0f1f 8400 | 2019 001d | e9c7 f6ff 

  0x0000026797c68f3c: ;   {metadata('java/lang/StringBuilder')}
  0x0000026797c68f3c: ff48 ba38 | 8200 9f67 | 0200 0048 | 8b6c 2460 

  0x0000026797c68f4c: ;   {runtime_call _new_instance_Java}
  0x0000026797c68f4c: c5f8 77e8 

  0x0000026797c68f50: ; ImmutableOopMap {rbp=Oop [32]=Oop [40]=Oop [48]=NarrowOop [56]=Oop [64]=Oop [96]=Oop [104]=Oop [136]=Oop }
                      ;*new {reexecute=0 rethrow=0 return_oop=1}
                      ; - java.lang.NamedPackage::<init>@22 (line 49)
                      ; - java.lang.ClassLoader::getNamedPackage@22 (line 343)
                      ; - java.lang.ClassLoader::postDefineClass@9 (line 934)
                      ; - java.lang.ClassLoader::defineClass@37 (line 1028)
                      ; - java.security.SecureClassLoader::defineClass@12 (line 150)
  0x0000026797c68f50: 2cd4 81ff 

  0x0000026797c68f54: ;   {other}
  0x0000026797c68f54: 0f1f 8400 | 4419 001e | e9e8 f6ff | ff4c 895c | 2478 4889 | 7424 7044 | 8974 2468 | 4889 5c24 
  0x0000026797c68f74: 604c 894c | 2458 4889 | 5424 5041 | 8be8 4c8b | 9c24 8800 | 0000 4c89 | 5c24 484c | 8b5c 2428 
  0x0000026797c68f94: 4c89 5c24 

  0x0000026797c68f98: ;   {metadata({type array byte})}
  0x0000026797c68f98: 2048 ba18 | 2300 9f67 | 0200 0045 | 8bc2 6690 

  0x0000026797c68fa8: ;   {runtime_call _new_array_nozero_Java}
  0x0000026797c68fa8: c5f8 77e8 

  0x0000026797c68fac: ; ImmutableOopMap {rbp=NarrowOop [32]=Oop [48]=Oop [56]=Oop [72]=Oop [80]=Oop [88]=Derived_oop_[80] [96]=Oop [104]=NarrowOop [112]=Oop }
                      ;*invokevirtual clone {reexecute=1 rethrow=0 return_oop=1}
                      ; - (reexecute) java.util.Arrays::copyOfRange@18 (line 3856)
                      ; - java.lang.StringLatin1::newString@16 (line 752)
                      ; - java.lang.String::substring@41 (line 2839)
                      ; - java.lang.ClassLoader::checkCerts@21 (line 1164)
                      ; - java.lang.ClassLoader::preDefineClass@113 (line 917)
                      ; - java.lang.ClassLoader::defineClass@4 (line 1025)
                      ; - java.security.SecureClassLoader::defineClass@12 (line 150)
  0x0000026797c68fac: d01d 82ff 

  0x0000026797c68fb0: ;   {other}
  0x0000026797c68fb0: 0f1f 8400 | a019 001f | 4c8b 5c24 | 204c 895c | 2428 4c8b | 5c24 484c | 899c 2488 | 0000 004c 
  0x0000026797c68fd0: 8b4c 2458 | 488b 5c24 | 6044 8b74 | 2468 488b | 7424 704c | 8b5c 2478 | 488b f8e9 | b6ee ffff 
  0x0000026797c68ff0: 4c89 4424 | 4848 8974 | 2440 4889 | 5c24 3841 | 8be9 4c8b | 5c24 604c | 895c 2430 

  0x0000026797c6900c: ;   {metadata({type array byte})}
  0x0000026797c6900c: 48ba 1823 | 009f 6702 | 0000 448b | c166 6690 

  0x0000026797c6901c: ;   {runtime_call _new_array_nozero_Java}
  0x0000026797c6901c: c5f8 77e8 

  0x0000026797c69020: ; ImmutableOopMap {rbp=NarrowOop [40]=Oop [48]=Oop [56]=Oop [96]=Oop [128]=Oop [64]=Derived_oop_[128] [136]=Oop }
                      ;*invokevirtual clone {reexecute=1 rethrow=0 return_oop=1}
                      ; - (reexecute) java.util.Arrays::copyOfRange@18 (line 3856)
                      ; - java.lang.StringLatin1::newString@16 (line 752)
                      ; - java.lang.String::substring@41 (line 2839)
                      ; - java.lang.Class::getPackageName@62 (line 1169)
                      ; - java.lang.ClassLoader::postDefineClass@2 (line 934)
                      ; - java.lang.ClassLoader::defineClass@37 (line 1028)
                      ; - java.security.SecureClassLoader::defineClass@12 (line 150)
  0x0000026797c69020: 5c1d 82ff 

  0x0000026797c69024: ;   {other}
  0x0000026797c69024: 0f1f 8400 | 141a 0020 | 488b 5c24 | 3848 8b74 | 2440 4c8b | 4424 4848 | 8bf8 e964 | f2ff ffba 
  0x0000026797c69044: f6ff ffff | 488b ee90 

  0x0000026797c6904c: ;   {runtime_call UncommonTrapBlob}
  0x0000026797c6904c: c5f8 77e8 

  0x0000026797c69050: ; ImmutableOopMap {rbp=Oop }
                      ;*invokevirtual putIfAbsent {reexecute=0 rethrow=0 return_oop=0}
                      ; - java.lang.ClassLoader::checkCerts@62 (line 1171)
                      ; - java.lang.ClassLoader::preDefineClass@113 (line 917)
                      ; - java.lang.ClassLoader::defineClass@4 (line 1025)
                      ; - java.security.SecureClassLoader::defineClass@12 (line 150)
  0x0000026797c69050: aca9 76ff 

  0x0000026797c69054: ;   {other}
  0x0000026797c69054: 0f1f 8400 | 441a 0021 | baf6 ffff | ff66 6690 

  0x0000026797c69064: ;   {runtime_call UncommonTrapBlob}
  0x0000026797c69064: c5f8 77e8 

  0x0000026797c69068: ; ImmutableOopMap {rbp=NarrowOop }
                      ;*invokevirtual toExternalForm {reexecute=0 rethrow=0 return_oop=0}
                      ; - java.net.URL::toExternalForm@5 (line 1203)
                      ; - java.net.URL::toString@1 (line 1189)
                      ; - java.lang.ClassLoader::defineClassSourceLocation@22 (line 927)
                      ; - java.lang.ClassLoader::defineClass@12 (line 1026)
                      ; - java.security.SecureClassLoader::defineClass@12 (line 150)
  0x0000026797c69068: 94a9 76ff 

  0x0000026797c6906c: ;   {other}
  0x0000026797c6906c: 0f1f 8400 | 5c1a 0022 | baf6 ffff | ff48 8be8 

  0x0000026797c6907c: ;   {runtime_call UncommonTrapBlob}
  0x0000026797c6907c: c5f8 77e8 

  0x0000026797c69080: ; ImmutableOopMap {rbp=Oop }
                      ;*invokevirtual get {reexecute=0 rethrow=0 return_oop=0}
                      ; - java.lang.ClassLoader::getNamedPackage@5 (line 341)
                      ; - java.lang.ClassLoader::postDefineClass@9 (line 934)
                      ; - java.lang.ClassLoader::defineClass@37 (line 1028)
                      ; - java.security.SecureClassLoader::defineClass@12 (line 150)
  0x0000026797c69080: 7ca9 76ff 

  0x0000026797c69084: ;   {other}
  0x0000026797c69084: 0f1f 8400 | 741a 0023 | ba76 ffff | ff41 8be8 | 894c 2424 | 4889 5c24 | 5044 8974 | 2460 6690 
  0x0000026797c690a4: ;   {runtime_call UncommonTrapBlob}
  0x0000026797c690a4: c5f8 77e8 

  0x0000026797c690a8: ; ImmutableOopMap {rbp=NarrowOop [40]=Oop [48]=Oop [56]=Oop [80]=Oop [96]=NarrowOop [136]=Oop }
                      ;*iflt {reexecute=1 rethrow=0 return_oop=0}
                      ; - (reexecute) java.lang.StringLatin1::lastIndexOf@19 (line 285)
                      ; - java.lang.String::lastIndexOf@13 (line 2573)
                      ; - java.lang.String::lastIndexOf@8 (line 2535)
                      ; - java.lang.ClassLoader::checkCerts@3 (line 1163)
                      ; - java.lang.ClassLoader::preDefineClass@113 (line 917)
                      ; - java.lang.ClassLoader::defineClass@4 (line 1025)
                      ; - java.security.SecureClassLoader::defineClass@12 (line 150)
  0x0000026797c690a8: 54a9 76ff 

  0x0000026797c690ac: ;   {other}
  0x0000026797c690ac: 0f1f 8400 | 9c1a 0024 | bade ffff | ff4c 8b54 | 2428 4c89 | 5424 204c | 8b54 2430 | 4c89 5424 
  0x0000026797c690cc: 284c 8b54 | 2438 4c89 | 5424 3044 | 8b5c 2440 | 4489 5c24 | 3844 8b54 | 2444 4489 | 5424 3c4c 
  0x0000026797c690ec: 8944 2440 | 4c89 4c24 | 4866 6690 

  0x0000026797c690f8: ;   {runtime_call UncommonTrapBlob}
  0x0000026797c690f8: c5f8 77e8 

  0x0000026797c690fc: ; ImmutableOopMap {rbp=NarrowOop [32]=Oop [40]=Oop [48]=Oop [64]=Oop [72]=Oop }
                      ;*invokeinterface computeIfAbsent {reexecute=0 rethrow=0 return_oop=0}
                      ; - java.security.SecureClassLoader::getProtectionDomain@28 (line 222)
                      ; - java.security.SecureClassLoader::defineClass@9 (line 150)
  0x0000026797c690fc: 00a9 76ff 

  0x0000026797c69100: ;   {other}
  0x0000026797c69100: 0f1f 8400 | f01a 0025 | ba45 ffff | ff48 8b6c | 2428 6690 

  0x0000026797c69114: ;   {runtime_call UncommonTrapBlob}
  0x0000026797c69114: c5f8 77e8 

  0x0000026797c69118: ; ImmutableOopMap {rbp=Oop [48]=Oop [56]=Oop [136]=Oop }
                      ;*ifeq {reexecute=1 rethrow=0 return_oop=0}
                      ; - (reexecute) java.lang.ClassLoader::checkName@8 (line 1155)
                      ; - java.lang.ClassLoader::preDefineClass@1 (line 900)
                      ; - java.lang.ClassLoader::defineClass@4 (line 1025)
                      ; - java.security.SecureClassLoader::defineClass@12 (line 150)
  0x0000026797c69118: e4a8 76ff 

  0x0000026797c6911c: ;   {other}
  0x0000026797c6911c: 0f1f 8400 | 0c1b 0026 | 498b d345 | 33c0 488b | 6c24 2890 

  0x0000026797c69130: ;   {static_call}
  0x0000026797c69130: c5f8 77e8 

  0x0000026797c69134: ; ImmutableOopMap {rbp=Oop [40]=Oop [48]=Oop [56]=Oop [136]=Oop }
                      ;*invokestatic charAt {reexecute=0 rethrow=0 return_oop=0}
                      ; - java.lang.String::charAt@21 (line 1557)
                      ; - java.lang.ClassLoader::checkName@25 (line 1157)
                      ; - java.lang.ClassLoader::preDefineClass@1 (line 900)
                      ; - java.lang.ClassLoader::defineClass@4 (line 1025)
                      ; - java.security.SecureClassLoader::defineClass@12 (line 150)
  0x0000026797c69134: 485c 76ff 

  0x0000026797c69138: ;   {other}
  0x0000026797c69138: 0f1f 8400 | 281b 0027 | 448b d8e9 | 56eb ffff | bae4 ffff | ff44 895c | 2458 6690 

  0x0000026797c69154: ;   {runtime_call UncommonTrapBlob}
  0x0000026797c69154: c5f8 77e8 

  0x0000026797c69158: ; ImmutableOopMap {[40]=Oop [48]=Oop [56]=Oop [88]=NarrowOop [136]=Oop }
                      ;*invokestatic checkIndex {reexecute=0 rethrow=0 return_oop=0}
                      ; - java.lang.String::checkIndex@5 (line 4832)
                      ; - java.lang.StringLatin1::charAt@3 (line 46)
                      ; - java.lang.String::charAt@12 (line 1555)
                      ; - java.lang.ClassLoader::checkName@25 (line 1157)
                      ; - java.lang.ClassLoader::preDefineClass@1 (line 900)
                      ; - java.lang.ClassLoader::defineClass@4 (line 1025)
                      ; - java.security.SecureClassLoader::defineClass@12 (line 150)
  0x0000026797c69158: a4a8 76ff 

  0x0000026797c6915c: ;   {other}
  0x0000026797c6915c: 0f1f 8400 | 4c1b 0028 | ba6e ffff | ff41 8be8 | 894c 2424 | 4889 5c24 | 5044 8974 | 2460 6690 
  0x0000026797c6917c: ;   {runtime_call UncommonTrapBlob}
  0x0000026797c6917c: c5f8 77e8 

  0x0000026797c69180: ; ImmutableOopMap {rbp=NarrowOop [40]=Oop [48]=Oop [56]=Oop [80]=Oop [96]=NarrowOop [136]=Oop }
                      ;*iflt {reexecute=1 rethrow=0 return_oop=0}
                      ; - (reexecute) java.lang.StringLatin1::lastIndexOf@19 (line 285)
                      ; - java.lang.String::lastIndexOf@13 (line 2573)
                      ; - java.lang.String::lastIndexOf@8 (line 2535)
                      ; - java.lang.ClassLoader::checkCerts@3 (line 1163)
                      ; - java.lang.ClassLoader::preDefineClass@113 (line 917)
                      ; - java.lang.ClassLoader::defineClass@4 (line 1025)
                      ; - java.security.SecureClassLoader::defineClass@12 (line 150)
  0x0000026797c69180: 7ca8 76ff 

  0x0000026797c69184: ;   {other}
  0x0000026797c69184: 0f1f 8400 | 741b 0029 | bace ffff | ff44 8954 | 2460 6690 

  0x0000026797c69198: ;   {runtime_call UncommonTrapBlob}
  0x0000026797c69198: c5f8 77e8 

  0x0000026797c6919c: ; ImmutableOopMap {rbp=NarrowOop [40]=Oop [48]=Oop [56]=Oop [136]=Oop }
                      ;*invokestatic indexOfChar {reexecute=0 rethrow=0 return_oop=0}
                      ; - java.lang.StringLatin1::indexOf@33 (line 204)
                      ; - java.lang.String::indexOf@17 (line 2461)
                      ; - java.lang.String::indexOf@3 (line 2405)
                      ; - java.lang.ClassLoader::checkName@16 (line 1157)
                      ; - java.lang.ClassLoader::preDefineClass@1 (line 900)
                      ; - java.lang.ClassLoader::defineClass@4 (line 1025)
                      ; - java.security.SecureClassLoader::defineClass@12 (line 150)
  0x0000026797c6919c: 60a8 76ff 

  0x0000026797c691a0: ;   {other}
  0x0000026797c691a0: 0f1f 8400 | 901b 002a | bae4 ffff | ff44 8944 | 2420 448b | 5424 4044 | 8954 2424 

  0x0000026797c691bc: ;   {runtime_call UncommonTrapBlob}
  0x0000026797c691bc: c5f8 77e8 

  0x0000026797c691c0: ; ImmutableOopMap {[32]=NarrowOop [40]=Oop [48]=Oop [56]=Oop [136]=Oop }
                      ;*baload {reexecute=0 rethrow=0 return_oop=0}
                      ; - jdk.internal.util.ArraysSupport::mismatch@82 (line 402)
                      ; - java.lang.String::startsWith@70 (line 2297)
                      ; - java.lang.String::startsWith@3 (line 2327)
                      ; - java.lang.ClassLoader::preDefineClass@43 (line 906)
                      ; - java.lang.ClassLoader::defineClass@4 (line 1025)
                      ; - java.security.SecureClassLoader::defineClass@12 (line 150)
  0x0000026797c691c0: 3ca8 76ff 

  0x0000026797c691c4: ;   {other}
  0x0000026797c691c4: 0f1f 8400 | b41b 002b | ba76 ffff | ff41 8be9 | 895c 2424 | 4c8b 5424 | 604c 8954 | 2430 4c89 
  0x0000026797c691e4: 5c24 5890 

  0x0000026797c691e8: ;   {runtime_call UncommonTrapBlob}
  0x0000026797c691e8: c5f8 77e8 

  0x0000026797c691ec: ; ImmutableOopMap {rbp=NarrowOop [40]=Oop [48]=Oop [88]=Oop [136]=Oop }
                      ;*iflt {reexecute=1 rethrow=0 return_oop=0}
                      ; - (reexecute) java.lang.StringLatin1::lastIndexOf@19 (line 285)
                      ; - java.lang.String::lastIndexOf@13 (line 2573)
                      ; - java.lang.String::lastIndexOf@8 (line 2535)
                      ; - java.lang.Class::getPackageName@47 (line 1168)
                      ; - java.lang.ClassLoader::postDefineClass@2 (line 934)
                      ; - java.lang.ClassLoader::defineClass@37 (line 1028)
                      ; - java.security.SecureClassLoader::defineClass@12 (line 150)
  0x0000026797c691ec: 10a8 76ff 

  0x0000026797c691f0: ;   {other}
  0x0000026797c691f0: 0f1f 8400 | e01b 002c | ba45 ffff | ff48 8944 | 2430 4889 | 4424 4090 

  0x0000026797c69208: ;   {runtime_call UncommonTrapBlob}
  0x0000026797c69208: c5f8 77e8 

  0x0000026797c6920c: ; ImmutableOopMap {[40]=Oop [48]=Oop [64]=Oop [136]=Oop }
                      ;*ifeq {reexecute=1 rethrow=0 return_oop=0}
                      ; - (reexecute) java.lang.Class::getPackageName@13 (line 1163)
                      ; - java.lang.ClassLoader::postDefineClass@2 (line 934)
                      ; - java.lang.ClassLoader::defineClass@37 (line 1028)
                      ; - java.security.SecureClassLoader::defineClass@12 (line 150)
  0x0000026797c6920c: f0a7 76ff 

  0x0000026797c69210: ;   {other}
  0x0000026797c69210: 0f1f 8400 | 001c 002d | ba6e ffff | ff41 8be9 | 895c 2424 | 4c8b 5424 | 604c 8954 | 2430 4c89 
  0x0000026797c69230: 5c24 5890 

  0x0000026797c69234: ;   {runtime_call UncommonTrapBlob}
  0x0000026797c69234: c5f8 77e8 

  0x0000026797c69238: ; ImmutableOopMap {rbp=NarrowOop [40]=Oop [48]=Oop [88]=Oop [136]=Oop }
                      ;*iflt {reexecute=1 rethrow=0 return_oop=0}
                      ; - (reexecute) java.lang.StringLatin1::lastIndexOf@19 (line 285)
                      ; - java.lang.String::lastIndexOf@13 (line 2573)
                      ; - java.lang.String::lastIndexOf@8 (line 2535)
                      ; - java.lang.Class::getPackageName@47 (line 1168)
                      ; - java.lang.ClassLoader::postDefineClass@2 (line 934)
                      ; - java.lang.ClassLoader::defineClass@37 (line 1028)
                      ; - java.security.SecureClassLoader::defineClass@12 (line 150)
  0x0000026797c69238: c4a7 76ff 

  0x0000026797c6923c: ;   {other}
  0x0000026797c6923c: 0f1f 8400 | 2c1c 002e | bade ffff | ff66 6690 

  0x0000026797c6924c: ;   {runtime_call UncommonTrapBlob}
  0x0000026797c6924c: c5f8 77e8 

  0x0000026797c69250: ; ImmutableOopMap {rbp=NarrowOop }
                      ;*checkcast {reexecute=0 rethrow=0 return_oop=0}
                      ; - java.lang.ClassLoader::getNamedPackage@8 (line 341)
                      ; - java.lang.ClassLoader::postDefineClass@9 (line 934)
                      ; - java.lang.ClassLoader::defineClass@37 (line 1028)
                      ; - java.security.SecureClassLoader::defineClass@12 (line 150)
  0x0000026797c69250: aca7 76ff 

  0x0000026797c69254: ;   {other}
  0x0000026797c69254: 0f1f 8400 | 441c 002f | 4963 c3e9 | 87ec ffff | 4883 c0fe | 488b c849 | 8bfa 4833 | c048 83f9 
  0x0000026797c69274: 087f 1048 | ffc9 784f | 4889 04cf | 48ff c97d | f7eb 44c5 | fdef c0e9 | 0d00 0000 | c5fe 7f07 
  0x0000026797c69294: c5fe 7f47 | 2048 83c7 | 4048 83e9 | 087d ed48 | 83c1 047c | 0cc5 fe7f | 0748 83c7 | 2048 83e9 
  0x0000026797c692b4: 0448 83c1 | 047e 1048 | ffc9 c5f9 | d607 4883 | c708 48ff | c97d f3e9 | deec ffff | bacc ffff 
  0x0000026797c692d4: ff41 8be8 | 4489 5c24 | 2448 895c | 2450 4489 | 7424 6048 | 8974 2470 

  0x0000026797c692ec: ;   {runtime_call UncommonTrapBlob}
  0x0000026797c692ec: c5f8 77e8 

  0x0000026797c692f0: ; ImmutableOopMap {rbp=NarrowOop [40]=Oop [48]=Oop [56]=Oop [80]=Oop [96]=NarrowOop [112]=Oop [136]=Oop }
                      ;*newarray {reexecute=1 rethrow=0 return_oop=0}
                      ; - (reexecute) java.util.Arrays::copyOfRangeByte@10 (line 3863)
                      ; - java.util.Arrays::copyOfRange@13 (line 3854)
                      ; - java.lang.StringLatin1::newString@16 (line 752)
                      ; - java.lang.String::substring@41 (line 2839)
                      ; - java.lang.ClassLoader::checkCerts@21 (line 1164)
                      ; - java.lang.ClassLoader::preDefineClass@113 (line 917)
                      ; - java.lang.ClassLoader::defineClass@4 (line 1025)
                      ; - java.security.SecureClassLoader::defineClass@12 (line 150)
  0x0000026797c692f0: 0ca7 76ff 

  0x0000026797c692f4: ;   {other}
  0x0000026797c692f4: 0f1f 8400 | e41c 0030 | ba45 ffff | ff48 8b6c | 2428 895c | 2450 6690 

  0x0000026797c6930c: ;   {runtime_call UncommonTrapBlob}
  0x0000026797c6930c: c5f8 77e8 

  0x0000026797c69310: ; ImmutableOopMap {rbp=Oop [48]=Oop [56]=Oop [136]=Oop }
                      ;*if_icmpne {reexecute=1 rethrow=0 return_oop=0}
                      ; - (reexecute) java.lang.ClassLoader::checkName@20 (line 1157)
                      ; - java.lang.ClassLoader::preDefineClass@1 (line 900)
                      ; - java.lang.ClassLoader::defineClass@4 (line 1025)
                      ; - java.security.SecureClassLoader::defineClass@12 (line 150)
  0x0000026797c69310: eca6 76ff 

  0x0000026797c69314: ;   {other}
  0x0000026797c69314: 0f1f 8400 | 041d 0031 | 33ed 85f6 | 400f 94c5 | ba45 ffff | ff4c 8b54 | 2428 4c89 | 5424 204c 
  0x0000026797c69334: 8b54 2430 | 4c89 5424 | 2848 895c | 2450 4489 | 7424 5844 | 895c 245c 

  0x0000026797c6934c: ;   {runtime_call UncommonTrapBlob}
  0x0000026797c6934c: c5f8 77e8 

  0x0000026797c69350: ; ImmutableOopMap {[32]=Oop [40]=Oop [56]=Oop [80]=Oop [88]=NarrowOop [136]=Oop }
                      ;*ifeq {reexecute=1 rethrow=0 return_oop=0}
                      ; - (reexecute) java.lang.String::lastIndexOf@4 (line 2573)
                      ; - java.lang.String::lastIndexOf@8 (line 2535)
                      ; - java.lang.ClassLoader::checkCerts@3 (line 1163)
                      ; - java.lang.ClassLoader::preDefineClass@113 (line 917)
                      ; - java.lang.ClassLoader::defineClass@4 (line 1025)
                      ; - java.security.SecureClassLoader::defineClass@12 (line 150)
  0x0000026797c69350: aca6 76ff 

  0x0000026797c69354: ;   {other}
  0x0000026797c69354: 0f1f 8400 | 441d 0032 | ba45 ffff | ff44 895c | 2420 4489 | 5c24 2448 | 895c 2450 | 4489 7424 
  0x0000026797c69374: 6089 7c24 | 7066 6690 

  0x0000026797c6937c: ;   {runtime_call UncommonTrapBlob}
  0x0000026797c6937c: c5f8 77e8 

  0x0000026797c69380: ; ImmutableOopMap {[40]=Oop [48]=Oop [56]=Oop [80]=Oop [96]=NarrowOop [136]=Oop }
                      ;*if_icmpgt {reexecute=1 rethrow=0 return_oop=0}
                      ; - (reexecute) jdk.internal.util.Preconditions::checkFromToIndex@6 (line 348)
                      ; - java.lang.String::checkBoundsBeginEnd@6 (line 4865)
                      ; - java.lang.String::substring@8 (line 2834)
                      ; - java.lang.ClassLoader::checkCerts@21 (line 1164)
                      ; - java.lang.ClassLoader::preDefineClass@113 (line 917)
                      ; - java.lang.ClassLoader::defineClass@4 (line 1025)
                      ; - java.security.SecureClassLoader::defineClass@12 (line 150)
  0x0000026797c69380: 7ca6 76ff 

  0x0000026797c69384: ;   {other}
  0x0000026797c69384: 0f1f 8400 | 741d 0033 | ba45 ffff | ff48 8b6c | 2460 4c89 | 5c24 4044 | 894c 2448 | 894c 244c 
  0x0000026797c693a4: ;   {runtime_call UncommonTrapBlob}
  0x0000026797c693a4: c5f8 77e8 

  0x0000026797c693a8: ; ImmutableOopMap {rbp=Oop [40]=Oop [64]=Oop [72]=NarrowOop [136]=Oop }
                      ;*ifle {reexecute=1 rethrow=0 return_oop=0}
                      ; - (reexecute) java.util.concurrent.ConcurrentHashMap::get@23 (line 937)
                      ; - java.lang.ClassLoader::getNamedPackage@5 (line 341)
                      ; - java.lang.ClassLoader::postDefineClass@9 (line 934)
                      ; - java.lang.ClassLoader::defineClass@37 (line 1028)
                      ; - java.security.SecureClassLoader::defineClass@12 (line 150)
  0x0000026797c693a8: 54a6 76ff 

  0x0000026797c693ac: ;   {other}
  0x0000026797c693ac: 0f1f 8400 | 9c1d 0034 | ba45 ffff | ff4c 8b54 | 2428 4c89 | 5424 204c | 8944 2428 | 4c89 4c24 
  0x0000026797c693cc: 3089 7c24 | 3889 7424 | 3c66 6690 

  0x0000026797c693d8: ;   {runtime_call UncommonTrapBlob}
  0x0000026797c693d8: c5f8 77e8 

  0x0000026797c693dc: ; ImmutableOopMap {rbp=Oop [32]=Oop [40]=Oop [48]=Oop }
                      ;*ifnonnull {reexecute=1 rethrow=0 return_oop=0}
                      ; - (reexecute) java.security.SecureClassLoader::getProtectionDomain@1 (line 213)
                      ; - java.security.SecureClassLoader::defineClass@9 (line 150)
  0x0000026797c693dc: 20a6 76ff 

  0x0000026797c693e0: ;   {other}
  0x0000026797c693e0: 0f1f 8400 | d01d 0035 | ba45 ffff | ff48 8b6c | 2428 4489 | 5c24 5090 

  0x0000026797c693f8: ;   {runtime_call UncommonTrapBlob}
  0x0000026797c693f8: c5f8 77e8 

  0x0000026797c693fc: ; ImmutableOopMap {rbp=Oop [48]=Oop [56]=Oop [136]=Oop }
                      ;*if_icmpne {reexecute=1 rethrow=0 return_oop=0}
                      ; - (reexecute) java.lang.ClassLoader::checkName@30 (line 1157)
                      ; - java.lang.ClassLoader::preDefineClass@1 (line 900)
                      ; - java.lang.ClassLoader::defineClass@4 (line 1025)
                      ; - java.security.SecureClassLoader::defineClass@12 (line 150)
  0x0000026797c693fc: 00a6 76ff 

  0x0000026797c69400: ;   {other}
  0x0000026797c69400: 0f1f 8400 | f01d 0036 | ba45 ffff | ff4c 8b54 | 2428 4c89 | 5424 2048 | 895c 2450 | 4889 7424 
  0x0000026797c69420: 5844 8974 | 2460 6690 

  0x0000026797c69428: ;   {runtime_call UncommonTrapBlob}
  0x0000026797c69428: c5f8 77e8 

  0x0000026797c6942c: ; ImmutableOopMap {rbp=NarrowOop [32]=Oop [48]=Oop [56]=Oop [80]=Oop [88]=Oop [96]=NarrowOop [136]=Oop }
                      ;*ifnull {reexecute=1 rethrow=0 return_oop=0}
                      ; - (reexecute) java.security.CodeSource::getCertificates@4 (line 204)
                      ; - java.lang.ClassLoader::checkCerts@34 (line 1168)
                      ; - java.lang.ClassLoader::preDefineClass@113 (line 917)
                      ; - java.lang.ClassLoader::defineClass@4 (line 1025)
                      ; - java.security.SecureClassLoader::defineClass@12 (line 150)
  0x0000026797c6942c: d0a5 76ff 

  0x0000026797c69430: ;   {other}
  0x0000026797c69430: 0f1f 8400 | 201e 0037 | ba45 ffff | ff4c 8b54 | 2428 4c89 | 5424 2048 | 895c 2450 | 4889 7424 
  0x0000026797c69450: 5844 8974 | 2460 6690 

  0x0000026797c69458: ;   {runtime_call UncommonTrapBlob}
  0x0000026797c69458: c5f8 77e8 

  0x0000026797c6945c: ; ImmutableOopMap {rbp=NarrowOop [32]=Oop [48]=Oop [56]=Oop [80]=Oop [88]=Oop [96]=NarrowOop [136]=Oop }
                      ;*ifnull {reexecute=1 rethrow=0 return_oop=0}
                      ; - (reexecute) java.security.CodeSource::getCertificates@22 (line 207)
                      ; - java.lang.ClassLoader::checkCerts@34 (line 1168)
                      ; - java.lang.ClassLoader::preDefineClass@113 (line 917)
                      ; - java.lang.ClassLoader::defineClass@4 (line 1025)
                      ; - java.security.SecureClassLoader::defineClass@12 (line 150)
  0x0000026797c6945c: a0a5 76ff 

  0x0000026797c69460: ;   {other}
  0x0000026797c69460: 0f1f 8400 | 501e 0038 | ba45 ffff | ff44 895c | 2420 4489 | 5c24 2448 | 895c 2450 | 4489 7424 
  0x0000026797c69480: 6089 7c24 | 7089 7c24 | 7466 6690 

  0x0000026797c6948c: ;   {runtime_call UncommonTrapBlob}
  0x0000026797c6948c: c5f8 77e8 

  0x0000026797c69490: ; ImmutableOopMap {[40]=Oop [48]=Oop [56]=Oop [80]=Oop [96]=NarrowOop [136]=Oop }
                      ;*if_icmple {reexecute=1 rethrow=0 return_oop=0}
                      ; - (reexecute) jdk.internal.util.Preconditions::checkFromToIndex@11 (line 348)
                      ; - java.lang.String::checkBoundsBeginEnd@6 (line 4865)
                      ; - java.lang.String::substring@8 (line 2834)
                      ; - java.lang.ClassLoader::checkCerts@21 (line 1164)
                      ; - java.lang.ClassLoader::preDefineClass@113 (line 917)
                      ; - java.lang.ClassLoader::defineClass@4 (line 1025)
                      ; - java.security.SecureClassLoader::defineClass@12 (line 150)
  0x0000026797c69490: 6ca5 76ff 

  0x0000026797c69494: ;   {other}
  0x0000026797c69494: 0f1f 8400 | 841e 0039 | ba45 ffff | ff4c 8b54 | 2428 4c89 | 5424 2090 

  0x0000026797c694ac: ;   {runtime_call UncommonTrapBlob}
  0x0000026797c694ac: c5f8 77e8 

  0x0000026797c694b0: ; ImmutableOopMap {[32]=Oop [48]=Oop [56]=Oop [136]=Oop }
                      ;*ifne {reexecute=1 rethrow=0 return_oop=0}
                      ; - (reexecute) java.lang.ClassLoader::compareCerts@7 (line 1186)
                      ; - java.lang.ClassLoader::checkCerts@80 (line 1172)
                      ; - java.lang.ClassLoader::preDefineClass@113 (line 917)
                      ; - java.lang.ClassLoader::defineClass@4 (line 1025)
                      ; - java.security.SecureClassLoader::defineClass@12 (line 150)
  0x0000026797c694b0: 4ca5 76ff 

  0x0000026797c694b4: ;   {other}
  0x0000026797c694b4: 0f1f 8400 | a41e 003a | ba45 ffff | ff41 8be8 | 8974 245c 

  0x0000026797c694c8: ;   {runtime_call UncommonTrapBlob}
  0x0000026797c694c8: c5f8 77e8 

  0x0000026797c694cc: ; ImmutableOopMap {rbp=NarrowOop [40]=Oop [48]=Oop [56]=Oop [136]=Oop }
                      ;*if_icmpne {reexecute=1 rethrow=0 return_oop=0}
                      ; - (reexecute) java.lang.String::startsWith@50 (line 2293)
                      ; - java.lang.String::startsWith@3 (line 2327)
                      ; - java.lang.ClassLoader::preDefineClass@43 (line 906)
                      ; - java.lang.ClassLoader::defineClass@4 (line 1025)
                      ; - java.security.SecureClassLoader::defineClass@12 (line 150)
  0x0000026797c694cc: 30a5 76ff 

  0x0000026797c694d0: ;   {other}
  0x0000026797c694d0: 0f1f 8400 | c01e 003b | 4d63 dae9 | 09ee ffff | 4983 c3fe | 498b cb48 | 8bfa 4833 | c048 83f9 
  0x0000026797c694f0: 087f 1048 | ffc9 784f | 4889 04cf | 48ff c97d | f7eb 44c5 | fdef c0e9 | 0d00 0000 | c5fe 7f07 
  0x0000026797c69510: c5fe 7f47 | 2048 83c7 | 4048 83e9 | 087d ed48 | 83c1 047c | 0cc5 fe7f | 0748 83c7 | 2048 83e9 
  0x0000026797c69530: 0448 83c1 | 047e 1048 | ffc9 c5f9 | d607 4883 | c708 48ff | c97d f3e9 | 5eee ffff | bacc ffff 
  0x0000026797c69550: ff41 8be9 | 4489 5424 | 244c 8b54 | 2460 4c89 | 5424 3048 | 895c 2460 

  0x0000026797c69568: ;   {runtime_call UncommonTrapBlob}
  0x0000026797c69568: c5f8 77e8 

  0x0000026797c6956c: ; ImmutableOopMap {rbp=NarrowOop [40]=Oop [48]=Oop [96]=Oop [136]=Oop }
                      ;*newarray {reexecute=1 rethrow=0 return_oop=0}
                      ; - (reexecute) java.util.Arrays::copyOfRangeByte@10 (line 3863)
                      ; - java.util.Arrays::copyOfRange@13 (line 3854)
                      ; - java.lang.StringLatin1::newString@16 (line 752)
                      ; - java.lang.String::substring@41 (line 2839)
                      ; - java.lang.Class::getPackageName@62 (line 1169)
                      ; - java.lang.ClassLoader::postDefineClass@2 (line 934)
                      ; - java.lang.ClassLoader::defineClass@37 (line 1028)
                      ; - java.security.SecureClassLoader::defineClass@12 (line 150)
  0x0000026797c6956c: 90a4 76ff 

  0x0000026797c69570: ;   {other}
  0x0000026797c69570: 0f1f 8400 | 601f 003c | baf6 ffff | ff66 6690 

  0x0000026797c69580: ;   {runtime_call UncommonTrapBlob}
  0x0000026797c69580: c5f8 77e8 

  0x0000026797c69584: ; ImmutableOopMap {}
                      ;*invokevirtual isNamed {reexecute=0 rethrow=0 return_oop=0}
                      ; - java.lang.NamedPackage::<init>@12 (line 48)
                      ; - java.lang.ClassLoader::getNamedPackage@22 (line 343)
                      ; - java.lang.ClassLoader::postDefineClass@9 (line 934)
                      ; - java.lang.ClassLoader::defineClass@37 (line 1028)
                      ; - java.security.SecureClassLoader::defineClass@12 (line 150)
  0x0000026797c69584: 78a4 76ff 

  0x0000026797c69588: ;   {other}
  0x0000026797c69588: 0f1f 8400 | 781f 003d | 33ed 85ff | 400f 94c5 | ba45 ffff | ff4c 8b44 | 2460 4c89 | 4424 204c 
  0x0000026797c695a8: 895c 2458 | 4489 5424 | 6066 6690 

  0x0000026797c695b4: ;   {runtime_call UncommonTrapBlob}
  0x0000026797c695b4: c5f8 77e8 

  0x0000026797c695b8: ; ImmutableOopMap {[32]=Oop [40]=Oop [88]=Oop [136]=Oop }
                      ;*ifeq {reexecute=1 rethrow=0 return_oop=0}
                      ; - (reexecute) java.lang.String::lastIndexOf@4 (line 2573)
                      ; - java.lang.String::lastIndexOf@8 (line 2535)
                      ; - java.lang.Class::getPackageName@47 (line 1168)
                      ; - java.lang.ClassLoader::postDefineClass@2 (line 934)
                      ; - java.lang.ClassLoader::defineClass@37 (line 1028)
                      ; - java.security.SecureClassLoader::defineClass@12 (line 150)
  0x0000026797c695b8: 44a4 76ff 

  0x0000026797c695bc: ;   {other}
  0x0000026797c695bc: 0f1f 8400 | ac1f 003e | ba45 ffff | ff44 8954 | 2420 4489 | 5424 244c | 8b54 2460 | 4c89 5424 
  0x0000026797c695dc: 304c 895c | 2458 4489 | 4424 6490 

  0x0000026797c695e8: ;   {runtime_call UncommonTrapBlob}
  0x0000026797c695e8: c5f8 77e8 

  0x0000026797c695ec: ; ImmutableOopMap {[40]=Oop [48]=Oop [88]=Oop [136]=Oop }
                      ;*if_icmpgt {reexecute=1 rethrow=0 return_oop=0}
                      ; - (reexecute) jdk.internal.util.Preconditions::checkFromToIndex@6 (line 348)
                      ; - java.lang.String::checkBoundsBeginEnd@6 (line 4865)
                      ; - java.lang.String::substring@8 (line 2834)
                      ; - java.lang.Class::getPackageName@62 (line 1169)
                      ; - java.lang.ClassLoader::postDefineClass@2 (line 934)
                      ; - java.lang.ClassLoader::defineClass@37 (line 1028)
                      ; - java.security.SecureClassLoader::defineClass@12 (line 150)
  0x0000026797c695ec: 10a4 76ff 

  0x0000026797c695f0: ;   {other}
  0x0000026797c695f0: 0f1f 8400 | e01f 003f | baf6 ffff | ff66 6690 

  0x0000026797c69600: ;   {runtime_call UncommonTrapBlob}
  0x0000026797c69600: c5f8 77e8 

  0x0000026797c69604: ; ImmutableOopMap {[48]=NarrowOop }
                      ;*invokevirtual append {reexecute=0 rethrow=0 return_oop=0}
                      ; - java.lang.NamedPackage::<init>@35 (line 49)
                      ; - java.lang.ClassLoader::getNamedPackage@22 (line 343)
                      ; - java.lang.ClassLoader::postDefineClass@9 (line 934)
                      ; - java.lang.ClassLoader::defineClass@37 (line 1028)
                      ; - java.security.SecureClassLoader::defineClass@12 (line 150)
  0x0000026797c69604: f8a3 76ff 

  0x0000026797c69608: ;   {other}
  0x0000026797c69608: 0f1f 8400 | f81f 0040 | baf6 ffff | ff66 6690 

  0x0000026797c69618: ;   {runtime_call UncommonTrapBlob}
  0x0000026797c69618: c5f8 77e8 

  0x0000026797c6961c: ; ImmutableOopMap {}
                      ;*invokevirtual toString {reexecute=0 rethrow=0 return_oop=0}
                      ; - java.lang.NamedPackage::<init>@38 (line 49)
                      ; - java.lang.ClassLoader::getNamedPackage@22 (line 343)
                      ; - java.lang.ClassLoader::postDefineClass@9 (line 934)
                      ; - java.lang.ClassLoader::defineClass@37 (line 1028)
                      ; - java.security.SecureClassLoader::defineClass@12 (line 150)
  0x0000026797c6961c: e0a3 76ff 

  0x0000026797c69620: ;   {other}
  0x0000026797c69620: 0f1f 8400 | 1020 0041 | ba45 ffff | ff44 8954 | 2420 4489 | 5424 244c | 8b54 2460 | 4c89 5424 
  0x0000026797c69640: 304c 895c | 2458 4489 | 4424 6444 | 8944 2468 

  0x0000026797c69650: ;   {runtime_call UncommonTrapBlob}
  0x0000026797c69650: c5f8 77e8 

  0x0000026797c69654: ; ImmutableOopMap {[40]=Oop [48]=Oop [88]=Oop [136]=Oop }
                      ;*if_icmple {reexecute=1 rethrow=0 return_oop=0}
                      ; - (reexecute) jdk.internal.util.Preconditions::checkFromToIndex@11 (line 348)
                      ; - java.lang.String::checkBoundsBeginEnd@6 (line 4865)
                      ; - java.lang.String::substring@8 (line 2834)
                      ; - java.lang.Class::getPackageName@62 (line 1169)
                      ; - java.lang.ClassLoader::postDefineClass@2 (line 934)
                      ; - java.lang.ClassLoader::defineClass@37 (line 1028)
                      ; - java.security.SecureClassLoader::defineClass@12 (line 150)
  0x0000026797c69654: a8a3 76ff 

  0x0000026797c69658: ;   {other}
  0x0000026797c69658: 0f1f 8400 | 4820 0042 | ba45 ffff | ff48 8b6c | 2460 4489 | 4c24 484c | 895c 2450 | 4489 4424 
  0x0000026797c69678: 4c44 8954 | 2458 6690 

  0x0000026797c69680: ;   {runtime_call UncommonTrapBlob}
  0x0000026797c69680: c5f8 77e8 

  0x0000026797c69684: ; ImmutableOopMap {rbp=Oop [40]=Oop [72]=NarrowOop [76]=NarrowOop [80]=Oop [136]=Oop }
                      ;*ifeq {reexecute=1 rethrow=0 return_oop=0}
                      ; - (reexecute) java.util.concurrent.ConcurrentHashMap::get@76 (line 940)
                      ; - java.lang.ClassLoader::getNamedPackage@5 (line 341)
                      ; - java.lang.ClassLoader::postDefineClass@9 (line 934)
                      ; - java.lang.ClassLoader::defineClass@37 (line 1028)
                      ; - java.security.SecureClassLoader::defineClass@12 (line 150)
  0x0000026797c69684: 78a3 76ff 

  0x0000026797c69688: ;   {other}
  0x0000026797c69688: 0f1f 8400 | 7820 0043 | ba45 ffff | ff4c 8b5c | 2460 4c89 | 5c24 3044 | 8954 2438 

  0x0000026797c696a4: ;   {runtime_call UncommonTrapBlob}
  0x0000026797c696a4: c5f8 77e8 

  0x0000026797c696a8: ; ImmutableOopMap {rbp=NarrowOop [40]=Oop [48]=Oop [56]=NarrowOop [96]=Oop }
                      ;*ifnull {reexecute=1 rethrow=0 return_oop=0}
                      ; - (reexecute) java.security.CodeSource::getCertificates@4 (line 204)
                      ; - java.lang.ClassLoader::postDefineClass@24 (line 937)
                      ; - java.lang.ClassLoader::defineClass@37 (line 1028)
                      ; - java.security.SecureClassLoader::defineClass@12 (line 150)
  0x0000026797c696a8: 54a3 76ff 

  0x0000026797c696ac: ;   {other}
  0x0000026797c696ac: 0f1f 8400 | 9c20 0044 | ba45 ffff | ff4c 8b5c | 2460 4c89 | 5c24 3044 | 8954 2438 

  0x0000026797c696c8: ;   {runtime_call UncommonTrapBlob}
  0x0000026797c696c8: c5f8 77e8 

  0x0000026797c696cc: ; ImmutableOopMap {rbp=NarrowOop [40]=Oop [48]=Oop [56]=NarrowOop [96]=Oop }
                      ;*ifnull {reexecute=1 rethrow=0 return_oop=0}
                      ; - (reexecute) java.security.CodeSource::getCertificates@22 (line 207)
                      ; - java.lang.ClassLoader::postDefineClass@24 (line 937)
                      ; - java.lang.ClassLoader::defineClass@37 (line 1028)
                      ; - java.security.SecureClassLoader::defineClass@12 (line 150)
  0x0000026797c696cc: 30a3 76ff 

  0x0000026797c696d0: ;   {other}
  0x0000026797c696d0: 0f1f 8400 | c020 0045 | ba45 ffff | ff48 8b4c | 2460 4889 | 4c24 3044 | 894c 2450 | 4c89 5c24 
  0x0000026797c696f0: 5844 8944 | 2454 4489 | 5424 6089 | 5c24 6490 

  0x0000026797c69700: ;   {runtime_call UncommonTrapBlob}
  0x0000026797c69700: c5f8 77e8 

  0x0000026797c69704: ; ImmutableOopMap {[40]=Oop [48]=Oop [80]=NarrowOop [84]=NarrowOop [88]=Oop [136]=Oop }
                      ;*if_icmpne {reexecute=1 rethrow=0 return_oop=0}
                      ; - (reexecute) java.lang.String::equals@33 (line 1861)
                      ; - java.util.concurrent.ConcurrentHashMap::get@73 (line 940)
                      ; - java.lang.ClassLoader::getNamedPackage@5 (line 341)
                      ; - java.lang.ClassLoader::postDefineClass@9 (line 934)
                      ; - java.lang.ClassLoader::defineClass@37 (line 1028)
                      ; - java.security.SecureClassLoader::defineClass@12 (line 150)
  0x0000026797c69704: f8a2 76ff 

  0x0000026797c69708: ;   {other}
  0x0000026797c69708: 0f1f 8400 | f820 0046 | ba45 ffff | ff48 8b4c | 2460 4889 | 4c24 3044 | 894c 2450 | 4c89 5c24 
  0x0000026797c69728: 5844 8944 | 2454 4489 | 5424 6090 

  0x0000026797c69734: ;   {runtime_call UncommonTrapBlob}
  0x0000026797c69734: c5f8 77e8 

  0x0000026797c69738: ; ImmutableOopMap {[40]=Oop [48]=Oop [80]=NarrowOop [84]=NarrowOop [88]=Oop [136]=Oop }
                      ;*ifge {reexecute=1 rethrow=0 return_oop=0}
                      ; - (reexecute) java.util.concurrent.ConcurrentHashMap::get@86 (line 943)
                      ; - java.lang.ClassLoader::getNamedPackage@5 (line 341)
                      ; - java.lang.ClassLoader::postDefineClass@9 (line 934)
                      ; - java.lang.ClassLoader::defineClass@37 (line 1028)
                      ; - java.security.SecureClassLoader::defineClass@12 (line 150)
  0x0000026797c69738: c4a2 76ff 

  0x0000026797c6973c: ;   {other}
  0x0000026797c6973c: 0f1f 8400 | 2c21 0047 | 33ed 4585 | c040 0f94 | c5ba 45ff | ffff 4c8b | 4424 604c | 8944 2430 
  0x0000026797c6975c: 4489 4c24 | 5044 8954 | 2454 4c89 | 5c24 584c | 895c 2460 

  0x0000026797c69770: ;   {runtime_call UncommonTrapBlob}
  0x0000026797c69770: c5f8 77e8 

  0x0000026797c69774: ; ImmutableOopMap {[40]=Oop [48]=Oop [80]=NarrowOop [84]=NarrowOop [88]=Oop [96]=Oop [136]=Oop }
                      ;*ifeq {reexecute=1 rethrow=0 return_oop=0}
                      ; - (reexecute) java.lang.String::hashCode@20 (line 2369)
                      ; - java.util.concurrent.ConcurrentHashMap::get@1 (line 936)
                      ; - java.lang.ClassLoader::getNamedPackage@5 (line 341)
                      ; - java.lang.ClassLoader::postDefineClass@9 (line 934)
                      ; - java.lang.ClassLoader::defineClass@37 (line 1028)
                      ; - java.security.SecureClassLoader::defineClass@12 (line 150)
  0x0000026797c69774: 88a2 76ff 

  0x0000026797c69778: ;   {other}
  0x0000026797c69778: 0f1f 8400 | 6821 0048 | baf6 ffff | ff48 8b6c | 2420 6690 

  0x0000026797c6978c: ;   {runtime_call UncommonTrapBlob}
  0x0000026797c6978c: c5f8 77e8 

  0x0000026797c69790: ; ImmutableOopMap {rbp=Oop [56]=Oop }
                      ;*invokevirtual putIfAbsent {reexecute=0 rethrow=0 return_oop=0}
                      ; - java.lang.ClassLoader::getNamedPackage@32 (line 345)
                      ; - java.lang.ClassLoader::postDefineClass@9 (line 934)
                      ; - java.lang.ClassLoader::defineClass@37 (line 1028)
                      ; - java.security.SecureClassLoader::defineClass@12 (line 150)
  0x0000026797c69790: 6ca2 76ff 

  0x0000026797c69794: ;   {other}
  0x0000026797c69794: 0f1f 8400 | 8421 0049 | 488b e8ba | 54ff ffff | 4c8b 5424 | 604c 8954 | 2430 6690 

  0x0000026797c697b0: ;   {runtime_call UncommonTrapBlob}
  0x0000026797c697b0: c5f8 77e8 

  0x0000026797c697b4: ; ImmutableOopMap {rbp=Oop [40]=Oop [48]=Oop [64]=NarrowOop [72]=Oop [96]=Oop [136]=Oop }
                      ;*ifnull {reexecute=1 rethrow=0 return_oop=0}
                      ; - (reexecute) java.lang.ClassLoader::getNamedPackage@42 (line 346)
                      ; - java.lang.ClassLoader::postDefineClass@9 (line 934)
                      ; - java.lang.ClassLoader::defineClass@37 (line 1028)
                      ; - java.security.SecureClassLoader::defineClass@12 (line 150)
  0x0000026797c697b4: 48a2 76ff 

  0x0000026797c697b8: ;   {other}
  0x0000026797c697b8: 0f1f 8400 | a821 004a | ba45 ffff | ff4c 8b44 | 2460 4c89 | 4424 3044 | 894c 2450 | 4c89 5c24 
  0x0000026797c697d8: 5848 897c | 2460 4489 | 5424 5490 

  0x0000026797c697e4: ;   {runtime_call UncommonTrapBlob}
  0x0000026797c697e4: c5f8 77e8 

  0x0000026797c697e8: ; ImmutableOopMap {rbp=NarrowOop [40]=Oop [48]=Oop [80]=NarrowOop [88]=Oop [96]=Oop [136]=Oop }
                      ;*ifnull {reexecute=1 rethrow=0 return_oop=0}
                      ; - (reexecute) java.util.concurrent.ConcurrentHashMap::get@143 (line 946)
                      ; - java.lang.ClassLoader::getNamedPackage@5 (line 341)
                      ; - java.lang.ClassLoader::postDefineClass@9 (line 934)
                      ; - java.lang.ClassLoader::defineClass@37 (line 1028)
                      ; - java.security.SecureClassLoader::defineClass@12 (line 150)
  0x0000026797c697e8: 14a2 76ff 

  0x0000026797c697ec: ;   {other}
  0x0000026797c697ec: 0f1f 8400 | dc21 004b | ba37 0100 | 0048 8be9 | 4c8b 5424 | 384c 8954 | 2428 6690 

  0x0000026797c69808: ;   {runtime_call UncommonTrapBlob}
  0x0000026797c69808: c5f8 77e8 

  0x0000026797c6980c: ; ImmutableOopMap {rbp=Oop [40]=Oop [48]=Oop }
                      ;*new {reexecute=0 rethrow=0 return_oop=0}
                      ; - java.lang.ClassLoader::preDefineClass@56 (line 908)
                      ; - java.lang.ClassLoader::defineClass@4 (line 1025)
                      ; - java.security.SecureClassLoader::defineClass@12 (line 150)
  0x0000026797c6980c: f0a1 76ff 

  0x0000026797c69810: ;   {other}
  0x0000026797c69810: 0f1f 8400 | 0022 004c | bade ffff | ff48 8b6c | 2428 4c8b | 5424 304c | 8954 2420 | 4c8b 5424 
  0x0000026797c69830: 384c 8954 | 2428 4889 | 4424 3890 

  0x0000026797c6983c: ;   {runtime_call UncommonTrapBlob}
  0x0000026797c6983c: c5f8 77e8 

  0x0000026797c69840: ; ImmutableOopMap {rbp=Oop [32]=Oop [40]=Oop [56]=Oop }
                      ;*checkcast {reexecute=0 rethrow=0 return_oop=0}
                      ; - java.security.SecureClassLoader::getProtectionDomain@33 (line 222)
                      ; - java.security.SecureClassLoader::defineClass@9 (line 150)
  0x0000026797c69840: bca1 76ff 

  0x0000026797c69844: ;   {other}
  0x0000026797c69844: 0f1f 8400 | 3422 004d | bade ffff | ff48 8b6c | 2428 4889 | 4424 5090 

  0x0000026797c6985c: ;   {runtime_call UncommonTrapBlob}
  0x0000026797c6985c: c5f8 77e8 

  0x0000026797c69860: ; ImmutableOopMap {rbp=Oop [32]=Oop [48]=Oop [56]=Oop [80]=Oop [136]=Oop }
                      ;*checkcast {reexecute=0 rethrow=0 return_oop=0}
                      ; - java.lang.ClassLoader::checkCerts@65 (line 1171)
                      ; - java.lang.ClassLoader::preDefineClass@113 (line 917)
                      ; - java.lang.ClassLoader::defineClass@4 (line 1025)
                      ; - java.security.SecureClassLoader::defineClass@12 (line 150)
  0x0000026797c69860: 9ca1 76ff 

  0x0000026797c69864: ;   {other}
  0x0000026797c69864: 0f1f 8400 | 5422 004e | baf6 ffff | ff49 8be8 | 4c89 4c24 | 2066 6690 

  0x0000026797c6987c: ;   {runtime_call UncommonTrapBlob}
  0x0000026797c6987c: c5f8 77e8 

  0x0000026797c69880: ; ImmutableOopMap {rbp=Oop [32]=Oop }
                      ;*invokeinterface computeIfAbsent {reexecute=0 rethrow=0 return_oop=0}
                      ; - java.security.SecureClassLoader::getProtectionDomain@28 (line 222)
                      ; - java.security.SecureClassLoader::defineClass@9 (line 150)
  0x0000026797c69880: 7ca1 76ff 

  0x0000026797c69884: ;   {other}
  0x0000026797c69884: 0f1f 8400 | 7422 004f | baf4 ffff | ff48 8b6c | 2428 4c8b | 5424 304c | 8954 2420 

  0x0000026797c698a0: ;   {runtime_call UncommonTrapBlob}
  0x0000026797c698a0: c5f8 77e8 

  0x0000026797c698a4: ; ImmutableOopMap {rbp=Oop [32]=Oop [56]=Oop }
                      ;*checkcast {reexecute=0 rethrow=0 return_oop=0}
                      ; - java.security.SecureClassLoader::getProtectionDomain@33 (line 222)
                      ; - java.security.SecureClassLoader::defineClass@9 (line 150)
  0x0000026797c698a4: 58a1 76ff 

  0x0000026797c698a8: ;   {other}
  0x0000026797c698a8: 0f1f 8400 | 9822 0050 | baf6 ffff | ff66 6690 

  0x0000026797c698b8: ;   {runtime_call UncommonTrapBlob}
  0x0000026797c698b8: c5f8 77e8 

  0x0000026797c698bc: ; ImmutableOopMap {}
                      ;*arraylength {reexecute=0 rethrow=0 return_oop=0}
                      ; - java.lang.String::isEmpty@4 (line 1532)
                      ; - java.lang.ClassLoader::checkName@5 (line 1155)
                      ; - java.lang.ClassLoader::preDefineClass@1 (line 900)
                      ; - java.lang.ClassLoader::defineClass@4 (line 1025)
                      ; - java.security.SecureClassLoader::defineClass@12 (line 150)
  0x0000026797c698bc: 40a1 76ff 

  0x0000026797c698c0: ;   {other}
  0x0000026797c698c0: 0f1f 8400 | b022 0051 | baf6 ffff | ff66 6690 

  0x0000026797c698d0: ;   {runtime_call UncommonTrapBlob}
  0x0000026797c698d0: c5f8 77e8 

  0x0000026797c698d4: ; ImmutableOopMap {}
                      ;*arraylength {reexecute=0 rethrow=0 return_oop=0}
                      ; - java.lang.StringLatin1::charAt@2 (line 46)
                      ; - java.lang.String::charAt@12 (line 1555)
                      ; - java.lang.ClassLoader::checkName@25 (line 1157)
                      ; - java.lang.ClassLoader::preDefineClass@1 (line 900)
                      ; - java.lang.ClassLoader::defineClass@4 (line 1025)
                      ; - java.security.SecureClassLoader::defineClass@12 (line 150)
  0x0000026797c698d4: 28a1 76ff 

  0x0000026797c698d8: ;   {other}
  0x0000026797c698d8: 0f1f 8400 | c822 0052 | baf6 ffff | ff66 6690 

  0x0000026797c698e8: ;   {runtime_call UncommonTrapBlob}
  0x0000026797c698e8: c5f8 77e8 

  0x0000026797c698ec: ; ImmutableOopMap {}
                      ;*arraylength {reexecute=0 rethrow=0 return_oop=0}
                      ; - java.lang.String::length@4 (line 1519)
                      ; - java.lang.String::startsWith@6 (line 2285)
                      ; - java.lang.String::startsWith@3 (line 2327)
                      ; - java.lang.ClassLoader::preDefineClass@43 (line 906)
                      ; - java.lang.ClassLoader::defineClass@4 (line 1025)
                      ; - java.security.SecureClassLoader::defineClass@12 (line 150)
  0x0000026797c698ec: 10a1 76ff 

  0x0000026797c698f0: ;   {other}
  0x0000026797c698f0: 0f1f 8400 | e022 0053 | baf6 ffff | ff66 6690 

  0x0000026797c69900: ;   {runtime_call UncommonTrapBlob}
  0x0000026797c69900: c5f8 77e8 

  0x0000026797c69904: ; ImmutableOopMap {}
                      ;*invokevirtual getPackageName {reexecute=0 rethrow=0 return_oop=0}
                      ; - java.lang.ClassLoader::postDefineClass@2 (line 934)
                      ; - java.lang.ClassLoader::defineClass@37 (line 1028)
                      ; - java.security.SecureClassLoader::defineClass@12 (line 150)
  0x0000026797c69904: f8a0 76ff 

  0x0000026797c69908: ;   {other}
  0x0000026797c69908: 0f1f 8400 | f822 0054 | baf6 ffff | ff66 6690 

  0x0000026797c69918: ;   {runtime_call UncommonTrapBlob}
  0x0000026797c69918: c5f8 77e8 

  0x0000026797c6991c: ; ImmutableOopMap {}
                      ;*invokevirtual hashCode {reexecute=0 rethrow=0 return_oop=0}
                      ; - java.util.concurrent.ConcurrentHashMap::get@1 (line 936)
                      ; - java.lang.ClassLoader::getNamedPackage@5 (line 341)
                      ; - java.lang.ClassLoader::postDefineClass@9 (line 934)
                      ; - java.lang.ClassLoader::defineClass@37 (line 1028)
                      ; - java.security.SecureClassLoader::defineClass@12 (line 150)
  0x0000026797c6991c: e0a0 76ff 

  0x0000026797c69920: ;   {other}
  0x0000026797c69920: 0f1f 8400 | 1023 0055 | 33ed 4d85 | d240 0f94 | c5ba 45ff | ffff 4889 | 4424 3048 | 8944 2448 
  0x0000026797c69940: ;   {runtime_call UncommonTrapBlob}
  0x0000026797c69940: c5f8 77e8 

  0x0000026797c69944: ; ImmutableOopMap {[40]=Oop [48]=Oop [72]=Oop [136]=Oop }
                      ;*ifeq {reexecute=1 rethrow=0 return_oop=0}
                      ; - (reexecute) java.lang.Class::getPackageName@29 (line 1164)
                      ; - java.lang.ClassLoader::postDefineClass@2 (line 934)
                      ; - java.lang.ClassLoader::defineClass@37 (line 1028)
                      ; - java.security.SecureClassLoader::defineClass@12 (line 150)
  0x0000026797c69944: b8a0 76ff 

  0x0000026797c69948: ;   {other}
  0x0000026797c69948: 0f1f 8400 | 3823 0056 | baf6 ffff | ff66 6690 

  0x0000026797c69958: ;   {runtime_call UncommonTrapBlob}
  0x0000026797c69958: c5f8 77e8 

  0x0000026797c6995c: ; ImmutableOopMap {}
                      ;*arraylength {reexecute=0 rethrow=0 return_oop=0}
                      ; - java.lang.String::length@4 (line 1519)
                      ; - java.lang.String::lastIndexOf@3 (line 2535)
                      ; - java.lang.Class::getPackageName@47 (line 1168)
                      ; - java.lang.ClassLoader::postDefineClass@2 (line 934)
                      ; - java.lang.ClassLoader::defineClass@37 (line 1028)
                      ; - java.security.SecureClassLoader::defineClass@12 (line 150)
  0x0000026797c6995c: a0a0 76ff 

  0x0000026797c69960: ;   {other}
  0x0000026797c69960: 0f1f 8400 | 5023 0057 | ba45 ffff | ff48 8b6c | 2428 4c89 | 5424 2090 

  0x0000026797c69978: ;   {runtime_call UncommonTrapBlob}
  0x0000026797c69978: c5f8 77e8 

  0x0000026797c6997c: ; ImmutableOopMap {rbp=Oop [32]=Oop [56]=Oop [136]=Oop }
                      ;*ifnull {reexecute=1 rethrow=0 return_oop=0}
                      ; - (reexecute) java.lang.ClassLoader::checkName@1 (line 1155)
                      ; - java.lang.ClassLoader::preDefineClass@1 (line 900)
                      ; - java.lang.ClassLoader::defineClass@4 (line 1025)
                      ; - java.security.SecureClassLoader::defineClass@12 (line 150)
  0x0000026797c6997c: 80a0 76ff 

  0x0000026797c69980: ;   {other}
  0x0000026797c69980: 0f1f 8400 | 7023 0058 | ba45 ffff | ff48 8b6c | 2428 4c8b | 5424 384c | 8954 2428 | 448b 5424 
  0x0000026797c699a0: 4044 8954 | 2438 448b | 5424 4444 | 8954 243c | 4889 5c24 | 4848 8974 | 2458 4489 | 7424 5490 
  0x0000026797c699c0: ;   {runtime_call UncommonTrapBlob}
  0x0000026797c699c0: c5f8 77e8 

  0x0000026797c699c4: ; ImmutableOopMap {rbp=Oop [40]=Oop [48]=Oop [72]=Oop [84]=NarrowOop [88]=Oop [136]=Oop }
                      ;*ifnull {reexecute=1 rethrow=0 return_oop=0}
                      ; - (reexecute) java.lang.ClassLoader::checkCerts@30 (line 1167)
                      ; - java.lang.ClassLoader::preDefineClass@113 (line 917)
                      ; - java.lang.ClassLoader::defineClass@4 (line 1025)
                      ; - java.security.SecureClassLoader::defineClass@12 (line 150)
  0x0000026797c699c4: 38a0 76ff 

  0x0000026797c699c8: ;   {other}
  0x0000026797c699c8: 0f1f 8400 | b823 0059 | ba45 ffff | ff48 8b6c | 2428 4c8b | 5c24 304c | 895c 2420 | 4c8b 5c24 
  0x0000026797c699e8: 384c 895c | 2428 448b | 5c24 4044 | 895c 2430 | 448b 4424 | 4444 8944 | 2434 4489 | 5424 4490 
  0x0000026797c69a08: ;   {runtime_call UncommonTrapBlob}
  0x0000026797c69a08: c5f8 77e8 

  0x0000026797c69a0c: ; ImmutableOopMap {rbp=Oop [32]=Oop [40]=Oop [68]=NarrowOop [136]=Oop }
                      ;*ifnull {reexecute=1 rethrow=0 return_oop=0}
                      ; - (reexecute) java.lang.ClassLoader::defineClassSourceLocation@8 (line 926)
                      ; - java.lang.ClassLoader::defineClass@12 (line 1026)
                      ; - java.security.SecureClassLoader::defineClass@12 (line 150)
  0x0000026797c69a0c: f09f 76ff 

  0x0000026797c69a10: ;   {other}
  0x0000026797c69a10: 0f1f 8400 | 0024 005a | ba45 ffff | ff4c 8b54 | 2428 4c89 | 5424 204c | 8b54 2430 | 4c89 5424 
  0x0000026797c69a30: 284c 8b54 | 2438 4c89 | 5424 3044 | 8b5c 2440 | 4489 5c24 | 3844 8b54 | 2444 4489 | 5424 3c90 
  0x0000026797c69a50: ;   {runtime_call UncommonTrapBlob}
  0x0000026797c69a50: c5f8 77e8 

  0x0000026797c69a54: ; ImmutableOopMap {rbp=NarrowOop [32]=Oop [40]=Oop [48]=Oop [136]=Oop }
                      ;*ifnull {reexecute=1 rethrow=0 return_oop=0}
                      ; - (reexecute) java.lang.ClassLoader::defineClassSourceLocation@15 (line 926)
                      ; - java.lang.ClassLoader::defineClass@12 (line 1026)
                      ; - java.security.SecureClassLoader::defineClass@12 (line 150)
  0x0000026797c69a54: a89f 76ff 

  0x0000026797c69a58: ;   {other}
  0x0000026797c69a58: 0f1f 8400 | 4824 005b | ba45 ffff | ff48 8b6c | 2460 4489 | 5424 2090 

  0x0000026797c69a70: ;   {runtime_call UncommonTrapBlob}
  0x0000026797c69a70: c5f8 77e8 

  0x0000026797c69a74: ; ImmutableOopMap {rbp=Oop [32]=NarrowOop }
                      ;*ifnull {reexecute=1 rethrow=0 return_oop=0}
                      ; - (reexecute) java.lang.ClassLoader::postDefineClass@17 (line 936)
                      ; - java.lang.ClassLoader::defineClass@37 (line 1028)
                      ; - java.security.SecureClassLoader::defineClass@12 (line 150)
  0x0000026797c69a74: 889f 76ff 

  0x0000026797c69a78: ;   {other}
  0x0000026797c69a78: 0f1f 8400 | 6824 005c | ba45 ffff | ff48 8b4c | 2460 4889 | 4c24 3044 | 894c 2450 | 4c89 5c24 
  0x0000026797c69a98: 5844 8944 | 2454 4489 | 5424 6090 

  0x0000026797c69aa4: ;   {runtime_call UncommonTrapBlob}
  0x0000026797c69aa4: c5f8 77e8 

  0x0000026797c69aa8: ; ImmutableOopMap {rbp=NarrowOop [40]=Oop [48]=Oop [80]=NarrowOop [84]=NarrowOop [88]=Oop [136]=Oop }
                      ;*ifnull {reexecute=1 rethrow=0 return_oop=0}
                      ; - (reexecute) java.util.concurrent.ConcurrentHashMap::get@67 (line 940)
                      ; - java.lang.ClassLoader::getNamedPackage@5 (line 341)
                      ; - java.lang.ClassLoader::postDefineClass@9 (line 934)
                      ; - java.lang.ClassLoader::defineClass@37 (line 1028)
                      ; - java.security.SecureClassLoader::defineClass@12 (line 150)
  0x0000026797c69aa8: 549f 76ff 

  0x0000026797c69aac: ;   {other}
  0x0000026797c69aac: 0f1f 8400 | 9c24 005d | ba97 ffff | ff4c 8b54 | 2460 4c89 | 5424 5044 | 8b5c 2468 | 4489 5c24 
  0x0000026797c69acc: 584c 8b54 | 2470 4c89 | 5424 6890 

  0x0000026797c69ad8: ;   {runtime_call UncommonTrapBlob}
  0x0000026797c69ad8: c5f8 77e8 

  0x0000026797c69adc: ; ImmutableOopMap {rbp=NarrowOop [32]=Oop [48]=Oop [56]=Oop [72]=Oop [80]=Oop [88]=NarrowOop [104]=Oop [112]=Oop }
                      ;*invokevirtual clone {reexecute=1 rethrow=0 return_oop=0}
                      ; - (reexecute) java.util.Arrays::copyOfRange@18 (line 3856)
                      ; - java.lang.StringLatin1::newString@16 (line 752)
                      ; - java.lang.String::substring@41 (line 2839)
                      ; - java.lang.ClassLoader::checkCerts@21 (line 1164)
                      ; - java.lang.ClassLoader::preDefineClass@113 (line 917)
                      ; - java.lang.ClassLoader::defineClass@4 (line 1025)
                      ; - java.security.SecureClassLoader::defineClass@12 (line 150)
  0x0000026797c69adc: 209f 76ff 

  0x0000026797c69ae0: ;   {other}
  0x0000026797c69ae0: 0f1f 8400 | d024 005e | ba97 ffff | ff66 6690 

  0x0000026797c69af0: ;   {runtime_call UncommonTrapBlob}
  0x0000026797c69af0: c5f8 77e8 

  0x0000026797c69af4: ; ImmutableOopMap {rbp=NarrowOop [40]=Oop [48]=Oop [56]=Oop [136]=Oop }
                      ;*invokevirtual clone {reexecute=1 rethrow=0 return_oop=0}
                      ; - (reexecute) java.util.Arrays::copyOfRange@18 (line 3856)
                      ; - java.lang.StringLatin1::newString@16 (line 752)
                      ; - java.lang.String::substring@41 (line 2839)
                      ; - java.lang.Class::getPackageName@62 (line 1169)
                      ; - java.lang.ClassLoader::postDefineClass@2 (line 934)
                      ; - java.lang.ClassLoader::defineClass@37 (line 1028)
                      ; - java.security.SecureClassLoader::defineClass@12 (line 150)
  0x0000026797c69af4: 089f 76ff 

  0x0000026797c69af8: ;   {other}
  0x0000026797c69af8: 0f1f 8400 | e824 005f | eb34 eb32 | eb30 eb2e | eb2c eb2a | eb28 eb26 | eb24 eb22 | eb20 eb1e 
  0x0000026797c69b18: eb1c eb1a | eb18 eb16 | eb14 eb12 | eb10 eb0e | eb0c eb0a | eb08 eb06 | eb04 eb02 | eb00 488b 
  0x0000026797c69b38: d0e9 c3eb 

  0x0000026797c69b3c: ;   {internal_word}
  0x0000026797c69b3c: ffff 49ba | 9688 c697 | 6702 0000 | 4d89 9760 

  0x0000026797c69b4c: ;   {runtime_call SafepointBlob}
  0x0000026797c69b4c: 0400 00e9 | acaf 76ff 

  0x0000026797c69b54: ;   {runtime_call StubRoutines (final stubs)}
  0x0000026797c69b54: e887 ee74 | ffe9 20df | ffff f4f4 
[Stub Code]
  0x0000026797c69b60: ;   {no_reloc}
  0x0000026797c69b60: 48bb 2054 | 069f 6702 

  0x0000026797c69b68: ;   {runtime_call I2C/C2I adapters}
  0x0000026797c69b68: 0000 e9fc 

  0x0000026797c69b6c: ;   {static_stub}
  0x0000026797c69b6c: 1476 ff48 | bb00 0000 | 0000 0000 

  0x0000026797c69b78: ;   {runtime_call nmethod}
  0x0000026797c69b78: 00e9 fbff 

  0x0000026797c69b7c: ;   {static_stub}
  0x0000026797c69b7c: ffff 48bb | 0000 0000 | 0000 0000 

  0x0000026797c69b88: ;   {runtime_call nmethod}
  0x0000026797c69b88: e9fb ffff 

  0x0000026797c69b8c: ;   {static_stub}
  0x0000026797c69b8c: ff48 bb00 | 0000 0000 

  0x0000026797c69b94: ;   {runtime_call nmethod}
  0x0000026797c69b94: 0000 00e9 | fbff ffff 

  0x0000026797c69b9c: ;   {static_stub}
  0x0000026797c69b9c: 48bb 0000 | 0000 0000 

  0x0000026797c69ba4: ;   {runtime_call nmethod}
  0x0000026797c69ba4: 0000 e9fb 

  0x0000026797c69ba8: ;   {static_stub}
  0x0000026797c69ba8: ffff ff48 | bb00 0000 | 0000 0000 

  0x0000026797c69bb4: ;   {runtime_call nmethod}
  0x0000026797c69bb4: 00e9 fbff 

  0x0000026797c69bb8: ;   {static_stub}
  0x0000026797c69bb8: ffff 48bb | 0000 0000 | 0000 0000 

  0x0000026797c69bc4: ;   {runtime_call nmethod}
  0x0000026797c69bc4: e9fb ffff 

  0x0000026797c69bc8: ;   {static_stub}
  0x0000026797c69bc8: ff48 bb00 | 0000 0000 

  0x0000026797c69bd0: ;   {runtime_call nmethod}
  0x0000026797c69bd0: 0000 00e9 | fbff ffff 

  0x0000026797c69bd8: ;   {static_stub}
  0x0000026797c69bd8: 48bb 0000 | 0000 0000 

  0x0000026797c69be0: ;   {runtime_call nmethod}
  0x0000026797c69be0: 0000 e9fb 

  0x0000026797c69be4: ;   {static_stub}
  0x0000026797c69be4: ffff ff48 | bb00 0000 | 0000 0000 

  0x0000026797c69bf0: ;   {runtime_call nmethod}
  0x0000026797c69bf0: 00e9 fbff 

  0x0000026797c69bf4: ;   {static_stub}
  0x0000026797c69bf4: ffff 48bb | 0000 0000 | 0000 0000 

  0x0000026797c69c00: ;   {runtime_call nmethod}
  0x0000026797c69c00: e9fb ffff 

  0x0000026797c69c04: ;   {static_stub}
  0x0000026797c69c04: ff48 bb00 | 0000 0000 

  0x0000026797c69c0c: ;   {runtime_call nmethod}
  0x0000026797c69c0c: 0000 00e9 | fbff ffff 

  0x0000026797c69c14: ;   {static_stub}
  0x0000026797c69c14: 48bb 0000 | 0000 0000 

  0x0000026797c69c1c: ;   {runtime_call nmethod}
  0x0000026797c69c1c: 0000 e9fb 

  0x0000026797c69c20: ;   {static_stub}
  0x0000026797c69c20: ffff ff48 | bb00 0000 | 0000 0000 

  0x0000026797c69c2c: ;   {runtime_call nmethod}
  0x0000026797c69c2c: 00e9 fbff 

  0x0000026797c69c30: ;   {static_stub}
  0x0000026797c69c30: ffff 48bb | 0000 0000 | 0000 0000 

  0x0000026797c69c3c: ;   {runtime_call nmethod}
  0x0000026797c69c3c: e9fb ffff 

  0x0000026797c69c40: ;   {static_stub}
  0x0000026797c69c40: ff48 bb68 | 7840 9f67 

  0x0000026797c69c48: ;   {runtime_call I2C/C2I adapters}
  0x0000026797c69c48: 0200 00e9 | 1ef3 73ff 

  0x0000026797c69c50: ;   {static_stub}
  0x0000026797c69c50: 48bb 0000 | 0000 0000 

  0x0000026797c69c58: ;   {runtime_call nmethod}
  0x0000026797c69c58: 0000 e9fb 

  0x0000026797c69c5c: ;   {static_stub}
  0x0000026797c69c5c: ffff ff48 | bb00 0000 | 0000 0000 

  0x0000026797c69c68: ;   {runtime_call nmethod}
  0x0000026797c69c68: 00e9 fbff 

  0x0000026797c69c6c: ;   {runtime_call ExceptionBlob}
  0x0000026797c69c6c: ffff e90d | cd81 ffe8 | 0000 0000 | 4883 2c24 

  0x0000026797c69c7c: ;   {runtime_call DeoptimizationBlob}
  0x0000026797c69c7c: 05e9 1ea1 | 76ff f4f4 | f4f4 f4f4 
[/MachCode]


Compiled method (c2) 30915 4479       4       java.net.URLClassLoader$1::run (5 bytes)
 total in heap  [0x0000026797b87290,0x0000026797b96f18] = 64648
 relocation     [0x0000026797b873f0,0x0000026797b87d78] = 2440
 constants      [0x0000026797b87d80,0x0000026797b87da0] = 32
 main code      [0x0000026797b87da0,0x0000026797b91498] = 38648
 stub code      [0x0000026797b91498,0x0000026797b91738] = 672
 oops           [0x0000026797b91738,0x0000026797b917a8] = 112
 metadata       [0x0000026797b917a8,0x0000026797b91cd8] = 1328
 scopes data    [0x0000026797b91cd8,0x0000026797b94f68] = 12944
 scopes pcs     [0x0000026797b94f68,0x0000026797b961b8] = 4688
 dependencies   [0x0000026797b961b8,0x0000026797b96278] = 192
 handler table  [0x0000026797b96278,0x0000026797b96de8] = 2928
 nul chk table  [0x0000026797b96de8,0x0000026797b96f18] = 304


[Constant Pool]
             Address          hex4                    hex8      
  0x0000026797b87d80:   0x3f400000      0xf4f4f4f43f400000      
  0x0000026797b87d84:   0xf4f4f4f4                              
  0x0000026797b87d88:   0xf4f4f4f4      0xf4f4f4f4f4f4f4f4      
  0x0000026797b87d8c:   0xf4f4f4f4                              
  0x0000026797b87d90:   0xf4f4f4f4      0xf4f4f4f4f4f4f4f4      
  0x0000026797b87d94:   0xf4f4f4f4                              
  0x0000026797b87d98:   0xf4f4f4f4      0xf4f4f4f4f4f4f4f4      
  0x0000026797b87d9c:   0xf4f4f4f4                              

[MachCode]
[Entry Point]
  # {method} {0x00000267ad09fd18} 'run' '()Ljava/lang/Object;' in 'java/net/URLClassLoader$1'
  #           [sp+0x100]  (sp of caller)
  0x0000026797b87da0: ;   {no_reloc}
  0x0000026797b87da0: 448b 5208 | 49bb 0000 | 009f 6702 | 0000 4d03 | d349 3bc2 

  0x0000026797b87db4: ;   {runtime_call ic_miss_stub}
  0x0000026797b87db4: 0f85 c666 | 84ff 6690 | 0f1f 4000 
[Verified Entry Point]
  0x0000026797b87dc0: 8984 2400 | 80ff ff55 | 4881 ecf0 | 0000 0090 | 4181 7f20 | 0400 0000 | 0f85 b096 | 0000 4889 
  0x0000026797b87de0: 5424 5044 | 8b5a 0c45 | 0fbe 5310 | 4585 d20f | 853f 5c00 | 0041 8b7b | 148b 4f0c | 498b eb4d 
  0x0000026797b87e00: 8b97 8003 | 0000 498b | 1a85 c90f | 8681 0000 | 008d 51ff | 3bd1 0f83 | 0855 0000 | 8d41 fd80 
  0x0000026797b87e20: 7f10 2e0f | 8436 3700 | 0083 f801 | 0f8e e455 | 0000 be01 | 0000 0066 | 0f1f 8400 | 0000 0000 
  0x0000026797b87e40: 4c63 d646 | 0fbe 4c17 | 1041 83f9 | 2e74 5846 | 0fbe 4c17 | 1141 83f9 | 2e74 4546 | 0fbe 4c17 
  0x0000026797b87e60: 1241 83f9 | 2e74 3d46 | 0fbe 4417 | 1341 83f8 | 2e74 2a83 | c604 3bf0 | 7cc6 3bf1 | 7d14 6690 
  0x0000026797b87e80: 440f be44 | 3710 4183 | f82e 741b | ffc6 3bf1 | 7cee 4c8b | cf4c 8bdd | e9fd 0100 | 0083 c602 
  0x0000026797b87ea0: ffc6 eb03 | 83c6 023b | f17d e781 | f900 0010 

  0x0000026797b87eb0: ;   {no_reloc}
  0x0000026797b87eb0: 000f 87e3 | 4700 004d | 8b8f b801 | 0000 4c63 | d149 83c2 | 1749 83e2 | f84d 8bc1 | 4d03 c24d 
  0x0000026797b87ed0: 3b87 c801 | 0000 0f83 | be47 0000 | 4d89 87b8 | 0100 0041 | 0f18 8000 | 0100 0049 | c701 0100 
  0x0000026797b87ef0: 0000 410f | 1880 4001 

  0x0000026797b87ef8: ;   {metadata({type array byte})}
  0x0000026797b87ef8: 0000 41c7 | 4108 1823 | 0000 4189 | 490c 410f | 1880 8001 | 0000 85f6 | 7e34 448d | 46ff 443b 
  0x0000026797b87f18: c10f 8339 | 5b00 0085 | c90f 8631 | 5b00 0045 | 33d2 660f | 1f44 0000 | 4d63 ea46 | 0fbe 442f 
  0x0000026797b87f38: 1047 8844 | 2910 41ff | c244 3bd6 | 7cea 3bf1 | 0f8d 0401 | 0000 3bf1 | 0f83 c255 | 0000 3bd1 
  0x0000026797b87f58: 0f83 ba55 | 0000 448d | 5e01 4c63 | c646 0fbe | 5407 1041 | 83fa 2e0f | 8424 1900 | 0047 8854 
  0x0000026797b87f78: 0110 448d | 5601 453b | d37d 0541 | 8bf2 ebda | 443b d00f | 8d9a 0000 | 00ff c6eb | 3941 b82f 
  0x0000026797b87f98: 0000 000f | 1f44 0000 | 4788 4411 | 1146 0fbe | 4417 1241 | 83f8 2e74 | 4f47 8844 | 1112 460f 
  0x0000026797b87fb8: be44 1713 | 4183 f82e | 742e 4788 | 4411 1383 | c604 3bf0 | 7d60 4c63 | d646 0fbe | 4417 1041 
  0x0000026797b87fd8: 83f8 2e74 | 1b47 8844 | 1110 460f | be44 1711 | 4183 f82e | 75b2 eba5 | 41b8 2f00 | 0000 ebca 
  0x0000026797b87ff8: ;   {no_reloc}
  0x0000026797b87ff8: 41b8 2f00 | 0000 ebdd | 41b8 2f00 | 0000 eba9 | c644 1510 | 2ec6 4415 | 1163 c644 | 1512 6cc6 
  0x0000026797b88018: 4415 1361 | c644 1514 | 73c6 4415 | 1573 e963 | 0100 0041 | 8bf2 3bf1 | 7d20 6690 | 4c63 d646 
  0x0000026797b88038: 0fbe 5c17 | 1041 83fb | 2e0f 84ec | 2400 0047 | 885c 1110 | ffc6 3bf1 | 7ce2 4d8b | 9fb8 0100 
  0x0000026797b88058: 004d 8bd3 | 4983 c218 | 4d3b 97c8 | 0100 000f | 83a9 4600 | 004d 8997 | b801 0000 | 410f 1882 
  0x0000026797b88078: 0001 0000 | 49c7 0301 

  0x0000026797b88080: ;   {metadata('java/lang/String')}
  0x0000026797b88080: 0000 0041 | c743 0870 | ea00 0045 | 8963 0c4d | 8963 104d | 8bd1 4589 | 5314 418b | 790c 85ff 
  0x0000026797b880a0: 0f86 2f0a | 0000 450f | be43 10c4 | 623a f7d7 | 4963 c241 | 83f8 010f | 8427 5a00 | 0045 85d2 
  0x0000026797b880c0: 0f8c be59 | 0000 488d | 7006 8bee | 85ed 0f8c | d459 0000 | 488b ce48 | c1f9 208b | c9c4 e271 
  0x0000026797b880e0: f7cd 85c9 | 0f8c 265a | 0000 81f9 | 0000 1000 | 0f87 2a53 | 0000 4863 | d181 f900 | 0010 000f 
  0x0000026797b88100: 87ff 4100 | 0049 8baf | b801 0000 | 4883 c217 | 4883 e2f8 | 4c8b ed4c | 03ea 4d3b | afc8 0100 
  0x0000026797b88120: 000f 83dd | 4100 004d | 89af b801 | 0000 410f | 1885 0001 | 0000 48c7 | 4500 0100 | 0000 410f 
  0x0000026797b88140: 1885 4001 

  0x0000026797b88144: ;   {metadata({type array byte})}
  0x0000026797b88144: 0000 c745 | 0818 2300 | 0089 4d0c | 410f 1885 | 8001 0000 | 418d 7206 | 3bce 0f82 | c452 0000 
  0x0000026797b88164: 4963 d245 | 85d2 0f8e | 98fe ffff | c644 1515 | 73c6 4415 | 1473 c644 | 1513 61c6 | 4415 126c 
  0x0000026797b88184: c644 1511 | 63c6 4415 | 102e 4585 | c00f 852d | 5900 003b | cf0f 82ad | 5200 0085 | ff76 2949 
  0x0000026797b881a4: 83c1 1048 | 8bd5 4883 | c210 4c63 | c749 8bc9 | c5f8 7749 | bac0 6d3b | 9767 0200 | 0041 ffd2 
  0x0000026797b881c4: ;   {other}
  0x0000026797b881c4: 0f1f 8400 | 0000 0000 | 498b 87b8 | 0100 004c | 8bd0 4983 | c218 4d3b | 97c8 0100 | 000f 83a3 
  0x0000026797b881e4: 4100 004d | 8997 b801 | 0000 410f | 1882 0001 | 0000 48c7 | 0001 0000 

  0x0000026797b881fc: ;   {metadata('java/lang/String')}
  0x0000026797b881fc: 00c7 4008 | 70ea 0000 | 4489 600c | 4489 6010 | 4c8b d544 | 8950 144c | 8b54 2450 | 458b 5a10 
  0x0000026797b8821c: ; implicit exception: dispatches to 0x0000026797b900f8
  0x0000026797b8821c: 458b 5354 | 4585 d20f | 8473 4f00 | 0048 899c | 2488 0000 | 0049 8bd2 | 4c8b c045 | 33c9 6690 
  0x0000026797b8823c: ;   {optimized virtual_call}
  0x0000026797b8823c: c5f8 77e8 

  0x0000026797b88240: ; ImmutableOopMap {[80]=Oop [136]=Oop }
                      ;*invokevirtual getResource {reexecute=0 rethrow=0 return_oop=1}
                      ; - java.net.URLClassLoader$1::run@26 (line 424)
                      ; - java.net.URLClassLoader$1::run@1 (line 421)
  0x0000026797b88240: 1cd3 e9ff 

  0x0000026797b88244: ;   {other}
  0x0000026797b88244: 0f1f 8400 | b40f 0000 | 4889 4424 | 4048 85c0 | 7507 33c0 | e95f 0800 | 004c 8b54 | 2450 458b 
  0x0000026797b88264: 5a10 4489 | 9c24 9000 | 0000 458b | 520c 4489 | 9424 9400 | 0000 4585 | db0f 8491 | 5300 00c5 
  0x0000026797b88284: f877 49ba | 90c4 e7b6 | f87f 0000 

  0x0000026797b88290: ;   {other}
  0x0000026797b88290: 41ff d20f | 1f84 0000 | 0000 0048 | 8944 2430 | 448b 9424 | 9400 0000 

  0x0000026797b882a8: ; implicit exception: dispatches to 0x0000026797b90114
  0x0000026797b882a8: 458b 4a14 

  0x0000026797b882ac: ; implicit exception: dispatches to 0x0000026797b90134
  0x0000026797b882ac: 458b 510c | 448b 8424 | 9400 0000 | 410f be48 | 10c4 4272 | f7c2 458d | 58ff 85c9 | 0f85 ce5b 
  0x0000026797b882cc: 0000 418d | 6aff 413b | eb41 0f4f | eb85 ed0f | 8c4f 3700 | 0045 85d2 | 0f86 2e54 | 0000 413b 
  0x0000026797b882ec: ea0f 8325 | 5400 0085 | ed0f 8e1d | 5700 0044 | 8d5d ff33 | c948 894c | 2420 410f | be4c 2910 
  0x0000026797b8830c: 83f9 2e0f | 84fa 3000 | 00ff cd41 | 3beb 7fea | 83fd 027e | 5e0f 1f84 | 0000 0000 | 000f 1f80 
  0x0000026797b8832c: 0000 0000 | 4c63 dd43 | 0fbe 5c19 | 1083 fb2e | 0f84 fa07 | 0000 430f | be4c 190f | 83f9 2e0f 
  0x0000026797b8834c: 84f0 0700 | 0044 8d5d | fe43 0fbe | 4c19 1083 | f92e 0f84 | e107 0000 | 448d 5dfd | 430f be5c 
  0x0000026797b8836c: 1910 83fb | 2e0f 84ce | 0700 0083 | c5fc 83fd | 027f b183 | fdff 7e16 | 410f be4c | 2910 83f9 
  0x0000026797b8838c: 2e0f 84ee 

  0x0000026797b88390: ;   {no_reloc}
  0x0000026797b88390: 3b00 00ff | cd83 fdff | 7fea 41bb | ffff ffff | e9a0 0700 | 0066 6666 | 0f1f 8400 | 0000 0000 
  0x0000026797b883b0: 488b 7c24 | 5848 8b4c | 2448 4c8b | 5c24 7844 | 8b4c 243c | 4c8b 6c24 | 208b f0e9 | c401 0000 
  0x0000026797b883d0: ;   {metadata('java/lang/IllegalArgumentException')}
  0x0000026797b883d0: 4c8b d648 | bdd0 b506 | 9f67 0200 | 004d 85c9 | 0f84 223a | 0000 4c89 | 5424 684c | 894c 2420 
  0x0000026797b883f0: 4c89 6c24 | 604c 895c | 2458 4c89 | 7424 4889 | 7424 3848 | 8b54 2428 | 4d8b c349 | 8bfa 6690 
  0x0000026797b88410: ;   {optimized virtual_call}
  0x0000026797b88410: c5f8 77e8 

  0x0000026797b88414: ; ImmutableOopMap {[32]=Oop [40]=Oop [56]=NarrowOop [64]=Oop [72]=Oop [80]=Oop [88]=Oop [96]=Oop [104]=Oop [136]=Oop [144]=NarrowOop [148]=NarrowOop }
                      ;*invokevirtual definePackage {reexecute=0 rethrow=0 return_oop=1}
                      ; - java.net.URLClassLoader::defineClass@64 (line 495)
                      ; - java.net.URLClassLoader$1::run@43 (line 427)
                      ; - java.net.URLClassLoader$1::run@1 (line 421)
  0x0000026797b88414: 0822 7af8 

  0x0000026797b88418: ;   {other}
  0x0000026797b88418: 0f1f 8400 | 8811 0001 | 8b74 2438 | 4c8b 7424 | 484c 8974 | 2428 8974 | 2438 488b | 5424 4090 
  0x0000026797b88438: ;   {optimized virtual_call}
  0x0000026797b88438: c5f8 77e8 

  0x0000026797b8843c: ; ImmutableOopMap {[40]=Oop [56]=NarrowOop [64]=Oop [80]=Oop [136]=Oop [144]=NarrowOop [148]=NarrowOop }
                      ;*invokevirtual cachedInputStream {reexecute=0 rethrow=0 return_oop=1}
                      ; - jdk.internal.loader.Resource::getByteBuffer@1 (line 163)
                      ; - java.net.URLClassLoader::defineClass@132 (line 511)
                      ; - java.net.URLClassLoader$1::run@43 (line 427)
                      ; - java.net.URLClassLoader$1::run@1 (line 421)
  0x0000026797b8843c: 2071 fcff 

  0x0000026797b88440: ;   {other}
  0x0000026797b88440: 0f1f 8400 | b011 0002 | 4c8b c044 

  0x0000026797b8844c: ;   {metadata('sun/nio/ByteBuffered')}
  0x0000026797b8844c: 8b58 0848 | b848 4736 | 9f67 0200 | 0048 be00 | 0000 9f67 | 0200 0049 | 03f3 4c8b | 5620 4c3b 
  0x0000026797b8846c: d00f 84bd | 5100 0048 | 33ff 4c8b | 9ea0 0000 | 0049 8bd3 | 48c1 e230 | 0f89 2100 | 0000 f348 
  0x0000026797b8848c: 0fb8 d248 | 8b5e 2848 | 3b04 d374 | 1549 0fba | e310 730b | 49c1 cb0f 

  0x0000026797b884a4: ;   {runtime_call StubRoutines (compiler stubs)}
  0x0000026797b884a4: e8ee 2c86 | ffeb 0348 | ffc7 4885 | ff0f 8479 | 5100 004c | 8b5c 2440 | 458b 5308 

  0x0000026797b884c0: ;   {metadata('jdk/internal/loader/URLClassPath$JarLoader$2')}
  0x0000026797b884c0: 4181 fa78 | 4b21 000f | 85c4 3500 | 004c 895c | 2420 498b | d349 8beb 

  0x0000026797b884d8: ;   {optimized virtual_call}
  0x0000026797b884d8: c5f8 77e8 

  0x0000026797b884dc: ; ImmutableOopMap {rbp=Oop [32]=Oop [40]=Oop [56]=NarrowOop [64]=Oop [80]=Oop [136]=Oop [144]=NarrowOop [148]=NarrowOop }
                      ;*invokevirtual cachedInputStream {reexecute=0 rethrow=0 return_oop=1}
                      ; - jdk.internal.loader.Resource::getBytes@1 (line 89)
                      ; - jdk.internal.loader.URLClassPath$JarLoader$2::getBytes@1 (line 862)
                      ; - java.net.URLClassLoader::defineClass@179 (line 519)
                      ; - java.net.URLClassLoader$1::run@43 (line 427)
                      ; - java.net.URLClassLoader$1::run@1 (line 421)
  0x0000026797b884dc: 8070 fcff 

  0x0000026797b884e0: ;   {other}
  0x0000026797b884e0: 0f1f 8400 | 5012 0003 | 4889 4424 | 484c 8b94 | 2488 0000 | 0041 0fb6 | 6a3a 85ed | 0f85 ea5a 
  0x0000026797b88500: 0000 488b | 7c24 2044 | 8b5f 1c4d | 8b53 204d | 8b9f b801 | 0000 4d8b | c349 83c0 | 1045 8bca 
  0x0000026797b88520: 4d3b 87c8 | 0100 000f | 8331 4300 | 004d 8987 | b801 0000 | 410f 1880 | 0001 0000 | 49c7 0301 
  0x0000026797b88540: 0000 0041 | 0f18 8040 

  0x0000026797b88548: ;   {metadata({type array byte})}
  0x0000026797b88548: 0100 0041 | c743 0818 | 2300 0041 | 0f18 8080 | 0100 0045 | 8963 0c41 | 83f9 ff0f | 84a3 5a00 
  0x0000026797b88568: 0045 85c9 | 7f08 4533 | d2e9 0902 | 0000 488b | 4c24 4844 

  0x0000026797b8857c: ;   {metadata('java/util/zip/ZipFile$ZipFileInflaterInputStream')}
  0x0000026797b8857c: 8b51 0841 | 81fa 90b8 | 3100 0f85 | b63e 0000 | 4c8b e933 | f645 33d2 | 458b 430c | 413b f00f 
  0x0000026797b8859c: 8cc5 2f00 | 0041 8bd1 | 2bd6 418d | 8000 0400 | 003b d00f | 4fd0 85d2 | 0f8c 1a50 | 0000 8d1c 
  0x0000026797b885bc: 3249 8bc3 | 4883 c010 | 413b d80f | 84ad 2f00 | 0081 fb00 | 0010 000f | 87e8 4a00 | 004c 63f3 
  0x0000026797b885dc: 443b c341 | 8be8 0f4f | eb44 3bc5 | 0f82 474b | 0000 3bdd | 0f82 474b | 0000 4983 | c617 4d8b 
  0x0000026797b885fc: c649 83e0 | f881 fb00 | 0010 000f | 877c 3900 | 004c 8984 | 2498 0000 | 004c 89b4 | 2480 0000 
  0x0000026797b8861c: 0048 8944 | 2478 895c | 2474 8954 | 2470 4489 | 5424 6c89 | 7424 684c | 896c 2460 | 4489 4c24 
  0x0000026797b8863c: 3c4c 895c | 2420 4889 | 4c24 4848 | 897c 2458 | 498b 9fb8 | 0100 004c | 8bdb 4d03 | d84d 3b9f 
  0x0000026797b8865c: c801 0000 | 0f83 6239 | 0000 4d89 | 9fb8 0100 | 0041 0f18 | 8300 0100 | 0048 c703 | 0100 0000 
  0x0000026797b8867c: ;   {no_reloc}
  0x0000026797b8867c: 410f 1883 | 4001 0000 

  0x0000026797b88684: ;   {metadata({type array byte})}
  0x0000026797b88684: c743 0818 | 2300 0044 | 8b54 2474 | 4489 530c | 410f 1883 | 8001 0000 | 488b d348 | 83c2 104c 
  0x0000026797b886a4: 8b94 2480 | 0000 0049 | c1ea 0385 | ed0f 8412 | 4a00 003b | 6c24 740f | 8cd2 3200 | 004c 8b94 
  0x0000026797b886c4: 2498 0000 | 0049 83c2 | f049 c1ea | 0348 8b4c | 2478 4d8b | c2c5 f877 | 49ba 6074 | 3b97 6702 
  0x0000026797b886e4: 0000 41ff 

  0x0000026797b886e8: ;   {other}
  0x0000026797b886e8: d20f 1f84 | 0000 0000 | 0048 895c | 2478 488b | 7c24 5844 | 8b4c 243c | 4c8b 6c24 | 608b 7424 
  0x0000026797b88708: 6844 8b54 | 246c 8b54 | 2470 448b | da44 8954 | 2464 8974 | 2460 4c89 | 6c24 2044 | 894c 243c 
  0x0000026797b88728: 4889 7c24 | 5849 8bd5 | 4c8b 4424 | 7844 8bce | 418b fb48 | 8b6c 2458 

  0x0000026797b88740: ;   {optimized virtual_call}
  0x0000026797b88740: c5f8 77e8 

  0x0000026797b88744: ; ImmutableOopMap {rbp=Oop [32]=Oop [40]=Oop [56]=NarrowOop [64]=Oop [72]=Oop [80]=Oop [88]=Oop [120]=Oop [136]=Oop [144]=NarrowOop [148]=NarrowOop }
                      ;*invokevirtual read {reexecute=0 rethrow=0 return_oop=0}
                      ; - jdk.internal.loader.Resource::getBytes@117 (line 126)
                      ; - jdk.internal.loader.URLClassPath$JarLoader$2::getBytes@1 (line 862)
                      ; - java.net.URLClassLoader::defineClass@179 (line 519)
                      ; - java.net.URLClassLoader$1::run@43 (line 427)
                      ; - java.net.URLClassLoader$1::run@1 (line 421)
  0x0000026797b88744: b811 daf8 

  0x0000026797b88748: ;   {other}
  0x0000026797b88748: 0f1f 8400 | b814 0004 | 85c0 0f8c | 484e 0000 | 0344 2460 | 448b 5424 | 644d 8b9f 

  0x0000026797b88764: ; ImmutableOopMap {[32]=Oop [40]=Oop [56]=NarrowOop [64]=Oop [72]=Oop [80]=Oop [88]=Oop [120]=Oop [136]=Oop [144]=NarrowOop [148]=NarrowOop }
                      ;*goto {reexecute=1 rethrow=0 return_oop=0}
                      ; - (reexecute) jdk.internal.loader.Resource::getBytes@179 (line 142)
                      ; - jdk.internal.loader.URLClassPath$JarLoader$2::getBytes@1 (line 862)
                      ; - java.net.URLClassLoader::defineClass@179 (line 519)
                      ; - java.net.URLClassLoader$1::run@43 (line 427)
                      ; - java.net.URLClassLoader$1::run@1 (line 421)
  0x0000026797b88764: 5004 0000 

  0x0000026797b88768: ;   {poll}
  0x0000026797b88768: 4185 033b | 4424 3c0f | 8c3b fcff | ff48 8b7c | 2458 4c8b | 5c24 7848 | 8b4c 2448 

  0x0000026797b88784: ; implicit exception: dispatches to 0x0000026797b9025c
  0x0000026797b88784: 448b 4908 

  0x0000026797b88788: ;   {metadata('java/util/zip/ZipFile$ZipFileInflaterInputStream')}
  0x0000026797b88788: 4181 f990 | b831 000f | 8562 3800 | 0044 8954 | 243c 4c89 | 5c24 4848 | 897c 2420 | 488b d190 
  0x0000026797b887a8: ;   {optimized virtual_call}
  0x0000026797b887a8: c5f8 77e8 

  0x0000026797b887ac: ; ImmutableOopMap {[32]=Oop [40]=Oop [56]=NarrowOop [64]=Oop [72]=Oop [80]=Oop [144]=NarrowOop [148]=NarrowOop }
                      ;*invokevirtual close {reexecute=0 rethrow=0 return_oop=0}
                      ; - jdk.internal.loader.Resource::getBytes@183 (line 145)
                      ; - jdk.internal.loader.URLClassPath$JarLoader$2::getBytes@1 (line 862)
                      ; - java.net.URLClassLoader::defineClass@179 (line 519)
                      ; - java.net.URLClassLoader$1::run@43 (line 427)
                      ; - java.net.URLClassLoader$1::run@1 (line 421)
  0x0000026797b887ac: 900e faff 

  0x0000026797b887b0: ;   {other}
  0x0000026797b887b0: 0f1f 8400 | 2015 0006 | 488b 7c24 | 204c 8b5c | 2448 448b | 5424 3c45 | 85d2 0f85 | ec58 0000 
  0x0000026797b887d0: 458b 430c | 4585 c00f | 8663 5800 | 0041 8d68 | ff41 3be8 | 0f83 f64e | 0000 498b | d348 83c2 
  0x0000026797b887f0: 104c 895c | 2420 33c9 | c5f8 7749 | bae0 1238 | 9767 0200 | 0041 ffd2 

  0x0000026797b88808: ;   {other}
  0x0000026797b88808: 0f1f 8400 | 0000 0000 | 448b 571c 

  0x0000026797b88814: ; implicit exception: dispatches to 0x0000026797b90290
  0x0000026797b88814: 4d8b 5218 | 448b d84d | 3bda 0f85 | 5058 0000 | 4c8b 5c24 | 4045 8b53 

  0x0000026797b8882c: ;   {metadata('jdk/internal/loader/URLClassPath$JarLoader$2')}
  0x0000026797b8882c: 0841 81fa | 784b 2100 | 0f85 a635 | 0000 4c8b | 5424 4041 | 8b6a 1c44 

  0x0000026797b88844: ;   {metadata('java/util/jar/JarFile$JarFileEntry')}
  0x0000026797b88844: 8b45 0841 | 81f8 0847 | 3100 0f85 | ac51 0000 | 4c8b cd41 | 8b69 6444 | 0fb6 5512 | 443b 6530 
  0x0000026797b88864: 7509 4585 | d20f 85a3 | 2c00 0041 | 8b69 5c85 | ed0f 8595 | 5600 0045 | 8b41 6441 | 8b68 3085 
  0x0000026797b88884: ed0f 8565 | 5800 0049 | 8b87 b801 | 0000 4c8b | d049 83c2 | 284d 3b97 | c801 0000 | 0f83 8f3f 
  0x0000026797b888a4: 0000 4d89 | 97b8 0100 | 0041 0f18 | 8200 0100 | 0048 c700 | 0100 0000 

  0x0000026797b888bc: ;   {metadata('java/security/CodeSource')}
  0x0000026797b888bc: c740 0820 | 5e00 0044 | 8960 0c4c | 8960 104c | 8960 184c | 8960 2044 | 8b54 2438 | 4489 500c 
  0x0000026797b888dc: 4585 d20f | 849b 5600 | 0048 8be8 | 4c89 5c24 | 4049 8bd2 

  0x0000026797b888f0: ;   {static_call}
  0x0000026797b888f0: c5f8 77e8 

  0x0000026797b888f4: ; ImmutableOopMap {rbp=Oop [32]=Oop [40]=Oop [64]=Oop [80]=Oop [144]=NarrowOop [148]=NarrowOop }
                      ;*invokestatic urlNoFragString {reexecute=0 rethrow=0 return_oop=1}
                      ; - java.security.CodeSource::<init>@30 (line 123)
                      ; - java.net.URLClassLoader::defineClass@198 (line 522)
                      ; - java.net.URLClassLoader$1::run@43 (line 427)
                      ; - java.net.URLClassLoader$1::run@1 (line 421)
  0x0000026797b888f4: c866 f8ff 

  0x0000026797b888f8: ;   {other}
  0x0000026797b888f8: 0f1f 8400 | 6816 0007 | 4c8b d04c | 8bed 4489 | 5520 4c8b | d549 c1ea | 0949 bb00 | 00af 8667 
  0x0000026797b88918: 0200 0047 | 8824 13c5 | f877 49ba | 90c4 e7b6 | f87f 0000 

  0x0000026797b8892c: ;   {other}
  0x0000026797b8892c: 41ff d20f | 1f84 0000 | 0000 004c | 8bc0 4c2b 

  0x0000026797b8893c: ;   {oop(a 'jdk/internal/perf/PerfCounter'{0x00000000d58a34a0})}
  0x0000026797b8893c: 4424 3049 | bba0 348a | d500 0000 | 0048 8d9c | 24d0 0000 | 0049 8b03 | a802 0f85 | 2300 0000 
  0x0000026797b8895c: 4883 c801 | 4889 03f0 | 490f b11b | 0f84 3700 | 0000 482b | c448 2507 | f0ff ff48 | 8903 e924 
  0x0000026797b8897c: 0000 004c | 8bd0 4833 | c0f0 4d0f | b17a 3e48 | c703 0300 | 0000 7411 | 4c3b f875 | 1549 ff82 
  0x0000026797b8899c: 8600 0000 | 4833 c075 | 0949 ff87 | 4805 0000 | 33c0 0f85 | 804d 0000 

  0x0000026797b889b4: ;   {oop(a 'jdk/internal/perf/PerfCounter'{0x00000000d58a34a0})}
  0x0000026797b889b4: 49ba a034 | 8ad5 0000 | 0000 458b | 5a10 418b | 6b24 85ed | 0f85 9b4d | 0000 418b | 6b1c 85ed 
  0x0000026797b889d4: 0f8c ca4d | 0000 85ed | 0f84 6a4c | 0000 4d8b | 5310 4d01 

  0x0000026797b889e8: ;   {oop(a 'jdk/internal/perf/PerfCounter'{0x00000000d58a34a0})}
  0x0000026797b889e8: 0249 bba0 | 348a d500 | 0000 0048 | 8d84 24d0 | 0000 0048 | 8338 000f | 8479 0000 | 004d 8b13 
  0x0000026797b88a08: 41f6 c202 | 0f84 6200 | 0000 4983 | ba86 0000 | 0000 7409 | 49ff 8a86 | 0000 00eb | 4b49 8b82 
  0x0000026797b88a28: 9600 0000 | 490b 828e | 0000 0075 | 0a49 c742 | 3e00 0000 | 00eb 3d49 | 83ba 9e00 | 0000 0074 
  0x0000026797b88a48: 2248 33c0 | 49c7 423e | 0000 0000 | f083 0424 | 0049 83ba | 9e00 0000 | 0075 0df0 | 4d0f b17a 
  0x0000026797b88a68: 3e75 0583 | c801 eb0c | a800 eb08 | 4c8b 10f0 | 4d0f b113 | 750a 49ff | 8f48 0500 | 0045 33d2 
  0x0000026797b88a88: 0f85 4e4d | 0000 4c8b | 4c24 2041 | 8b71 0c44 | 8b94 2490 | 0000 0049 | 8bd2 4c8b | 4424 2833 
  0x0000026797b88aa8: ff49 8bcd 

  0x0000026797b88aac: ;   {optimized virtual_call}
  0x0000026797b88aac: c5f8 77e8 

  0x0000026797b88ab0: ; ImmutableOopMap {[64]=Oop [80]=Oop }
                      ;*invokevirtual defineClass {reexecute=0 rethrow=0 return_oop=1}
                      ; - java.net.URLClassLoader::defineClass@220 (line 524)
                      ; - java.net.URLClassLoader$1::run@43 (line 427)
                      ; - java.net.URLClassLoader$1::run@1 (line 421)
  0x0000026797b88ab0: acef 0d00 

  0x0000026797b88ab4: ;   {other}
  0x0000026797b88ab4: 0f1f 8400 | 2418 0008 | c5f8 7748 | 81c4 f000 

  0x0000026797b88ac4: ;   {poll_return}
  0x0000026797b88ac4: 0000 5d49 | 3ba7 4804 | 0000 0f87 | a489 0000 | c349 8b87 | b801 0000 | 4c8b d049 | 83c2 184d 
  0x0000026797b88ae4: 3b97 c801 | 0000 0f83 | 9440 0000 | 4d89 97b8 | 0100 0041 | 0f18 8200 | 0100 0048 | c700 0100 
  0x0000026797b88b04: ;   {metadata('java/lang/String')}
  0x0000026797b88b04: 0000 c740 | 0870 ea00 | 0044 8960 | 0c44 8960 

  0x0000026797b88b14: ;   {oop([B{0x00000000d58d6050})}
  0x0000026797b88b14: 10c7 4014 | 5060 8dd5 

  0x0000026797b88b1c: ;   {oop(".class"{0x00000000d58a3a50})}
  0x0000026797b88b1c: 49ba 503a | 8ad5 0000 | 0000 458b | 420c 4489 | 400c 450f | b652 1144 | 8850 11e9 | d7f6 ffff 
  0x0000026797b88b3c: 448b ddeb | 0444 8d5d | ff48 8b4c | 2440 8b59 

  0x0000026797b88b4c: ;   {metadata('jdk/internal/loader/URLClassPath$JarLoader$2')}
  0x0000026797b88b4c: 0881 fb78 | 4b21 000f | 85f3 2e00 | 008b 5920 

  0x0000026797b88b5c: ; implicit exception: dispatches to 0x0000026797b90200
  0x0000026797b88b5c: 8b73 1c8b | 8c24 9400 | 0000 4c8b | f141 83fb | ff0f 84b6 | f8ff ff45 | 85db 0f8c | 5853 0000 
  0x0000026797b88b7c: 453b d80f | 8f27 5400 | 008b 9c24 | 9000 0000 | 488b cb45 | 3bd8 0f84 | 0c0d 0000 | 4585 db0f 
  0x0000026797b88b9c: 849c 2e00 | 0048 894c | 2428 498b | 9fb8 0100 | 004c 8bc3 | 4983 c018 | 4d3b 87c8 | 0100 000f 
  0x0000026797b88bbc: 83d3 3c00 | 004d 8987 | b801 0000 | 410f 1880 | 0001 0000 | 48c7 0301 

  0x0000026797b88bd4: ;   {metadata('java/lang/String')}
  0x0000026797b88bd4: 0000 00c7 | 4308 70ea | 0000 4489 | 630c 4c89 | 6310 4d8b | c14c 8984 | 2498 0000 | 0049 8d79 
  0x0000026797b88bf4: 1045 3bda | 0f85 c000 | 0000 4d63 | da41 81fa | 0000 1000 | 0f87 a43f | 0000 498b | afb8 0100 
  0x0000026797b88c14: 004d 8d43 | 1749 83e0 | f848 8bcd | 4903 c849 | 3b8f c801 | 0000 0f83 | 823f 0000 | 4989 8fb8 
  0x0000026797b88c34: 0100 000f | 1881 0001 | 0000 48c7 | 4500 0100 | 0000 0f18 | 8140 0100 

  0x0000026797b88c4c: ;   {metadata({type array byte})}
  0x0000026797b88c4c: 00c7 4508 | 1823 0000 | 4489 550c | 0f18 8180 | 0100 0089 | 7424 384c | 8974 2448 | 4889 5c24 
  0x0000026797b88c6c: 5848 897c | 2460 4c89 | 5c24 6848 | 8bd5 4883 | c210 4c8b | 4424 6849 | 83c0 0749 | c1e8 0348 
  0x0000026797b88c8c: 8b4c 2460 | c5f8 7749 | ba60 743b | 9767 0200 | 0041 ffd2 

  0x0000026797b88ca0: ;   {other}
  0x0000026797b88ca0: 0f1f 8400 | 0000 0000 | 8b74 2438 | 4c8b 7424 | 4848 8b5c | 2458 4c8b | d5e9 d500 | 0000 4181 
  0x0000026797b88cc0: fb00 0010 | 000f 8728 | 5100 0049 | 63cb 453b | d341 8bea | 410f 4feb | 443b d50f | 8283 5100 
  0x0000026797b88ce0: 0044 3bdd | 0f82 7a51 | 0000 4883 | c117 4c8b | c149 83e0 | f841 81fb | 0000 1000 | 0f87 273d 
  0x0000026797b88d00: 0000 4d8b | 97b8 0100 | 004d 8bca | 4d03 c84d | 3b8f c801 | 0000 0f83 | 0d3d 0000 | 4d89 8fb8 
  0x0000026797b88d20: 0100 0041 | 0f18 8100 | 0100 0049 | c702 0100 | 0000 410f | 1881 4001 

  0x0000026797b88d38: ;   {metadata({type array byte})}
  0x0000026797b88d38: 0000 41c7 | 4208 1823 | 0000 4589 | 5a0c 410f | 1881 8001 | 0000 498b | d248 83c2 | 1048 c1e9 
  0x0000026797b88d58: 0385 ed0f | 849a 5000 | 0041 3beb | 0f8c 0b31 | 0000 498b | ea49 83c0 | f049 c1e8 | 0348 8bcf 
  0x0000026797b88d78: c5f8 7749 | ba60 743b | 9767 0200 | 0041 ffd2 

  0x0000026797b88d88: ;   {other}
  0x0000026797b88d88: 0f1f 8400 | 0000 0000 | 4c8b d544 | 8863 1044 | 8953 144c | 8bd3 49c1 | ea09 49bb | 0000 af86 
  0x0000026797b88da8: 6702 0000 | 4788 2413 | 488b 4c24 | 2848 899c | 24c0 0000 | 004c 8b54 | 2440 458b 

  0x0000026797b88dc4: ;   {metadata('jdk/internal/loader/URLClassPath$JarLoader$2')}
  0x0000026797b88dc4: 5a08 4181 | fb78 4b21 | 000f 853b | 4a00 004d 

  0x0000026797b88dd4: ;   {oop(a 'java/lang/Class'{0x00000000d5896628} = 'jdk/internal/access/SharedSecrets')}
  0x0000026797b88dd4: 8bea 49ba | 2866 89d5 | 0000 0000 | 458b 9ad4 | 0000 0045 | 8b53 0845 | 8b4d 2041 

  0x0000026797b88df0: ;   {metadata('java/util/jar/JavaUtilJarAccessImpl')}
  0x0000026797b88df0: 8b69 1841 | 81fa 706f | 3100 0f85 | 344a 0000 | 85ed 0f84 | 7c48 0000 | 4889 4c24 | 284c 8bc5 
  0x0000026797b88e10: 488d 9c24 | d000 0000 | 498b 00a8 | 020f 8523 | 0000 0048 | 83c8 0148 | 8903 f049 | 0fb1 180f 
  0x0000026797b88e30: 8437 0000 | 0048 2bc4 | 4825 07f0 | ffff 4889 | 03e9 2400 | 0000 4c8b | d048 33c0 | f04d 0fb1 
  0x0000026797b88e50: 7a3e 48c7 | 0303 0000 | 0074 114c | 3bf8 7515 | 49ff 8286 | 0000 0048 | 33c0 7509 | 49ff 8748 
  0x0000026797b88e70: 0500 0033 | c00f 85f1 | 4900 0044 | 3b65 300f | 85f1 3200 | 0044 0fb6 | 5d12 4585 | db0f 858d 
  0x0000026797b88e90: 2500 0048 | 8d84 24d0 | 0000 0048 | 8338 000f | 8479 0000 | 004d 8b10 | 41f6 c202 | 0f84 6200 
  0x0000026797b88eb0: 0000 4983 | ba86 0000 | 0000 7409 | 49ff 8a86 | 0000 00eb | 4b49 8b82 | 9600 0000 | 490b 828e 
  0x0000026797b88ed0: 0000 0075 | 0a49 c742 | 3e00 0000 | 00eb 3d49 | 83ba 9e00 | 0000 0074 | 2248 33c0 | 49c7 423e 
  0x0000026797b88ef0: ;   {no_reloc}
  0x0000026797b88ef0: 0000 0000 | f083 0424 | 0049 83ba | 9e00 0000 | 0075 0df0 | 4d0f b17a | 3e75 0583 | c801 eb0c 
  0x0000026797b88f10: a800 eb08 | 4c8b 10f0 | 4d0f b110 | 750a 49ff | 8f48 0500 | 0045 33d2 | 0f85 444a | 0000 458b 
  0x0000026797b88f30: 5520 418b | 6a18 448b 

  0x0000026797b88f38: ;   {metadata('java/util/jar/JarFile')}
  0x0000026797b88f38: 5d08 4181 | fbd0 fb16 | 000f 8586 | 4a00 004c | 8bd5 498b | ca44 8b51 | 2845 85d2 | 0f84 1f18 
  0x0000026797b88f58: 0000 418b | 6a0c 448b | 4508 4d8b 

  0x0000026797b88f64: ;   {oop(a 'java/lang/Class'{0x00000000d589d180} = 'java/lang/ref/SoftReference')}
  0x0000026797b88f64: 5a20 49b9 | 80d1 89d5 | 0000 0000 | 4d8b 4970 | 4d3b d90f | 859a 2400 

  0x0000026797b88f7c: ;   {metadata('java/util/jar/Manifest')}
  0x0000026797b88f7c: 0041 81f8 | b0fc 0400 | 0f85 b270 | 0000 4c8b | cd44 8b9c | 2490 0000 | 0045 8b53 | 3845 85d2 
  0x0000026797b88f9c: 0f84 0a47 | 0000 4c8b | 9c24 c000 | 0000 418b | 430c 85c0 | 0f84 fb08 | 0000 418b | 4a28 85c9 
  0x0000026797b88fbc: 0f84 0ef4 | ffff 448b | 410c 4585 | c00f 866d | 4f00 0044 | 8bd0 41c1 | ea10 4433 | d041 ffc8 
  0x0000026797b88fdc: 4181 e2ff | ffff 7f45 | 23c2 4d63 | c046 8b44 | 8110 4585 | c00f 84d9 | f3ff ff41 | 8b68 0c41 
  0x0000026797b88ffc: 3bea 0f84 | 6e01 0000 | 85ed 0f8c | 5d59 0000 | 458b 4018 | 4585 c00f | 84b7 f3ff | ff49 8bc0 
  0x0000026797b8901c: 8b58 0c49 | 8baf 5004 

  0x0000026797b89024: ; ImmutableOopMap {r11=Oop r9=Oop rsi=NarrowOop rax=Oop r13=Oop r14=Oop [40]=Oop [64]=Oop [80]=Oop [136]=Oop [144]=NarrowOop [148]=NarrowOop }
                      ;*if_icmpne {reexecute=1 rethrow=0 return_oop=0}
                      ; - (reexecute) java.util.concurrent.ConcurrentHashMap::get@127 (line 946)
                      ; - java.lang.ClassLoader::getDefinedPackage@13 (line 2263)
                      ; - java.net.URLClassLoader::getAndVerifyPackage@2 (line 457)
                      ; - java.net.URLClassLoader::defineClass@46 (line 492)
                      ; - java.net.URLClassLoader$1::run@43 (line 427)
                      ; - java.net.URLClassLoader$1::run@1 (line 421)
                      ;   {poll}
  0x0000026797b89024: 0000 8545 | 0041 3bda | 7410 8b48 | 1885 c90f | 8497 f3ff | ff48 8bc1 | ebde 8b68 | 104c 8bc5 
  0x0000026797b89044: 4d3b c30f | 840c 0100 | 0085 ed0f | 844a 5e00 | 0048 8984 | 2480 0000 | 0044 8954 | 244c 4c89 
  0x0000026797b89064: 4c24 784c | 896c 2470 | 4c89 5c24 | 6848 ff74 | 2428 488f | 4424 604c | 8974 2458 | 8974 2448 
  0x0000026797b89084: 4889 4424 | f88b 8424 | 9400 0000 | 8944 243c | 488b 4424 | f848 8944 | 24f8 8b84 | 2490 0000 
  0x0000026797b890a4: 0089 4424 | 3848 8b44 | 24f8 48ff | 7424 2048 | 8f44 2428 | 48ff b424 | 8800 0000 | 488f 4424 
  0x0000026797b890c4: 204c 8bc5 | 498b d390 

  0x0000026797b890cc: ;   {optimized virtual_call}
  0x0000026797b890cc: c5f8 77e8 

  0x0000026797b890d0: ; ImmutableOopMap {[32]=Oop [56]=NarrowOop [60]=NarrowOop [64]=Oop [72]=NarrowOop [80]=Oop [88]=Oop [96]=Oop [104]=Oop [112]=Oop [120]=Oop [128]=Oop }
                      ;*invokevirtual equals {reexecute=0 rethrow=0 return_oop=0}
                      ; - java.util.concurrent.ConcurrentHashMap::get@149 (line 947)
                      ; - java.lang.ClassLoader::getDefinedPackage@13 (line 2263)
                      ; - java.net.URLClassLoader::getAndVerifyPackage@2 (line 457)
                      ; - java.net.URLClassLoader::defineClass@46 (line 492)
                      ; - java.net.URLClassLoader$1::run@43 (line 427)
                      ; - java.net.URLClassLoader$1::run@1 (line 421)
  0x0000026797b890d0: ec5b e9ff 

  0x0000026797b890d4: ;   {other}
  0x0000026797b890d4: 0f1f 8400 | 441e 000a | 4d8b 9750 

  0x0000026797b890e0: ; ImmutableOopMap {[32]=Oop [56]=NarrowOop [60]=NarrowOop [64]=Oop [72]=NarrowOop [80]=Oop [88]=Oop [96]=Oop [104]=Oop [112]=Oop [120]=Oop [128]=Oop }
                      ;*ifeq {reexecute=1 rethrow=0 return_oop=0}
                      ; - (reexecute) java.util.concurrent.ConcurrentHashMap::get@152 (line 947)
                      ; - java.lang.ClassLoader::getDefinedPackage@13 (line 2263)
                      ; - java.net.URLClassLoader::getAndVerifyPackage@2 (line 457)
                      ; - java.net.URLClassLoader::defineClass@46 (line 492)
                      ; - java.net.URLClassLoader$1::run@43 (line 427)
                      ; - java.net.URLClassLoader$1::run@1 (line 421)
                      ;   {poll}
  0x0000026797b890e0: 0400 0041 | 8502 85c0 | 0f84 a131 | 0000 48ff | 7424 2048 | 8f84 2488 | 0000 0048 | ff74 2428 
  0x0000026797b89100: 488f 4424 | 2048 8944 | 24f8 8b44 | 2438 8984 | 2490 0000 | 0048 8b44 | 24f8 4889 | 4424 f88b 
  0x0000026797b89120: 4424 3c89 | 8424 9400 | 0000 488b | 4424 f88b | 7424 484c | 8b74 2458 | 48ff 7424 | 6048 8f44 
  0x0000026797b89140: 2428 4c8b | 5c24 684c | 8b6c 2470 | 4c8b 4c24 | 7848 8b84 | 2480 0000 | 008b 6814 | 85ed 0f84 
  0x0000026797b89160: 6cf2 ffff | 418b 430c | 450f b643 | 11e9 4301 | 0000 418b | 6810 488b | cd49 3bcb | 0f84 1e01 
  0x0000026797b89180: 0000 8b4d | 0848 8bdd | 4c3b db0f | 840f 0100 

  0x0000026797b89190: ;   {metadata('java/lang/String')}
  0x0000026797b89190: 0081 f970 | ea00 000f | 85e8 5100 | 0041 0fbe | 4310 0fbe | 6b10 3bc5 | 0f85 c255 | 0000 418b 
  0x0000026797b891b0: d041 8bea | 448b d644 | 8b43 1441 | 8b5b 1441 | 8b78 0c8b | 4b0c 3bcf | 0f85 b151 | 0000 498b 
  0x0000026797b891d0: f849 8d70 | 104c 8bc3 | 488d 7b10 | 85c9 0f84 | 9d00 0000 | 8bc1 83e0 | 1f83 e1e0 | 0f84 4b00 
  0x0000026797b891f0: 0000 488d | 3c0f 488d | 340e 48f7 | d9c5 fe6f | 0c0f c5fe | 6f04 0ec5 | f5ef c8c4 | e27d 17c9 
  0x0000026797b89210: 0f85 7200 | 0000 4883 | c120 75e1 | 85c0 0f84 | 5d00 0000 | c5fe 6f4c | 07e0 c5fe | 6f44 06e0 
  0x0000026797b89230: c5f5 efc8 | c4e2 7d17 | c975 4deb | 448b c883 | e1fc 7419 | 488d 3c0f | 488d 340e | 48f7 d98b 
  0x0000026797b89250: 1c0f 3b1c | 0e75 3148 | 83c1 0475 | f2a8 0274 | 120f b71f | 0fb7 0e3b | d975 1d48 | 8d7f 0248 
  0x0000026797b89270: 8d76 02a8 | 0174 0a0f | b61f 0fb6 | 0e3b d975 | 07b8 0100 | 0000 eb02 | 33c0 c5f5 | efc9 c5fd 
  0x0000026797b89290: ;   {no_reloc}
  0x0000026797b89290: efc0 85c0 | 0f84 da50 | 0000 418b | f244 8bc2 | 418b 6814 | 85ed 0f84 | 24f1 ffff | 450f b643 
  0x0000026797b892b0: 1141 8b43 | 0c44 8b55 

  0x0000026797b892b8: ;   {metadata('java/lang/Package')}
  0x0000026797b892b8: 0841 81fa | e0bf 0100 | 0f85 6d6c | 0000 418b | 7b14 8b57 | 0c4c 8bd5 | 458b 5210 | 85d2 0f86 
  0x0000026797b892d8: f848 0000 | 8bac 2490 | 0000 008b | 4d38 85c9 | 0f84 4a48 | 0000 85c0 | 0f84 4812 | 0000 8b69 
  0x0000026797b892f8: 2885 ed0f | 84f2 0200 | 008b 7d0c | 85ff 0f86 | c850 0000 | 448b c041 | c1e8 1044 | 33c0 ffcf 
  0x0000026797b89318: 4181 e0ff | ffff 7f41 | 23f8 4863 | cf8b 448d | 1085 c00f | 84c2 0200 | 008b 680c | 413b e80f 
  0x0000026797b89338: 855f 0100 | 008b 6810 | 488b cd49 | 3bcb 0f84 | 2c01 0000 

  0x0000026797b8934c: ; implicit exception: dispatches to 0x0000026797b90620
  0x0000026797b8934c: 8b55 0848 | 8bcd 4c3b | d90f 841d 

  0x0000026797b89358: ;   {metadata('java/lang/String')}
  0x0000026797b89358: 0100 0081 | fa70 ea00 | 000f 8556 | 5300 00c5 | f96e c8c4 | c179 6ed0 | c4c1 796e | c244 8bd6 
  0x0000026797b89378: 450f be43 | 100f be69 | 1044 3bc5 | 0f85 c656 | 0000 8b59 | 1445 8b43 | 148b 530c | 418b 480c 
  0x0000026797b89398: 3bca 0f85 | 1353 0000 | 488b fb48 | 8d73 1049 | 8bd8 498d | 7810 85c9 | 0f84 9d00 | 0000 8bc1 
  0x0000026797b893b8: 83e0 1f83 | e1e0 0f84 | 4b00 0000 | 488d 3c0f | 488d 340e | 48f7 d9c5 | fe6f 1c0f | c5fe 6f24 
  0x0000026797b893d8: 0ec5 e5ef | dcc4 e27d | 17db 0f85 | 7200 0000 | 4883 c120 | 75e1 85c0 | 0f84 5d00 | 0000 c5fe 
  0x0000026797b893f8: 6f5c 07e0 | c5fe 6f64 | 06e0 c5e5 | efdc c4e2 | 7d17 db75 | 4deb 448b | c883 e1fc | 7419 488d 
  0x0000026797b89418: 3c0f 488d | 340e 48f7 | d98b 1c0f | 3b1c 0e75 | 3148 83c1 | 0475 f2a8 | 0274 120f | b71f 0fb7 
  0x0000026797b89438: 0e3b d975 | 1d48 8d7f | 0248 8d76 | 02a8 0174 | 0a0f b61f | 0fb6 0e3b | d975 07b8 | 0100 0000 
  0x0000026797b89458: ;   {no_reloc}
  0x0000026797b89458: eb02 33c0 | c5e5 efdb | c5dd efe4 | 85c0 0f84 | 3452 0000 | 418b f2c4 | c179 7ec2 | c5f9 7ec8 
  0x0000026797b89478: 8b68 1485 | ed0f 8470 | 0100 0044 

  0x0000026797b89484: ;   {metadata('java/lang/Package')}
  0x0000026797b89484: 8b45 0841 | 81f8 e0bf | 0100 0f85 | e06b 0000 | 4c8b d5e9 | 1602 0000 | 85ed 0f8c | 4c59 0000 
  0x0000026797b894a4: 488b c88b | 4918 85c9 | 0f84 4101 | 0000 488b | c18b 480c | 498b af50 

  0x0000026797b894bc: ; ImmutableOopMap {r10=NarrowOop r11=Oop r9=Oop rsi=NarrowOop rax=Oop r13=Oop r14=Oop [40]=Oop [64]=Oop [80]=Oop [136]=Oop [144]=NarrowOop [148]=NarrowOop }
                      ;*if_icmpne {reexecute=1 rethrow=0 return_oop=0}
                      ; - (reexecute) java.util.concurrent.ConcurrentHashMap::get@127 (line 946)
                      ; - java.lang.ClassLoader::definePackage@47 (line 2125)
                      ; - java.lang.ClassLoader::getDefinedPackage@32 (line 2267)
                      ; - java.net.URLClassLoader::getAndVerifyPackage@2 (line 457)
                      ; - java.net.URLClassLoader::defineClass@46 (line 492)
                      ; - java.net.URLClassLoader$1::run@43 (line 427)
                      ; - java.net.URLClassLoader$1::run@1 (line 421)
                      ;   {poll}
  0x0000026797b894bc: 0400 0085 | 4500 413b | c874 108b | 5818 85db | 0f84 2101 | 0000 488b | c3eb de8b | 6810 488b 
  0x0000026797b894dc: cd49 3bcb | 0f84 0201 | 0000 85ed | 0f84 1a5d | 0000 4889 | 8424 8000 | 0000 4489 | 4424 7844 
  0x0000026797b894fc: 8954 243c | 4c89 4c24 | 704c 896c | 2468 4c89 | 5c24 6048 | ff74 2428 | 488f 4424 | 584c 8974 
  0x0000026797b8951c: 2448 8974 | 2438 4889 | 4424 f88b | 8424 9400 | 0000 8944 | 242c 488b | 4424 f848 | 8944 24f8 
  0x0000026797b8953c: 8b84 2490 | 0000 0089 | 4424 2848 | 8b44 24f8 | 48ff b424 | 8800 0000 | 488f 4424 | 204c 8bc5 
  0x0000026797b8955c: 498b d390 

  0x0000026797b89560: ;   {optimized virtual_call}
  0x0000026797b89560: c5f8 77e8 

  0x0000026797b89564: ; ImmutableOopMap {[32]=Oop [40]=NarrowOop [44]=NarrowOop [56]=NarrowOop [60]=NarrowOop [64]=Oop [72]=Oop [80]=Oop [88]=Oop [96]=Oop [104]=Oop [112]=Oop [128]=Oop }
                      ;*invokevirtual equals {reexecute=0 rethrow=0 return_oop=0}
                      ; - java.util.concurrent.ConcurrentHashMap::get@149 (line 947)
                      ; - java.lang.ClassLoader::definePackage@47 (line 2125)
                      ; - java.lang.ClassLoader::getDefinedPackage@32 (line 2267)
                      ; - java.net.URLClassLoader::getAndVerifyPackage@2 (line 457)
                      ; - java.net.URLClassLoader::defineClass@46 (line 492)
                      ; - java.net.URLClassLoader$1::run@43 (line 427)
                      ; - java.net.URLClassLoader$1::run@1 (line 421)
  0x0000026797b89564: 5857 e9ff 

  0x0000026797b89568: ;   {other}
  0x0000026797b89568: 0f1f 8400 | d822 000d | 4d8b 9750 

  0x0000026797b89574: ; ImmutableOopMap {[32]=Oop [40]=NarrowOop [44]=NarrowOop [56]=NarrowOop [60]=NarrowOop [64]=Oop [72]=Oop [80]=Oop [88]=Oop [96]=Oop [104]=Oop [112]=Oop [128]=Oop }
                      ;*ifeq {reexecute=1 rethrow=0 return_oop=0}
                      ; - (reexecute) java.util.concurrent.ConcurrentHashMap::get@152 (line 947)
                      ; - java.lang.ClassLoader::definePackage@47 (line 2125)
                      ; - java.lang.ClassLoader::getDefinedPackage@32 (line 2267)
                      ; - java.net.URLClassLoader::getAndVerifyPackage@2 (line 457)
                      ; - java.net.URLClassLoader::defineClass@46 (line 492)
                      ; - java.net.URLClassLoader$1::run@43 (line 427)
                      ; - java.net.URLClassLoader$1::run@1 (line 421)
                      ;   {poll}
  0x0000026797b89574: 0400 0041 | 8502 85c0 | 0f84 4332 | 0000 48ff | 7424 2048 | 8f84 2488 | 0000 0048 | 8944 24f8 
  0x0000026797b89594: 8b44 2428 | 8984 2490 | 0000 0048 | 8b44 24f8 | 4889 4424 | f88b 4424 | 2c89 8424 | 9400 0000 
  0x0000026797b895b4: 488b 4424 | f88b 7424 | 384c 8b74 | 2448 48ff | 7424 5848 | 8f44 2428 | 4c8b 5c24 | 604c 8b6c 
  0x0000026797b895d4: 2468 4c8b | 4c24 7044 | 8b54 243c | 488b 8424 | 8000 0000 | 8b68 1485 | ed0f 8590 | feff ff44 
  0x0000026797b895f4: 8b84 2490 | 0000 0041 | 8b68 3849 | 8b9f b801 | 0000 4c8b | c349 83c0 | 184d 3b87 | c801 0000 
  0x0000026797b89614: 0f83 da35 | 0000 4d89 | 87b8 0100 | 0041 0f18 | 8000 0100 | 0048 c703 | 0100 0000 

  0x0000026797b89630: ;   {metadata('java/lang/ClassLoader$$Lambda+0x00000267a0066878')}
  0x0000026797b89630: c743 0878 | 6806 0144 | 8963 0c4c | 8963 108b | 8c24 9000 | 0000 894b | 0c44 8953 | 1085 ed0f 
  0x0000026797b89650: 8497 4f00 | 004c 894c | 2460 4c89 | 6c24 584c | 895c 2448 | 4c89 7424 | 3889 7424 | 2048 8bd5 
  0x0000026797b89670: 4d8b c34c | 8bcb 8bee 

  0x0000026797b89678: ;   {optimized virtual_call}
  0x0000026797b89678: c5f8 77e8 

  0x0000026797b8967c: ; ImmutableOopMap {rbp=NarrowOop [32]=NarrowOop [40]=Oop [56]=Oop [64]=Oop [72]=Oop [80]=Oop [88]=Oop [96]=Oop [136]=Oop [144]=NarrowOop [148]=NarrowOop }
                      ;*invokevirtual compute {reexecute=0 rethrow=0 return_oop=1}
                      ; - java.lang.ClassLoader::definePackage@78 (line 2129)
                      ; - java.lang.ClassLoader::getDefinedPackage@32 (line 2267)
                      ; - java.net.URLClassLoader::getAndVerifyPackage@2 (line 457)
                      ; - java.net.URLClassLoader::defineClass@46 (line 492)
                      ; - java.net.URLClassLoader$1::run@43 (line 427)
                      ; - java.net.URLClassLoader$1::run@1 (line 421)
  0x0000026797b8967c: 0051 84ff 

  0x0000026797b89680: ;   {other}
  0x0000026797b89680: 0f1f 8400 | f023 000f 

  0x0000026797b89688: ; implicit exception: dispatches to 0x0000026797b90564
  0x0000026797b89688: 448b 5008 

  0x0000026797b8968c: ;   {metadata('java/lang/Package')}
  0x0000026797b8968c: 4181 fae0 | bf01 000f | 85db 6800 | 004c 8bd0 | 8bf5 4c8b | 7424 384c | 8b5c 2448 | 4c8b 6c24 
  0x0000026797b896ac: 584c 8b4c | 2460 458b | 4210 418b | 481c 85c9 | 0f85 534b | 0000 418b | 4a14 8b69 | 2485 ed0f 
  0x0000026797b896cc: 854b 4d00 | 004d 85c9 | 0f84 864d 

  0x0000026797b896d8: ;   {oop(a 'java/lang/Class'{0x00000000d5896628} = 'jdk/internal/access/SharedSecrets')}
  0x0000026797b896d8: 0000 49b8 | 2866 89d5 | 0000 0000 | 458b 80d4 | 0000 0041 | 8b50 0841 | 0fbe 7b10 | 85ff 0f85 
  0x0000026797b896f8: 644b 0000 | 418b 6b14 

  0x0000026797b89700: ; implicit exception: dispatches to 0x0000026797b903c0
  0x0000026797b89700: 8b45 0c49 | 8bf8 85c0 | 0f86 0206 | 0000 8d48 | ff3b c80f | 835f 4400 | 0089 4c24 | 7c48 89bc 
  0x0000026797b89720: 2480 0000 | 0089 4424 | 7889 6c24 | 7489 5424 | 7044 8944 | 243c 4c89 | 5424 684c | 894c 2460 
  0x0000026797b89740: 4c89 6c24 | 584c 895c | 2448 4c89 | 7424 2089 | 7424 3844 | 8d50 fd44 | 8994 2498 | 0000 0080 
  0x0000026797b89760: 7d10 2e0f | 841a 2200 | 0041 83fa | 010f 8e75 | 4600 0041 | b801 0000 | 000f 1f80 | 0000 0000 
  0x0000026797b89780: 4d63 c844 | 8b5c 2474 | 470f be5c | 0b10 4183 | fb2e 0f84 | 3e02 0000 | 448b 5424 | 7447 0fbe 
  0x0000026797b897a0: 540a 1141 | 83fa 2e0f | 841b 0200 | 0044 8b5c | 2474 470f | be5c 0b12 | 4183 fb2e | 0f84 1e02 
  0x0000026797b897c0: 0000 448b | 5424 7447 | 0fbe 5c0a | 1341 83fb | 2e0f 84ed | 0100 0041 

  0x0000026797b897d8: ;   {no_reloc}
  0x0000026797b897d8: 83c0 0444 | 3b84 2498 | 0000 007c | 9b44 3b44 | 2478 7d76 | 4489 8424 | 9c00 0000 | 448b 5424 
  0x0000026797b897f8: 7444 8b84 | 249c 0000 | 0047 0fbe | 5c02 1041 | 83fb 2e0f | 84db 0100 | 0044 8b94 | 249c 0000 
  0x0000026797b89818: 0041 ffc2 | 4489 9424 | 9c00 0000 | 443b 5424 | 787c c98b | 7424 384c | 8b74 2420 | 4c8b 5c24 
  0x0000026797b89838: 484c 8b6c | 2458 4c8b | 4c24 604c | 8b54 2468 | 448b 4424 | 3c8b 5424 | 708b 6c24 | 7448 8bbc 
  0x0000026797b89858: 2480 0000 | 00e9 ae04 | 0000 8b74 | 2438 4c8b | 7424 204c | 8b5c 2448 | 4c8b 6c24 | 584c 8b4c 
  0x0000026797b89878: 2460 4c8b | 5424 6844 | 8b44 243c | 8b54 2470 | 8b6c 2474 | 488b bc24 | 8000 0000 | e977 0400 
  0x0000026797b89898: 0041 ba2f | 0000 00e9 | d1e6 ffff | 4c89 b424 | c000 0000 | e90c f5ff | ff41 0fb6 | 4b11 85c9 
  0x0000026797b898b8: 0f85 bc26 | 0000 410f | be4b 1085 | c90f 859f | 5400 004c | 894c 2478 | 4c89 6c24 | 7048 ff74 
  0x0000026797b898d8: ;   {no_reloc}
  0x0000026797b898d8: 2428 488f | 4424 604c | 8974 2458 | 8974 2448 | 4889 4424 | f88b 8424 | 9400 0000 | 8944 243c 
  0x0000026797b898f8: 488b 4424 | f848 8944 | 24f8 8b84 | 2490 0000 | 0089 4424 | 3848 8b44 | 24f8 48ff | 7424 2048 
  0x0000026797b89918: 8f44 2428 | 48ff b424 | 8800 0000 | 488f 4424 | 2045 8b43 | 1449 8bea | 4489 5424 | 4c49 8bd0 
  0x0000026797b89938: ;   {static_call}
  0x0000026797b89938: c5f8 77e8 

  0x0000026797b8993c: ; ImmutableOopMap {rbp=Oop [32]=Oop [56]=NarrowOop [60]=NarrowOop [64]=Oop [72]=NarrowOop [76]=NarrowOop [80]=Oop [88]=Oop [96]=Oop [112]=Oop [120]=Oop [192]=Oop }
                      ;*invokestatic hashCode {reexecute=0 rethrow=0 return_oop=0}
                      ; - java.lang.String::hashCode@27 (line 2369)
                      ; - java.util.concurrent.ConcurrentHashMap::get@1 (line 936)
                      ; - java.lang.ClassLoader::getDefinedPackage@13 (line 2263)
                      ; - java.net.URLClassLoader::getAndVerifyPackage@2 (line 457)
                      ; - java.net.URLClassLoader::defineClass@46 (line 492)
                      ; - java.net.URLClassLoader$1::run@43 (line 427)
                      ; - java.net.URLClassLoader$1::run@1 (line 421)
  0x0000026797b8993c: 80fd dbff 

  0x0000026797b89940: ;   {other}
  0x0000026797b89940: 0f1f 8400 | b026 0010 | 85c0 0f84 | fe2d 0000 | 4c8b 9c24 | c000 0000 | 4189 430c | 48ff 7424 
  0x0000026797b89960: 2048 8f84 | 2488 0000 | 0048 ff74 | 2428 488f | 4424 2048 | 8944 24f8 | 8b44 2438 | 8984 2490 
  0x0000026797b89980: 0000 0048 | 8b44 24f8 | 4889 4424 | f88b 4424 | 3c89 8424 | 9400 0000 | 488b 4424 | f88b 7424 
  0x0000026797b899a0: 484c 8b74 | 2458 48ff | 7424 6048 | 8f44 2428 | 4c8b 6c24 | 704c 8b4c | 2478 448b | 5424 4ce9 
  0x0000026797b899c0: f2f5 ffff | 4183 c002 | 458d 5801 | 4489 9c24 | 9c00 0000 | eb16 4489 | 8424 9c00 | 0000 eb0c 
  0x0000026797b899e0: 4183 c002 | 4489 8424 | 9c00 0000 | 448b 9424 | 9c00 0000 | 443b 5424 | 780f 8ddf | 0200 0044 
  0x0000026797b89a00: 8b5c 2478 | 4181 fb00 | 0010 000f | 871f 3100 | 0049 8baf | b801 0000 | 4d63 d349 | 83c2 1749 
  0x0000026797b89a20: 83e2 f84c | 8bdd 4d03 | da4d 3b9f | c801 0000 | 0f83 fa30 | 0000 4d89 | 9fb8 0100 

  0x0000026797b89a3c: ;   {no_reloc}
  0x0000026797b89a3c: 0041 0f18 | 8300 0100 | 0048 c745 | 0001 0000 | 0041 0f18 | 8340 0100 

  0x0000026797b89a54: ;   {metadata({type array byte})}
  0x0000026797b89a54: 00c7 4508 | 1823 0000 | 448b 5424 | 7844 8955 | 0c41 0f18 | 8380 0100 | 0048 89ac | 24a0 0000 
  0x0000026797b89a74: 0044 8b94 | 249c 0000 | 0045 85d2 | 7e56 448b | 9c24 9c00 | 0000 41ff | cb44 3b5c | 2478 0f83 
  0x0000026797b89a94: 044b 0000 | 448b 5c24 | 7845 85db | 0f86 f64a | 0000 4533 | db0f 1f80 | 0000 0000 | 4d63 d344 
  0x0000026797b89ab4: 8b44 2474 | 470f be44 | 1010 4c8b | 8c24 a000 | 0000 4788 | 4411 1041 | ffc3 443b | 9c24 9c00 
  0x0000026797b89ad4: 0000 7cd8 | 448b 9c24 | 9c00 0000 | 443b 5c24 | 780f 8d74 | 0100 0044 | 3b5c 2478 | 0f83 2646 
  0x0000026797b89af4: 0000 448b | 5c24 7c44 | 3b5c 2478 | 0f83 1646 | 0000 448b | 9424 9c00 | 0000 41ff | c24c 639c 
  0x0000026797b89b14: 249c 0000 | 0044 8b44 | 2474 470f | be44 1810 | 4183 f82e | 0f84 d618 | 0000 4c8b | 8c24 a000 
  0x0000026797b89b34: 0000 4788 | 4419 1044 | 8b9c 249c | 0000 0041 | ffc3 453b | da7d 0a44 | 899c 249c | 0000 00eb 
  0x0000026797b89b54: ;   {no_reloc}
  0x0000026797b89b54: bc44 3b9c | 2498 0000 | 000f 8dbf | 0000 0044 | 8b94 249c | 0000 0041 | ffc2 eb5f | 41b8 2f00 
  0x0000026797b89b74: 0000 6666 | 0f1f 8400 | 0000 0000 | 4c8b 9c24 | a000 0000 | 4788 440b | 1144 8b44 | 2474 470f 
  0x0000026797b89b94: be44 0812 | 4183 f82e | 746c 4788 | 440b 1244 | 8b5c 2474 | 470f be44 | 0b13 4183 | f82e 745e 
  0x0000026797b89bb4: 4c8b 9c24 | a000 0000 | 4788 440b | 1341 83c2 | 0444 3b94 | 2498 0000 | 007d 564d | 63ca 448b 
  0x0000026797b89bd4: 4424 7447 | 0fbe 4408 | 1041 83f8 | 2e74 374c | 8b9c 24a0 | 0000 0047 | 8844 0b10 | 448b 5c24 
  0x0000026797b89bf4: 7447 0fbe | 440b 1141 | 83f8 2e0f | 857b ffff | ffe9 66ff | ffff 41b8 | 2f00 0000 | eb8c 41b8 
  0x0000026797b89c14: 2f00 0000 | eb9a 41b8 | 2f00 0000 | ebc1 458b | d345 8bca | 443b 5424 | 787d 3090 | 4d63 d144 
  0x0000026797b89c34: 8b5c 2474 | 470f be5c | 1310 4183 | fb2e 0f84 | 0c19 0000 | 4c8b 8424 | a000 0000 

  0x0000026797b89c50: ;   {no_reloc}
  0x0000026797b89c50: 4788 5c10 | 1041 ffc1 | 443b 4c24 | 787c d149 | 8b8f b801 | 0000 4c8b | d149 83c2 | 184d 3b97 
  0x0000026797b89c70: c801 0000 | 0f83 e62e | 0000 4d89 | 97b8 0100 | 0041 0f18 | 8200 0100 | 0048 c701 | 0100 0000 
  0x0000026797b89c90: ;   {metadata('java/lang/String')}
  0x0000026797b89c90: c741 0870 | ea00 0044 | 8961 0c4c | 8961 1048 | 8b9c 24a0 | 0000 004c | 8bd3 4489 | 5114 8b74 
  0x0000026797b89cb0: 2438 4c8b | 7424 204c | 8b5c 2448 | 4c8b 6c24 | 584c 8b4c | 2460 4c8b | 5424 6844 | 8b44 243c 
  0x0000026797b89cd0: 8b54 2470 | 488b bc24 | 8000 0000 | eb3b 8b74 | 2438 4c8b | 7424 204c | 8b5c 2448 | 4c8b 6c24 
  0x0000026797b89cf0: 584c 8b4c | 2460 4c8b | 5424 6844 | 8b44 243c | 8b54 2470 | 8b6c 2474 | 488b bc24 | 8000 0000 
  0x0000026797b89d10: 488b cd48 | 8bd9 498b | cb8b 6b0c | 85ed 0f86 | 9226 0000 | 896c 2474 | 4889 9c24 | 8000 0000 
  0x0000026797b89d30: 4889 7c24 | 7889 5424 | 7044 8944 | 2424 4c89 | 5424 684c | 894c 2460 | 4c89 6c24 | 584c 895c 
  0x0000026797b89d50: 2448 4c89 | 7424 3889 | 7424 2044 | 0fbe 5910 | 4489 9c24 | a000 0000 | 4889 8c24 | 9800 0000 
  0x0000026797b89d70: c462 22f7 | dd44 899c | 24a4 0000 | 004d 63d3 | 4c89 9424 | a800 0000 | 448b 9c24 

  0x0000026797b89d8c: ;   {no_reloc}
  0x0000026797b89d8c: a000 0000 | 4183 fb01 | 0f84 0a47 | 0000 448b | 9424 a400 | 0000 4585 | d20f 8c11 | 4500 004c 
  0x0000026797b89dac: 8b94 24a8 | 0000 0049 | 83c2 014d | 8bca 418b | ea85 ed0f | 8c23 4500 | 0049 c1fa | 2045 8bd2 
  0x0000026797b89dcc: c4e2 29f7 | ed85 ed0f | 8cf7 4600 | 0081 fd00 | 0010 000f | 878b 3d00 | 004c 63d5 | 81fd 0000 
  0x0000026797b89dec: 1000 0f87 | e72b 0000 | 4d8b 87b8 | 0100 0049 | 83c2 1749 | 83e2 f84d | 8bd8 4d03 | da4d 3b9f 
  0x0000026797b89e0c: c801 0000 | 0f83 c52b | 0000 4d89 | 9fb8 0100 | 0041 0f18 | 8300 0100 | 0049 c700 | 0100 0000 
  0x0000026797b89e2c: 410f 1883 | 4001 0000 

  0x0000026797b89e34: ;   {metadata({type array byte})}
  0x0000026797b89e34: 41c7 4008 | 1823 0000 | 4189 680c | 410f 1883 | 8001 0000 | 4c89 8424 | b000 0000 | 448b 9424 
  0x0000026797b89e54: a400 0000 | 41ff c241 | 3bea 0f82 | 943e 0000 | 4d8b d044 | 8b84 24a4 | 0000 0043 | c644 0210 
  0x0000026797b89e74: 2f44 8b94 | 24a0 0000 | 0045 85d2 | 0f85 9244 | 0000 3b6c | 2474 0f82 | e03e 0000 | 448b 5c24 
  0x0000026797b89e94: 7445 85db | 7633 488b | 8c24 8000 | 0000 4883 | c110 488b | 9424 b000 | 0000 4883 | c210 4d63 
  0x0000026797b89eb4: c3c5 f877 | 49ba c06d | 3b97 6702 | 0000 41ff 

  0x0000026797b89ec4: ;   {other}
  0x0000026797b89ec4: d20f 1f84 | 0000 0000 | 0049 8b87 | b801 0000 | 4c8b d049 | 83c2 184d | 3b97 c801 | 0000 0f83 
  0x0000026797b89ee4: 202b 0000 | 4d89 97b8 | 0100 0041 | 0f18 8200 | 0100 0048 | c700 0100 

  0x0000026797b89efc: ;   {metadata('java/lang/String')}
  0x0000026797b89efc: 0000 c740 | 0870 ea00 | 0044 8960 | 0c44 8960 | 104c 8b94 | 24b0 0000 | 0044 8950 | 148b 7424 
  0x0000026797b89f1c: 204c 8b74 | 2438 4c8b | 5c24 484c | 8b6c 2458 | 4c8b 4c24 | 604c 8b54 | 2468 448b | 4424 248b 
  0x0000026797b89f3c: ;   {metadata('java/util/jar/JavaUtilJarAccessImpl')}
  0x0000026797b89f3c: 5424 7081 | fa70 6f31 | 000f 85cd | 3c00 0041 | 8b69 1044 

  0x0000026797b89f50: ;   {metadata('java/util/HashMap')}
  0x0000026797b89f50: 8b45 0841 | 81f8 00c4 | 0800 0f85 | 043d 0000 | 4c8b c541 | 8b58 2485 | db0f 84ad | 0100 008b 
  0x0000026797b89f70: 4b0c 85c9 | 0f86 8e45 | 0000 488b | f844 8b40 | 0cff c945 | 85c0 0f84 | b706 0000 | 418b d0c1 
  0x0000026797b89f90: ea10 4133 | d023 ca8b | 448b 1085 | c00f 8479 | 0100 0044 | 8b40 0c48 | 8be8 443b | c20f 8531 
  0x0000026797b89fb0: 0300 0044 | 8b40 104c | 3bc7 746a | 8944 2478 | 8954 2424 | 4889 7c24 | 704c 8954 | 2468 4c89 
  0x0000026797b89fd0: 4c24 604c | 896c 2458 | 4c89 5c24 | 484c 8974 | 2438 8974 | 2420 488b | d766 6690 

  0x0000026797b89fec: ;   {optimized virtual_call}
  0x0000026797b89fec: c5f8 77e8 

  0x0000026797b89ff0: ; ImmutableOopMap {rbp=Oop [32]=NarrowOop [40]=Oop [56]=Oop [64]=Oop [72]=Oop [80]=Oop [88]=Oop [96]=Oop [104]=Oop [112]=Oop [120]=NarrowOop [136]=Oop [144]=NarrowOop [148]=NarrowOop }
                      ;*invokevirtual equals {reexecute=0 rethrow=0 return_oop=0}
                      ; - java.util.HashMap::getNode@63 (line 578)
                      ; - java.util.HashMap::get@2 (line 564)
                      ; - java.util.jar.Manifest::getAttributes@5 (line 160)
                      ; - java.util.jar.Manifest::getTrustedAttributes@2 (line 177)
                      ; - java.util.jar.JavaUtilJarAccessImpl::getTrustedAttributes@2 (line 38)
                      ; - java.net.URLClassLoader::isSealed@18 (line 601)
                      ; - java.net.URLClassLoader::getAndVerifyPackage@68 (line 469)
                      ; - java.net.URLClassLoader::defineClass@46 (line 492)
                      ; - java.net.URLClassLoader$1::run@43 (line 427)
                      ; - java.net.URLClassLoader$1::run@1 (line 421)
  0x0000026797b89ff0: cc4c e9ff 

  0x0000026797b89ff4: ;   {other}
  0x0000026797b89ff4: 0f1f 8400 | 642d 0011 | 85c0 0f84 | b602 0000 | 8b74 2420 | 4c8b 7424 | 384c 8b5c | 2448 4c8b 
  0x0000026797b8a014: 6c24 584c | 8b4c 2460 | 4c8b 5424 | 6848 8b7c | 2470 8b6d | 1485 ed0f | 84eb 0000 | 0044 8b45 
  0x0000026797b8a034: ;   {metadata('java/util/jar/Attributes')}
  0x0000026797b8a034: 0841 81f8 | 98e5 1600 | 0f85 665f | 0000 458b | 4114 488b | cd45 85c0 | 746a 4889 | 4c24 7848 
  0x0000026797b8a054: 897c 2470 | 4c89 5424 | 684c 894c | 2460 4c89 | 6c24 584c | 895c 2448 | 4c89 7424 | 3889 7424 
  0x0000026797b8a074: 2049 8bd0 | 4c8b c749 | 8be9 6690 

  0x0000026797b8a080: ;   {optimized virtual_call}
  0x0000026797b8a080: c5f8 77e8 

  0x0000026797b8a084: ; ImmutableOopMap {rbp=Oop [32]=NarrowOop [40]=Oop [56]=Oop [64]=Oop [72]=Oop [80]=Oop [88]=Oop [96]=Oop [104]=Oop [112]=Oop [120]=Oop [136]=Oop [144]=NarrowOop [148]=NarrowOop }
                      ;*invokevirtual isTrustedManifestEntry {reexecute=0 rethrow=0 return_oop=0}
                      ; - java.util.jar.Manifest::getTrustedAttributes@22 (line 178)
                      ; - java.util.jar.JavaUtilJarAccessImpl::getTrustedAttributes@2 (line 38)
                      ; - java.net.URLClassLoader::isSealed@18 (line 601)
                      ; - java.net.URLClassLoader::getAndVerifyPackage@68 (line 469)
                      ; - java.net.URLClassLoader::defineClass@46 (line 492)
                      ; - java.net.URLClassLoader$1::run@43 (line 427)
                      ; - java.net.URLClassLoader$1::run@1 (line 421)
  0x0000026797b8a084: f846 84ff 

  0x0000026797b8a088: ;   {other}
  0x0000026797b8a088: 0f1f 8400 | f82d 0012 | 85c0 0f84 | d845 0000 | 8b74 2420 | 4c8b 7424 | 384c 8b5c | 2448 4c8b 
  0x0000026797b8a0a8: 6c24 584c | 8bcd 4c8b | 5424 6848 | 8b4c 2478 | 4c89 5424 | 684c 894c | 2460 4c89 | 6c24 584c 
  0x0000026797b8a0c8: 895c 2448 | 4c89 7424 | 3889 7424 | 2048 8bd1 

  0x0000026797b8a0d8: ;   {oop(a 'java/util/jar/Attributes$Name'{0x00000000d58a3370})}
  0x0000026797b8a0d8: 49b8 7033 | 8ad5 0000 | 0000 498b | e966 6690 

  0x0000026797b8a0e8: ;   {optimized virtual_call}
  0x0000026797b8a0e8: c5f8 77e8 

  0x0000026797b8a0ec: ; ImmutableOopMap {rbp=Oop [32]=NarrowOop [40]=Oop [56]=Oop [64]=Oop [72]=Oop [80]=Oop [88]=Oop [96]=Oop [104]=Oop [136]=Oop [144]=NarrowOop [148]=NarrowOop }
                      ;*invokevirtual getValue {reexecute=0 rethrow=0 return_oop=1}
                      ; - java.net.URLClassLoader::isSealed@35 (line 604)
                      ; - java.net.URLClassLoader::getAndVerifyPackage@68 (line 469)
                      ; - java.net.URLClassLoader::defineClass@46 (line 492)
                      ; - java.net.URLClassLoader$1::run@43 (line 427)
                      ; - java.net.URLClassLoader$1::run@1 (line 421)
  0x0000026797b8a0ec: 90e7 40f8 

  0x0000026797b8a0f0: ;   {other}
  0x0000026797b8a0f0: 0f1f 8400 | 602e 0013 | 4885 c00f | 85bb 4800 | 008b 7424 | 204c 8b74 | 2438 4c8b | 5c24 484c 
  0x0000026797b8a110: 8b6c 2458 | 4c8b cd4c | 8b54 2468 | 458b 410c 

  0x0000026797b8a120: ; implicit exception: dispatches to 0x0000026797b90520
  0x0000026797b8a120: 418b 680c 

  0x0000026797b8a124: ; implicit exception: dispatches to 0x0000026797b90434
                      ;   {metadata('java/util/LinkedHashMap')}
  0x0000026797b8a124: 8b4d 0881 | f960 d40f | 000f 8581 | 3b00 0048 | 8bfd 8b47 | 2485 c00f | 84e8 e2ff | ff8b 680c 
  0x0000026797b8a144: 85ed 0f86 | 0844 0000 

  0x0000026797b8a14c: ;   {oop(a 'java/util/jar/Attributes$Name'{0x00000000d58a3370})}
  0x0000026797b8a14c: 49b8 7033 | 8ad5 0000 | 0000 458b | 400c ffcd | 418b d0c1 | ea10 8bca | 4133 c823 | e98b 54a8 
  0x0000026797b8a16c: 1085 d20f | 84b4 e2ff | ff8b 420c | 488b da3b | c10f 8503 | 0300 008b 

  0x0000026797b8a184: ;   {oop(a 'java/util/jar/Attributes$Name'{0x00000000d58a3370})}
  0x0000026797b8a184: 4210 81f8 | 7033 8ad5 | 0f84 7e00 | 0000 4889 | 9c24 8000 | 0000 8954 | 2478 894c | 2424 4889 
  0x0000026797b8a1a4: 7c24 704c | 8954 2468 | 4c89 4c24 | 604c 896c | 2458 4c89 | 7424 3889 | 7424 204c 

  0x0000026797b8a1c0: ;   {oop(a 'java/util/jar/Attributes$Name'{0x00000000d58a3370})}
  0x0000026797b8a1c0: 8bc0 48ba | 7033 8ad5 | 0000 0000 | 498b eb90 

  0x0000026797b8a1d0: ;   {optimized virtual_call}
  0x0000026797b8a1d0: c5f8 77e8 

  0x0000026797b8a1d4: ; ImmutableOopMap {rbp=Oop [32]=NarrowOop [40]=Oop [56]=Oop [64]=Oop [80]=Oop [88]=Oop [96]=Oop [104]=Oop [112]=Oop [120]=NarrowOop [128]=Oop [136]=Oop [144]=NarrowOop [148]=NarrowOop }
                      ;*invokevirtual equals {reexecute=0 rethrow=0 return_oop=0}
                      ; - java.util.HashMap::getNode@63 (line 578)
                      ; - java.util.LinkedHashMap::get@2 (line 536)
                      ; - java.util.jar.Attributes::get@5 (line 106)
                      ; - java.util.jar.Attributes::getValue@2 (line 142)
                      ; - java.net.URLClassLoader::isSealed@58 (line 608)
                      ; - java.net.URLClassLoader::getAndVerifyPackage@68 (line 469)
                      ; - java.net.URLClassLoader::defineClass@46 (line 492)
                      ; - java.net.URLClassLoader$1::run@43 (line 427)
                      ; - java.net.URLClassLoader$1::run@1 (line 421)
  0x0000026797b8a1d4: a845 84ff 

  0x0000026797b8a1d8: ;   {other}
  0x0000026797b8a1d8: 0f1f 8400 | 482f 0014 | 85c0 0f84 | 6e02 0000 | 8b74 2420 | 4c8b 7424 | 384c 8bdd | 4c8b 6c24 
  0x0000026797b8a1f8: 584c 8b4c | 2460 4c8b | 5424 6848 | 8b7c 2470 | 488b 9c24 | 8000 0000 | 0fb6 6f30 | 85ed 0f85 
  0x0000026797b8a218: e847 0000 | 8b6b 1485 | ed0f 8402 | e2ff ff44 

  0x0000026797b8a228: ;   {metadata('java/lang/String')}
  0x0000026797b8a228: 8b45 0841 | 81f8 70ea | 0000 0f85 | c05d 0000 

  0x0000026797b8a238: ;   {oop("true"{0x00000000d58a3388})}
  0x0000026797b8a238: 488b fd48 | ba88 338a | d500 0000 | 0048 3bfa | 0f84 eb43 | 0000 8b6f | 148b 4d0c | 440f be47 
  0x0000026797b8a258: 10c4 e23a | f7e9 83fd | 040f 85c2 | e1ff ff4c | 8954 2460 | 4c89 4c24 | 584c 896c | 2448 498b 
  0x0000026797b8a278: eb4c 8974 | 2438 8974 | 2420 b904 | 0000 0041 | b801 0000 | 0045 33c9 | 33f6 6690 

  0x0000026797b8a294: ;   {optimized virtual_call}
  0x0000026797b8a294: c5f8 77e8 

  0x0000026797b8a298: ; ImmutableOopMap {rbp=Oop [32]=NarrowOop [40]=Oop [56]=Oop [64]=Oop [72]=Oop [80]=Oop [88]=Oop [96]=Oop [136]=Oop [144]=NarrowOop [148]=NarrowOop }
                      ;*invokevirtual regionMatches {reexecute=0 rethrow=0 return_oop=0}
                      ; - java.lang.String::equalsIgnoreCase@33 (line 1993)
                      ; - java.net.URLClassLoader::isSealed@68 (line 611)
                      ; - java.net.URLClassLoader::getAndVerifyPackage@68 (line 469)
                      ; - java.net.URLClassLoader::defineClass@46 (line 492)
                      ; - java.net.URLClassLoader$1::run@43 (line 427)
                      ; - java.net.URLClassLoader$1::run@1 (line 421)
  0x0000026797b8a298: e444 84ff 

  0x0000026797b8a29c: ;   {other}
  0x0000026797b8a29c: 0f1f 8400 | 0c30 0015 | 85c0 0f85 | 7c43 0000 | 8b74 2420 | 4c8b 7424 | 38e9 6fe1 | ffff 8b74 
  0x0000026797b8a2bc: 2420 4c8b | 7424 384c | 8b5c 2448 | 4c8b 6c24 | 584c 8b4c | 2460 4c8b | 5424 6848 | 8b7c 2470 
  0x0000026797b8a2dc: 8b54 2424 | 8b44 2478 | 448b 4018 | 4585 c00f | 842b feff | ff8b 4008 

  0x0000026797b8a2f4: ;   {metadata('java/util/HashMap$TreeNode')}
  0x0000026797b8a2f4: 81f8 d82a | 1a00 0f85 | 5613 0000 | 448b c248 | 89bc 2480 | 0000 004c | 8954 2478 | 4c89 4c24 
  0x0000026797b8a314: 704c 896c | 2468 4c89 | 5c24 6048 | ff74 2428 | 488f 4424 | 584c 8974 | 2448 8974 | 2438 4889 
  0x0000026797b8a334: 4424 f88b | 8424 9400 | 0000 8944 | 242c 488b | 4424 f848 | 8944 24f8 | 8b84 2490 | 0000 0089 
  0x0000026797b8a354: 4424 2848 | 8b44 24f8 | 48ff b424 | 8800 0000 | 488f 4424 | 2048 8bd5 | 4c8b cf90 

  0x0000026797b8a370: ;   {optimized virtual_call}
  0x0000026797b8a370: c5f8 77e8 

  0x0000026797b8a374: ; ImmutableOopMap {[32]=Oop [40]=NarrowOop [44]=NarrowOop [56]=NarrowOop [64]=Oop [72]=Oop [80]=Oop [88]=Oop [96]=Oop [104]=Oop [112]=Oop [120]=Oop [128]=Oop }
                      ;*invokevirtual getTreeNode {reexecute=0 rethrow=0 return_oop=1}
                      ; - java.util.HashMap::getNode@95 (line 582)
                      ; - java.util.HashMap::get@2 (line 564)
                      ; - java.util.jar.Manifest::getAttributes@5 (line 160)
                      ; - java.util.jar.Manifest::getTrustedAttributes@2 (line 177)
                      ; - java.util.jar.JavaUtilJarAccessImpl::getTrustedAttributes@2 (line 38)
                      ; - java.net.URLClassLoader::isSealed@18 (line 601)
                      ; - java.net.URLClassLoader::getAndVerifyPackage@68 (line 469)
                      ; - java.net.URLClassLoader::defineClass@46 (line 492)
                      ; - java.net.URLClassLoader$1::run@43 (line 427)
                      ; - java.net.URLClassLoader$1::run@1 (line 421)
  0x0000026797b8a374: 0844 84ff 

  0x0000026797b8a378: ;   {other}
  0x0000026797b8a378: 0f1f 8400 | e830 0016 | 4885 c074 | 6e48 8be8 | 48ff 7424 | 2048 8f84 | 2488 0000 | 0048 8944 
  0x0000026797b8a398: 24f8 8b44 | 2428 8984 | 2490 0000 | 0048 8b44 | 24f8 4889 | 4424 f88b | 4424 2c89 | 8424 9400 
  0x0000026797b8a3b8: 0000 488b | 4424 f88b | 7424 384c | 8b74 2448 | 48ff 7424 | 5848 8f44 | 2428 4c8b | 5c24 604c 
  0x0000026797b8a3d8: 8b6c 2468 | 4c8b 4c24 | 704c 8b54 | 2478 488b | bc24 8000 | 0000 e933 | fcff ff48 | ff74 2420 
  0x0000026797b8a3f8: 488f 8424 | 8800 0000 | 4889 4424 | f88b 4424 | 2889 8424 | 9000 0000 | 488b 4424 | f848 8944 
  0x0000026797b8a418: 24f8 8b44 | 242c 8984 | 2494 0000 | 0048 8b44 | 24f8 8b74 | 2438 4c8b | 7424 4848 | ff74 2458 
  0x0000026797b8a438: 488f 4424 | 284c 8b5c | 2460 4c8b | 6c24 684c | 8b4c 2470 | 4c8b 5424 | 78e9 c6fc | ffff 8b74 
  0x0000026797b8a458: 2420 4c8b | 7424 384c | 8bdd 4c8b | 6c24 584c | 8b4c 2460 | 4c8b 5424 | 6848 8b7c 

  0x0000026797b8a474: ;   {no_reloc}
  0x0000026797b8a474: 2470 8b4c | 2424 8b54 | 2478 488b | 9c24 8000 | 0000 8b42 | 1885 c00f | 8498 dfff | ff8b 5208 
  0x0000026797b8a494: ;   {metadata('java/util/HashMap$TreeNode')}
  0x0000026797b8a494: 81fa d82a | 1a00 0f85 | 4313 0000 | 4889 7c24 | 784c 8954 | 2470 4c89 | 4c24 684c | 896c 2460 
  0x0000026797b8a4b4: 4c89 5c24 | 5848 ff74 | 2428 488f | 4424 484c | 8974 2438 | 8974 2428 | 488b d344 

  0x0000026797b8a4d0: ;   {oop(a 'java/util/jar/Attributes$Name'{0x00000000d58a3370})}
  0x0000026797b8a4d0: 8bc1 49b9 | 7033 8ad5 | 0000 0000 

  0x0000026797b8a4dc: ;   {optimized virtual_call}
  0x0000026797b8a4dc: c5f8 77e8 

  0x0000026797b8a4e0: ; ImmutableOopMap {[40]=NarrowOop [56]=Oop [64]=Oop [72]=Oop [80]=Oop [88]=Oop [96]=Oop [104]=Oop [112]=Oop [120]=Oop [136]=Oop [144]=NarrowOop [148]=NarrowOop }
                      ;*invokevirtual getTreeNode {reexecute=0 rethrow=0 return_oop=1}
                      ; - java.util.HashMap::getNode@95 (line 582)
                      ; - java.util.LinkedHashMap::get@2 (line 536)
                      ; - java.util.jar.Attributes::get@5 (line 106)
                      ; - java.util.jar.Attributes::getValue@2 (line 142)
                      ; - java.net.URLClassLoader::isSealed@58 (line 608)
                      ; - java.net.URLClassLoader::getAndVerifyPackage@68 (line 469)
                      ; - java.net.URLClassLoader::defineClass@46 (line 492)
                      ; - java.net.URLClassLoader$1::run@43 (line 427)
                      ; - java.net.URLClassLoader$1::run@1 (line 421)
  0x0000026797b8a4e0: 9c42 84ff 

  0x0000026797b8a4e4: ;   {other}
  0x0000026797b8a4e4: 0f1f 8400 | 5432 0017 | 4885 c074 | 348b 7424 | 284c 8b74 | 2438 48ff | 7424 4848 | 8f44 2428 
  0x0000026797b8a504: 4c8b 5c24 | 584c 8b6c | 2460 4c8b | 4c24 684c | 8b54 2470 | 488b 7c24 | 7848 8bd8 | e9eb fcff 
  0x0000026797b8a524: ff8b 7424 | 284c 8b74 | 2438 e9f6 | deff ff41 | bb2f 0000 | 00e9 09db | ffff 4585 | c00f 85a9 
  0x0000026797b8a544: 1a00 0045 | 0fbe 4310 | 4585 c00f | 85c7 4900 | 0044 8954 | 243c 4c89 | 4c24 704c | 896c 2468 
  0x0000026797b8a564: 4c89 5c24 | 6048 ff74 | 2428 488f | 4424 584c | 8974 2448 | 8974 2438 | 4889 4424 | f88b 8424 
  0x0000026797b8a584: 9400 0000 | 8944 242c | 488b 4424 | f848 8944 | 24f8 8b84 | 2490 0000 | 0089 4424 | 2848 8b44 
  0x0000026797b8a5a4: 24f8 48ff | b424 8800 | 0000 488f | 4424 2048 | 8bd7 488b | e989 4c24 | 7866 6690 

  0x0000026797b8a5c0: ;   {static_call}
  0x0000026797b8a5c0: c5f8 77e8 

  0x0000026797b8a5c4: ; ImmutableOopMap {rbp=Oop [32]=Oop [40]=NarrowOop [44]=NarrowOop [56]=NarrowOop [60]=NarrowOop [64]=Oop [72]=Oop [80]=Oop [88]=Oop [96]=Oop [104]=Oop [112]=Oop [120]=NarrowOop }
                      ;*invokestatic hashCode {reexecute=0 rethrow=0 return_oop=0}
                      ; - java.lang.String::hashCode@27 (line 2369)
                      ; - java.util.concurrent.ConcurrentHashMap::get@1 (line 936)
                      ; - java.lang.ClassLoader::definePackage@47 (line 2125)
                      ; - java.lang.ClassLoader::getDefinedPackage@32 (line 2267)
                      ; - java.net.URLClassLoader::getAndVerifyPackage@2 (line 457)
                      ; - java.net.URLClassLoader::defineClass@46 (line 492)
                      ; - java.net.URLClassLoader$1::run@43 (line 427)
                      ; - java.net.URLClassLoader$1::run@1 (line 421)
  0x0000026797b8a5c4: b847 84ff 

  0x0000026797b8a5c8: ;   {other}
  0x0000026797b8a5c8: 0f1f 8400 | 3833 0018 | 85c0 0f84 | 1e23 0000 | 4c8b 5c24 | 6041 8943 | 0c48 ff74 | 2420 488f 
  0x0000026797b8a5e8: 8424 8800 | 0000 4889 | 4424 f88b | 4424 2889 | 8424 9000 | 0000 488b | 4424 f848 | 8944 24f8 
  0x0000026797b8a608: 8b44 242c | 8984 2494 | 0000 0048 | 8b44 24f8 | 8b74 2438 | 4c8b 7424 | 4848 ff74 | 2458 488f 
  0x0000026797b8a628: 4424 284c | 8b6c 2468 | 4c8b 4c24 | 7044 8b54 | 243c 8b4c | 2478 e9b3 | ecff ff0f | b668 1185 
  0x0000026797b8a648: ed0f 851e | 1b00 000f | be50 1085 | d20f 8559 | 4900 0089 | 8c24 9800 | 0000 4889 | 8424 8000 
  0x0000026797b8a668: 0000 4c89 | 5424 784c | 894c 2470 | 4c89 6c24 | 684c 895c | 2460 48ff | 7424 2848 | 8f44 2458 
  0x0000026797b8a688: 4c89 7424 | 4889 7424 | 3848 8944 | 24f8 8b84 | 2494 0000 | 0089 4424 | 2c48 8b44 | 24f8 4889 
  0x0000026797b8a6a8: 4424 f88b | 8424 9000 | 0000 8944 | 2428 488b | 4424 f848 | ffb4 2488 | 0000 0048 

  0x0000026797b8a6c4: ;   {no_reloc}
  0x0000026797b8a6c4: 8f44 2420 | 448b 5014 | 488b eb89 | 5c24 3c49 | 8bd2 6690 

  0x0000026797b8a6d8: ;   {static_call}
  0x0000026797b8a6d8: c5f8 77e8 

  0x0000026797b8a6dc: ; ImmutableOopMap {rbp=Oop [32]=Oop [40]=NarrowOop [44]=NarrowOop [56]=NarrowOop [60]=NarrowOop [64]=Oop [72]=Oop [80]=Oop [88]=Oop [96]=Oop [104]=Oop [112]=Oop [120]=Oop [128]=Oop }
                      ;*invokestatic hashCode {reexecute=0 rethrow=0 return_oop=0}
                      ; - java.lang.String::hashCode@27 (line 2369)
                      ; - java.util.HashMap::hash@9 (line 338)
                      ; - java.util.HashMap::getNode@23 (line 576)
                      ; - java.util.HashMap::get@2 (line 564)
                      ; - java.util.jar.Manifest::getAttributes@5 (line 160)
                      ; - java.util.jar.Manifest::getTrustedAttributes@2 (line 177)
                      ; - java.util.jar.JavaUtilJarAccessImpl::getTrustedAttributes@2 (line 38)
                      ; - java.net.URLClassLoader::isSealed@18 (line 601)
                      ; - java.net.URLClassLoader::getAndVerifyPackage@68 (line 469)
                      ; - java.net.URLClassLoader::defineClass@46 (line 492)
                      ; - java.net.URLClassLoader$1::run@43 (line 427)
                      ; - java.net.URLClassLoader$1::run@1 (line 421)
  0x0000026797b8a6dc: e0ef dbff 

  0x0000026797b8a6e0: ;   {other}
  0x0000026797b8a6e0: 0f1f 8400 | 5034 0019 | 85c0 0f84 | 7422 0000 | 488b bc24 | 8000 0000 | 8947 0c44 | 8bd0 41c1 
  0x0000026797b8a700: ea10 4433 | d08b 8c24 | 9800 0000 | 4123 ca41 | 8bd2 48ff | 7424 2048 | 8f84 2488 | 0000 0048 
  0x0000026797b8a720: 8944 24f8 | 8b44 2428 | 8984 2490 | 0000 0048 | 8b44 24f8 | 4889 4424 | f88b 4424 | 2c89 8424 
  0x0000026797b8a740: 9400 0000 | 488b 4424 | f88b 7424 | 384c 8b74 | 2448 48ff | 7424 5848 | 8f44 2428 | 4c8b 5c24 
  0x0000026797b8a760: 604c 8b6c | 2468 4c8b | 4c24 704c | 8b54 2478 | 8b5c 243c | e91e f8ff | ff48 894c | 2470 4c89 
  0x0000026797b8a780: 6c24 6848 | ff74 2428 | 488f 4424 | 604c 8974 | 2458 8974 | 2448 4889 | 4424 f88b | 8424 9400 
  0x0000026797b8a7a0: 0000 8944 | 243c 488b | 4424 f848 | 8944 24f8 | 8b84 2490 | 0000 0089 | 4424 3848 | 8b44 24f8 
  0x0000026797b8a7c0: 48ff 7424 | 2048 8f44 | 2428 48ff | b424 8800 | 0000 488f | 4424 2048 | 8bd1 6690 

  0x0000026797b8a7dc: ;   {optimized virtual_call}
  0x0000026797b8a7dc: c5f8 77e8 

  0x0000026797b8a7e0: ; ImmutableOopMap {[32]=Oop [56]=NarrowOop [60]=NarrowOop [64]=Oop [72]=NarrowOop [80]=Oop [88]=Oop [96]=Oop [104]=Oop [112]=Oop [136]=Oop [144]=NarrowOop [148]=NarrowOop [192]=Oop }
                      ;*invokevirtual getManEntry {reexecute=0 rethrow=0 return_oop=1}
                      ; - java.util.jar.JarFile::getManifestFromReference@27 (line 413)
                      ; - java.util.jar.JarFile::getManifest@1 (line 405)
                      ; - jdk.internal.loader.URLClassPath$JarLoader$2::getManifest@22 (line 853)
                      ; - java.net.URLClassLoader::defineClass@34 (line 491)
                      ; - java.net.URLClassLoader$1::run@43 (line 427)
                      ; - java.net.URLClassLoader$1::run@1 (line 421)
  0x0000026797b8a7e0: 1c5a 4cf8 

  0x0000026797b8a7e4: ;   {other}
  0x0000026797b8a7e4: 0f1f 8400 | 5435 001a | 4885 c00f | 845b 1700 | 004c 8b44 | 2470 450f | b650 1245 | 85d2 0f85 
  0x0000026797b8a804: e101 0000 | 498b e849 | 8bd0 4c8b | c066 6690 

  0x0000026797b8a814: ;   {optimized virtual_call}
  0x0000026797b8a814: c5f8 77e8 

  0x0000026797b8a818: ; ImmutableOopMap {rbp=Oop [32]=Oop [56]=NarrowOop [60]=NarrowOop [64]=Oop [72]=NarrowOop [80]=Oop [88]=Oop [96]=Oop [104]=Oop [192]=Oop }
                      ;*invokespecial getInputStream {reexecute=0 rethrow=0 return_oop=1}
                      ; - java.util.jar.JarFile::getManifestFromReference@130 (line 431)
                      ; - java.util.jar.JarFile::getManifest@1 (line 405)
                      ; - jdk.internal.loader.URLClassPath$JarLoader$2::getManifest@22 (line 853)
                      ; - java.net.URLClassLoader::defineClass@34 (line 491)
                      ; - java.net.URLClassLoader$1::run@43 (line 427)
                      ; - java.net.URLClassLoader$1::run@1 (line 421)
  0x0000026797b8a818: 04bb fdff 

  0x0000026797b8a81c: ;   {other}
  0x0000026797b8a81c: 0f1f 8400 | 8c35 001b | 4889 4424 | 7049 8b87 | b801 0000 | 4c8b d049 | 83c2 184d | 3b97 c801 
  0x0000026797b8a83c: 0000 0f83 | 3c28 0000 | 4d89 97b8 | 0100 0041 | 0f18 8200 | 0100 0048 | c700 0100 

  0x0000026797b8a858: ;   {metadata('java/util/jar/Manifest')}
  0x0000026797b8a858: 0000 c740 | 08b0 fc04 | 0044 8960 | 0c4c 8960 | 104c 8bd8 | 4c8b c545 | 8b48 1449 | 8baf b801 
  0x0000026797b8a878: 0000 4c8b | d549 83c2 | 104d 3b97 | c801 0000 | 0f83 bb27 | 0000 4d89 | 97b8 0100 | 0041 0f18 
  0x0000026797b8a898: 8200 0100 | 0048 c745 | 0001 0000 

  0x0000026797b8a8a4: ;   {metadata('java/util/jar/Attributes')}
  0x0000026797b8a8a4: 00c7 4508 | 98e5 1600 | 4489 650c | 4c89 8424 | 8000 0000 | 4c89 5c24 | 7844 894c | 244c ba10 
  0x0000026797b8a8c4: 0000 0090 

  0x0000026797b8a8c8: ;   {static_call}
  0x0000026797b8a8c8: c5f8 77e8 

  0x0000026797b8a8cc: ; ImmutableOopMap {rbp=Oop [32]=Oop [56]=NarrowOop [60]=NarrowOop [64]=Oop [72]=NarrowOop [76]=NarrowOop [80]=Oop [88]=Oop [96]=Oop [104]=Oop [112]=Oop [120]=Oop [128]=Oop [192]=Oop }
                      ;*invokestatic newLinkedHashMap {reexecute=0 rethrow=0 return_oop=1}
                      ; - java.util.jar.Attributes::<init>@6 (line 83)
                      ; - java.util.jar.Attributes::<init>@3 (line 73)
                      ; - java.util.jar.Manifest::<init>@9 (line 55)
                      ; - java.util.jar.Manifest::<init>@4 (line 88)
                      ; - java.util.jar.JarFile::getManifestFromReference@143 (line 432)
                      ; - java.util.jar.JarFile::getManifest@1 (line 405)
                      ; - jdk.internal.loader.URLClassPath$JarLoader$2::getManifest@22 (line 853)
                      ; - java.net.URLClassLoader::defineClass@34 (line 491)
                      ; - java.net.URLClassLoader$1::run@43 (line 427)
                      ; - java.net.URLClassLoader$1::run@1 (line 421)
  0x0000026797b8a8cc: d0a1 5af8 

  0x0000026797b8a8d0: ;   {other}
  0x0000026797b8a8d0: 0f1f 8400 | 4036 001c | 4c8b 5424 | 784c 8bdd | 4c8b 4424 | 7845 8958 | 0c49 c1ea | 094c 8bdd 
  0x0000026797b8a8f0: 4c8b c844 | 894d 0c49 | c1eb 0949 | b800 00af | 8667 0200 | 0047 8824 | 1849 bb00 | 00af 8667 
  0x0000026797b8a910: 0200 0047 | 8824 1349 | 8b87 b801 | 0000 4c8b | d049 83c2 | 304d 3b97 | c801 0000 | 0f83 6f27 
  0x0000026797b8a930: 0000 4d89 | 97b8 0100 | 0041 0f18 | 8200 0100 | 0048 c700 | 0100 0000 

  0x0000026797b8a948: ;   {metadata('java/util/HashMap')}
  0x0000026797b8a948: c740 0800 | c408 0044 | 8960 0c4c | 8960 104c | 8960 184c | 8960 2848 | c740 2000 | 0040 3f44 
  0x0000026797b8a968: 8b54 244c | 4d8b ca4c | 8b5c 2478 | 4d8b d34c | 8bc0 4589 | 4310 49c1 | ea09 49bb | 0000 af86 
  0x0000026797b8a988: 6702 0000 | 4788 2413 | 488b 5424 | 784c 8b44 | 2470 6690 

  0x0000026797b8a99c: ;   {optimized virtual_call}
  0x0000026797b8a99c: c5f8 77e8 

  0x0000026797b8a9a0: ; ImmutableOopMap {[32]=Oop [56]=NarrowOop [60]=NarrowOop [64]=Oop [72]=NarrowOop [80]=Oop [88]=Oop [96]=Oop [104]=Oop [112]=Oop [120]=Oop [128]=Oop [192]=Oop }
                      ;*invokevirtual read {reexecute=0 rethrow=0 return_oop=0}
                      ; - java.util.jar.Manifest::<init>@29 (line 101)
                      ; - java.util.jar.Manifest::<init>@4 (line 88)
                      ; - java.util.jar.JarFile::getManifestFromReference@143 (line 432)
                      ; - java.util.jar.JarFile::getManifest@1 (line 405)
                      ; - jdk.internal.loader.URLClassPath$JarLoader$2::getManifest@22 (line 853)
                      ; - java.net.URLClassLoader::defineClass@34 (line 491)
                      ; - java.net.URLClassLoader$1::run@43 (line 427)
                      ; - java.net.URLClassLoader$1::run@1 (line 421)
  0x0000026797b8a9a0: dcb7 5af8 

  0x0000026797b8a9a4: ;   {other}
  0x0000026797b8a9a4: 0f1f 8400 | 1437 001d | 4c8b 4424 | 7845 8960 | 144c 8b5c | 2470 458b 

  0x0000026797b8a9bc: ;   {metadata('java/util/zip/ZipFile$ZipFileInflaterInputStream')}
  0x0000026797b8a9bc: 5308 4181 | fa90 b831 | 000f 85d5 | 4800 0048 | 8b6c 2478 | 498b d390 

  0x0000026797b8a9d4: ;   {optimized virtual_call}
  0x0000026797b8a9d4: c5f8 77e8 

  0x0000026797b8a9d8: ; ImmutableOopMap {rbp=Oop [32]=Oop [56]=NarrowOop [60]=NarrowOop [64]=Oop [72]=NarrowOop [80]=Oop [88]=Oop [96]=Oop [104]=Oop [128]=Oop [192]=Oop }
                      ;*invokevirtual close {reexecute=0 rethrow=0 return_oop=0}
                      ; - java.util.jar.JarFile::getManifestFromReference@152 (line 433)
                      ; - java.util.jar.JarFile::getManifest@1 (line 405)
                      ; - jdk.internal.loader.URLClassPath$JarLoader$2::getManifest@22 (line 853)
                      ; - java.net.URLClassLoader::defineClass@34 (line 491)
                      ; - java.net.URLClassLoader$1::run@43 (line 427)
                      ; - java.net.URLClassLoader$1::run@1 (line 421)
  0x0000026797b8a9d8: 64ec f9ff 

  0x0000026797b8a9dc: ;   {other}
  0x0000026797b8a9dc: 0f1f 8400 | 4c37 001e | e913 0900 | 0048 8944 | 2470 498b | e849 8bd0 | 4c8b c090 

  0x0000026797b8a9f8: ;   {optimized virtual_call}
  0x0000026797b8a9f8: c5f8 77e8 

  0x0000026797b8a9fc: ; ImmutableOopMap {rbp=Oop [32]=Oop [56]=NarrowOop [60]=NarrowOop [64]=Oop [72]=NarrowOop [80]=Oop [88]=Oop [96]=Oop [104]=Oop [112]=Oop [144]=NarrowOop [148]=NarrowOop [192]=Oop }
                      ;*invokevirtual getBytes {reexecute=0 rethrow=0 return_oop=1}
                      ; - java.util.jar.JarFile::getManifestFromReference@44 (line 418)
                      ; - java.util.jar.JarFile::getManifest@1 (line 405)
                      ; - jdk.internal.loader.URLClassPath$JarLoader$2::getManifest@22 (line 853)
                      ; - java.net.URLClassLoader::defineClass@34 (line 491)
                      ; - java.net.URLClassLoader$1::run@43 (line 427)
                      ; - java.net.URLClassLoader$1::run@1 (line 421)
  0x0000026797b8a9fc: 803d 84ff 

  0x0000026797b8aa00: ;   {other}
  0x0000026797b8aa00: 0f1f 8400 | 7037 001f | 4889 4424 | 784c 8bdd | 410f b66b | 1185 ed0f | 85c7 4800 | 004c 899c 
  0x0000026797b8aa20: 2480 0000 | 0049 8bd3 

  0x0000026797b8aa28: ;   {optimized virtual_call}
  0x0000026797b8aa28: c5f8 77e8 

  0x0000026797b8aa2c: ; ImmutableOopMap {[32]=Oop [56]=NarrowOop [60]=NarrowOop [64]=Oop [72]=NarrowOop [80]=Oop [88]=Oop [96]=Oop [104]=Oop [112]=Oop [120]=Oop [128]=Oop [144]=NarrowOop [148]=NarrowOop [192]=Oop }
                      ;*invokevirtual getManifestNum {reexecute=0 rethrow=0 return_oop=0}
                      ; - java.util.zip.ZipFile$1::getManifestNum@1 (line 1125)
                      ; - java.util.jar.JarFile::getManifestFromReference@59 (line 420)
                      ; - java.util.jar.JarFile::getManifest@1 (line 405)
                      ; - jdk.internal.loader.URLClassPath$JarLoader$2::getManifest@22 (line 853)
                      ; - java.net.URLClassLoader::defineClass@34 (line 491)
                      ; - java.net.URLClassLoader$1::run@43 (line 427)
                      ; - java.net.URLClassLoader$1::run@1 (line 421)
  0x0000026797b8aa2c: 503d 84ff 

  0x0000026797b8aa30: ;   {other}
  0x0000026797b8aa30: 0f1f 8400 | a037 0020 | 83f8 010f | 85d3 4800 | 004d 8b9f | b801 0000 | 4d8b d349 | 83c2 404d 
  0x0000026797b8aa50: 3b97 c801 | 0000 0f83 | b923 0000 | 4d89 97b8 | 0100 0041 | 0f18 8200 | 0100 0049 | c703 0100 
  0x0000026797b8aa70: ;   {metadata('java/util/jar/JarVerifier')}
  0x0000026797b8aa70: 0000 41c7 | 4308 382f | 1700 4589 | 630c 4d89 | 6310 4d89 | 6318 4d89 | 6320 4d89 | 6328 4d89 
  0x0000026797b8aa90: 6330 4d89 | 6338 4c8b | 4424 7045 

  0x0000026797b8aa9c: ;   {metadata('java/util/jar/JarFile$JarFileEntry')}
  0x0000026797b8aa9c: 8b50 0841 | 81fa 0847 | 3100 0f85 | 8845 0000 | 4d8b d041 | c643 0e01 | 458b 5260 | 4589 5330 
  0x0000026797b8aabc: 41c6 430d | 014c 8b54 | 2478 4d8b | c245 8943 | 2c44 8944 | 244c 4d8b | d34c 895c | 2470 49c1 
  0x0000026797b8aadc: ea09 49bb | 0000 af86 | 6702 0000 | 4788 2413 | 4d8b 97b8 | 0100 004d | 8bda 4983 | c330 4d3b 
  0x0000026797b8aafc: 9fc8 0100 | 000f 8331 | 2300 004d | 899f b801 | 0000 410f | 1883 0001 | 0000 49c7 | 0201 0000 
  0x0000026797b8ab1c: ;   {metadata('java/util/Hashtable')}
  0x0000026797b8ab1c: 0041 c742 | 08b0 d500 | 0045 8962 | 0c4d 8962 | 104d 8962 | 184d 8962 | 204d 8962 | 2849 8bea 
  0x0000026797b8ab3c: ;   {section_word}
  0x0000026797b8ab3c: c5fa 1005 | 3cd2 ffff 

  0x0000026797b8ab44: ;   {static_call}
  0x0000026797b8ab44: c5f8 77e8 

  0x0000026797b8ab48: ; ImmutableOopMap {rbp=Oop [32]=Oop [56]=NarrowOop [60]=NarrowOop [64]=Oop [72]=NarrowOop [76]=NarrowOop [80]=Oop [88]=Oop [96]=Oop [104]=Oop [112]=Oop [120]=Oop [128]=Oop [192]=Oop }
                      ;*invokestatic isNaN {reexecute=0 rethrow=0 return_oop=0}
                      ; - java.util.Hashtable::<init>@47 (line 190)
                      ; - java.util.Hashtable::<init>@5 (line 217)
                      ; - java.util.jar.JarVerifier::<init>@39 (line 105)
                      ; - java.util.jar.JarFile::getManifestFromReference@78 (line 421)
                      ; - java.util.jar.JarFile::getManifest@1 (line 405)
                      ; - jdk.internal.loader.URLClassPath$JarLoader$2::getManifest@22 (line 853)
                      ; - java.net.URLClassLoader::defineClass@34 (line 491)
                      ; - java.net.URLClassLoader$1::run@43 (line 427)
                      ; - java.net.URLClassLoader$1::run@1 (line 421)
  0x0000026797b8ab48: 3442 84ff 

  0x0000026797b8ab4c: ;   {other}
  0x0000026797b8ab4c: 0f1f 8400 | bc38 0021 | 85c0 0f85 | 4845 0000 | 4c8b d541 | c742 1400 | 0040 3f49 | 8b87 b801 
  0x0000026797b8ab6c: 0000 4c8b | d049 83c2 | 404d 3b97 | c801 0000 | 0f83 da22 | 0000 4d89 | 97b8 0100 | 0041 0f18 
  0x0000026797b8ab8c: 8200 0100 | 0048 c700 | 0100 0000 | 410f 1882 | 4001 0000 

  0x0000026797b8aba0: ;   {metadata('java/util/Hashtable$Entry'[])}
  0x0000026797b8aba0: c740 0848 | 9b13 0041 | 0f18 8280 | 0100 00c7 | 400c 0b00 | 0000 4c89 | 6010 4c89 | 6018 4c89 
  0x0000026797b8abc0: 6020 4c89 | 6028 4c89 | 6030 4c89 | 6038 4c8b | d541 c742 | 1008 0000 | 004d 8bda | 4c8b 5424 
  0x0000026797b8abe0: 7045 895a | 144c 8bdd | 49c1 ea09 | 49c1 eb09 | 49b8 0000 | af86 6702 | 0000 4788 | 2418 49bb 
  0x0000026797b8ac00: 0000 af86 | 6702 0000 | 4788 2413 | 4d8b 97b8 | 0100 004d | 8bc2 4983 | c030 4c8b | d844 895d 
  0x0000026797b8ac20: 1c4d 3b87 | c801 0000 | 0f83 5322 | 0000 4d89 | 87b8 0100 | 0041 0f18 | 8000 0100 | 0049 c702 
  0x0000026797b8ac40: 0100 0000 

  0x0000026797b8ac44: ;   {metadata('java/util/Hashtable')}
  0x0000026797b8ac44: 41c7 4208 | b0d5 0000 | 4589 620c | 4d89 6210 | 4d89 6218 | 4d89 6220 | 4d89 6228 | 4c89 9424 
  0x0000026797b8ac64: 8800 0000 

  0x0000026797b8ac68: ;   {section_word}
  0x0000026797b8ac68: c5fa 1005 | 10d1 ffff 

  0x0000026797b8ac70: ;   {static_call}
  0x0000026797b8ac70: c5f8 77e8 

  0x0000026797b8ac74: ; ImmutableOopMap {[32]=Oop [56]=NarrowOop [60]=NarrowOop [64]=Oop [72]=NarrowOop [76]=NarrowOop [80]=Oop [88]=Oop [96]=Oop [104]=Oop [112]=Oop [120]=Oop [128]=Oop [136]=Oop [192]=Oop }
                      ;*invokestatic isNaN {reexecute=0 rethrow=0 return_oop=0}
                      ; - java.util.Hashtable::<init>@47 (line 190)
                      ; - java.util.Hashtable::<init>@5 (line 217)
                      ; - java.util.jar.JarVerifier::<init>@50 (line 106)
                      ; - java.util.jar.JarFile::getManifestFromReference@78 (line 421)
                      ; - java.util.jar.JarFile::getManifest@1 (line 405)
                      ; - jdk.internal.loader.URLClassPath$JarLoader$2::getManifest@22 (line 853)
                      ; - java.net.URLClassLoader::defineClass@34 (line 491)
                      ; - java.net.URLClassLoader$1::run@43 (line 427)
                      ; - java.net.URLClassLoader$1::run@1 (line 421)
  0x0000026797b8ac74: 0841 84ff 

  0x0000026797b8ac78: ;   {other}
  0x0000026797b8ac78: 0f1f 8400 | e839 0022 | 85c0 0f85 | 6844 0000 | 4c8b 9424 | 8800 0000 | 41c7 4214 | 0000 403f 
  0x0000026797b8ac98: 498b 87b8 | 0100 004c | 8bd0 4983 | c240 4d3b | 97c8 0100 | 000f 83f1 | 2100 004d | 8997 b801 
  0x0000026797b8acb8: 0000 410f | 1882 0001 | 0000 48c7 | 0001 0000 | 0041 0f18 | 8240 0100 

  0x0000026797b8acd0: ;   {metadata('java/util/Hashtable$Entry'[])}
  0x0000026797b8acd0: 00c7 4008 | 489b 1300 | 410f 1882 | 8001 0000 | c740 0c0b | 0000 004c | 8960 104c | 8960 184c 
  0x0000026797b8acf0: 8960 204c | 8960 284c | 8960 304c | 8960 384c | 8b94 2488 | 0000 0041 | c742 1008 | 0000 004c 
  0x0000026797b8ad10: 8b5c 2470 | 4589 5310 | 4d8b d34c | 8b9c 2488 | 0000 0049 | c1ea 0949 | c1eb 0949 | b800 00af 
  0x0000026797b8ad30: 8667 0200 | 0047 8824 | 1849 bb00 | 00af 8667 | 0200 0047 | 8824 1349 | 8baf b801 | 0000 4c8b 
  0x0000026797b8ad50: dd49 83c3 | 304c 8bd0 | 4c8b 8424 | 8800 0000 | 4589 501c | 4d3b 9fc8 | 0100 000f | 8358 2100 
  0x0000026797b8ad70: 004d 899f | b801 0000 | 410f 1883 | 0001 0000 | 48c7 4500 | 0100 0000 

  0x0000026797b8ad88: ;   {metadata('java/util/Hashtable')}
  0x0000026797b8ad88: c745 08b0 | d500 0044 | 8965 0c4c | 8965 104c | 8965 184c | 8965 204c 

  0x0000026797b8ada0: ;   {section_word}
  0x0000026797b8ada0: 8965 28c5 | fa10 05d5 | cfff ff90 

  0x0000026797b8adac: ;   {static_call}
  0x0000026797b8adac: c5f8 77e8 

  0x0000026797b8adb0: ; ImmutableOopMap {rbp=Oop [32]=Oop [56]=NarrowOop [60]=NarrowOop [64]=Oop [72]=NarrowOop [76]=NarrowOop [80]=Oop [88]=Oop [96]=Oop [104]=Oop [112]=Oop [120]=Oop [128]=Oop [192]=Oop }
                      ;*invokestatic isNaN {reexecute=0 rethrow=0 return_oop=0}
                      ; - java.util.Hashtable::<init>@47 (line 190)
                      ; - java.util.Hashtable::<init>@4 (line 209)
                      ; - java.util.jar.JarVerifier::<init>@63 (line 107)
                      ; - java.util.jar.JarFile::getManifestFromReference@78 (line 421)
                      ; - java.util.jar.JarFile::getManifest@1 (line 405)
                      ; - jdk.internal.loader.URLClassPath$JarLoader$2::getManifest@22 (line 853)
                      ; - java.net.URLClassLoader::defineClass@34 (line 491)
                      ; - java.net.URLClassLoader$1::run@43 (line 427)
                      ; - java.net.URLClassLoader$1::run@1 (line 421)
  0x0000026797b8adb0: cc3f 84ff 

  0x0000026797b8adb4: ;   {other}
  0x0000026797b8adb4: 0f1f 8400 | 243b 0023 | 85c0 0f85 | 9043 0000 | c745 1400 | 0040 3f4d | 8b97 b801 | 0000 4d8b 
  0x0000026797b8add4: da49 83c3 | 404d 3b9f | c801 0000 | 0f83 f321 | 0000 4d89 | 9fb8 0100 | 0041 0f18 | 8300 0100 
  0x0000026797b8adf4: 0049 c702 | 0100 0000 | 410f 1883 | 4001 0000 

  0x0000026797b8ae04: ;   {metadata('java/util/Hashtable$Entry'[])}
  0x0000026797b8ae04: 41c7 4208 | 489b 1300 | 410f 1883 | 8001 0000 | 41c7 420c | 0b00 0000 | 4d89 6210 | 4d89 6218 
  0x0000026797b8ae24: 4d89 6220 | 4d89 6228 | 4d89 6230 | 4d89 6238 | c745 1008 | 0000 004c | 8bc5 4c8b | 5c24 7045 
  0x0000026797b8ae44: 8943 184c | 8bc5 49c1 | eb09 49c1 | e809 49b9 | 0000 af86 | 6702 0000 | 4788 2401 | 49b8 0000 
  0x0000026797b8ae64: af86 6702 | 0000 4788 | 2418 498b | 87b8 0100 | 004c 8bd8 | 4983 c318 | 4489 551c | 4d3b 9fc8 
  0x0000026797b8ae84: 0100 000f | 83c4 2000 | 004d 899f | b801 0000 | 410f 1883 | 0001 0000 | 48c7 0001 

  0x0000026797b8aea0: ;   {metadata('java/util/ArrayList')}
  0x0000026797b8aea0: 0000 00c7 | 4008 d0a7 | 0b00 4489 | 600c 4489 

  0x0000026797b8aeb0: ;   {oop(a 'java/lang/Object'[0] {0x00000000d58a2c90})}
  0x0000026797b8aeb0: 6010 c740 | 1490 2c8a | d54c 8b54 | 2470 4c8b | c04c 8b5c | 2470 4589 | 431c 49c1 | ea09 49bb 
  0x0000026797b8aed0: 0000 af86 | 6702 0000 | 4788 2413 | 4d8b 97b8 | 0100 004d | 8bda 4983 | c318 4d3b | 9fc8 0100 
  0x0000026797b8aef0: 000f 83f5 | 1f00 004d | 899f b801 | 0000 410f | 1883 0001 | 0000 49c7 | 0201 0000 

  0x0000026797b8af0c: ;   {metadata('java/io/ByteArrayOutputStream')}
  0x0000026797b8af0c: 0041 c742 | 08e8 2722 | 0045 8962 | 0c4d 8962 | 1049 8bea | 498b 87b8 | 0100 004c | 8bd0 4983 
  0x0000026797b8af2c: c230 4d3b | 97c8 0100 | 000f 8356 | 2000 004d | 8997 b801 | 0000 410f | 1882 0001 | 0000 48c7 
  0x0000026797b8af4c: 0001 0000 | 0041 0f18 | 8240 0100 

  0x0000026797b8af58: ;   {metadata({type array byte})}
  0x0000026797b8af58: 00c7 4008 | 1823 0000 | 410f 1882 | 8001 0000 | c740 0c20 | 0000 004c | 8960 104c | 8960 184c 
  0x0000026797b8af78: 8960 204c | 8960 284c | 8bd5 4c8b | 5c24 7045 | 8953 244c | 8bd0 4489 | 5510 4c8b | d54c 8b5c 
  0x0000026797b8af98: 2470 49c1 | ea09 49b8 | 0000 af86 | 6702 0000 | 4788 2410 | 49c1 eb09 | 49ba 0000 | af86 6702 
  0x0000026797b8afb8: 0000 4788 | 241a 498b | 87b8 0100 | 004c 8bd0 | 4983 c218 | 4d3b 97c8 | 0100 000f | 8398 1f00 
  0x0000026797b8afd8: 004d 8997 | b801 0000 | 410f 1882 | 0001 0000 | 48c7 0001 

  0x0000026797b8afec: ;   {metadata('java/util/ArrayList')}
  0x0000026797b8afec: 0000 00c7 | 4008 d0a7 | 0b00 4489 | 600c 4489 

  0x0000026797b8affc: ;   {oop(a 'java/lang/Object'[0] {0x00000000d58a2c90})}
  0x0000026797b8affc: 6010 c740 | 1490 2c8a | d54c 8b54 | 2470 4c8b | d84c 8b44 | 2470 4589 | 5834 49c1 | ea09 49bb 
  0x0000026797b8b01c: 0000 af86 | 6702 0000 | 4788 2413 | 498b 87b8 | 0100 004c | 8bd0 4983 | c230 4d3b | 97c8 0100 
  0x0000026797b8b03c: 000f 83cd | 1e00 004d | 8997 b801 | 0000 410f | 1882 0001 | 0000 48c7 | 0001 0000 

  0x0000026797b8b058: ;   {metadata('java/util/HashMap')}
  0x0000026797b8b058: 00c7 4008 | 00c4 0800 | 4489 600c | 4c89 6010 | 4c89 6018 | 4c89 6028 | 48c7 4020 | 0000 403f 
  0x0000026797b8b078: 4c8b 5424 | 7044 8994 | 2488 0000 | 004c 8b54 | 2470 4c8b | d84c 8b44 | 2470 4589 | 5838 49c1 
  0x0000026797b8b098: ea09 49bb | 0000 af86 | 6702 0000 | 4788 2413 | 4c8b 9424 | 8000 0000 | 448b 9c24 | 8800 0000 
  0x0000026797b8b0b8: 4589 5a30 | 49c1 ea09 | 49bb 0000 | af86 6702 | 0000 4788 | 2413 498b | 87b8 0100 | 004c 8bd0 
  0x0000026797b8b0d8: 4983 c218 | 4d3b 97c8 | 0100 000f | 83d0 1e00 | 004d 8997 | b801 0000 | 410f 1882 | 0001 0000 
  0x0000026797b8b0f8: 48c7 0001 

  0x0000026797b8b0fc: ;   {metadata('java/util/jar/Manifest')}
  0x0000026797b8b0fc: 0000 00c7 | 4008 b0fc | 0400 4489 | 600c 4c89 | 6010 4c8b | d04c 8994 | 2490 0000 | 0049 8b87 
  0x0000026797b8b11c: b801 0000 | 4c8b d049 | 83c2 204d | 3b97 c801 | 0000 0f83 | fd1d 0000 | 4d89 97b8 | 0100 0041 
  0x0000026797b8b13c: 0f18 8200 | 0100 0048 | c700 0100 

  0x0000026797b8b148: ;   {metadata('java/io/ByteArrayInputStream')}
  0x0000026797b8b148: 0000 c740 | 08b0 3e05 | 0044 8960 | 0c4c 8960 | 104c 8960 | 184c 8bd0 | 4c89 9424 | 9800 0000 
  0x0000026797b8b168: 448b 4424 | 4c45 8942 | 184c 8b54 | 2478 458b | 520c 4c8b | 9c24 9800 | 0000 4589 | 5314 4c8b 
  0x0000026797b8b188: 9424 8000 | 0000 458b | 5a14 4489 | 5c24 4c49 | 8baf b801 | 0000 4c8b | d549 83c2 | 104d 3b97 
  0x0000026797b8b1a8: c801 0000 | 0f83 521e | 0000 4d89 | 97b8 0100 | 0041 0f18 | 8200 0100 | 0048 c745 | 0001 0000 
  0x0000026797b8b1c8: ;   {metadata('java/util/jar/Attributes')}
  0x0000026797b8b1c8: 00c7 4508 | 98e5 1600 | 4489 650c | ba10 0000 | 0066 6690 

  0x0000026797b8b1dc: ;   {static_call}
  0x0000026797b8b1dc: c5f8 77e8 

  0x0000026797b8b1e0: ; ImmutableOopMap {rbp=Oop [32]=Oop [56]=NarrowOop [60]=NarrowOop [64]=Oop [72]=NarrowOop [76]=NarrowOop [80]=Oop [88]=Oop [96]=Oop [104]=Oop [112]=Oop [128]=Oop [136]=NarrowOop [144]=Oop [152]=Oop [192]=Oop }
                      ;*invokestatic newLinkedHashMap {reexecute=0 rethrow=0 return_oop=1}
                      ; - java.util.jar.Attributes::<init>@6 (line 83)
                      ; - java.util.jar.Attributes::<init>@3 (line 73)
                      ; - java.util.jar.Manifest::<init>@9 (line 55)
                      ; - java.util.jar.JarFile::getManifestFromReference@121 (line 429)
                      ; - java.util.jar.JarFile::getManifest@1 (line 405)
                      ; - jdk.internal.loader.URLClassPath$JarLoader$2::getManifest@22 (line 853)
                      ; - java.net.URLClassLoader::defineClass@34 (line 491)
                      ; - java.net.URLClassLoader$1::run@43 (line 427)
                      ; - java.net.URLClassLoader$1::run@1 (line 421)
  0x0000026797b8b1e0: 9c3b 84ff 

  0x0000026797b8b1e4: ;   {other}
  0x0000026797b8b1e4: 0f1f 8400 | 543f 0024 | 4c8b d844 | 895d 0c4c | 8bdd 4c8b | 9424 9000 | 0000 4589 | 5a0c 4c8b 
  0x0000026797b8b204: d54c 8b9c | 2490 0000 | 0049 c1ea | 0949 b800 | 00af 8667 | 0200 0047 | 8824 1049 | c1eb 0949 
  0x0000026797b8b224: ba00 00af | 8667 0200 | 0047 8824 | 1a49 8b87 | b801 0000 | 4c8b d049 | 83c2 304d | 3b97 c801 
  0x0000026797b8b244: 0000 0f83 | dc1d 0000 | 4d89 97b8 | 0100 0041 | 0f18 8200 | 0100 0048 | c700 0100 

  0x0000026797b8b260: ;   {metadata('java/util/HashMap')}
  0x0000026797b8b260: 0000 c740 | 0800 c408 | 0044 8960 | 0c4c 8960 | 104c 8960 | 184c 8960 | 2848 c740 | 2000 0040 
  0x0000026797b8b280: 3f44 8b54 | 244c 4d8b | ca4c 8b94 | 2490 0000 | 004c 8bd8 | 4c8b 8424 | 9000 0000 | 4589 5810 
  0x0000026797b8b2a0: 49c1 ea09 | 49bb 0000 | af86 6702 | 0000 4788 | 2413 498b | d04c 8b84 | 2498 0000 | 0066 6690 
  0x0000026797b8b2c0: ;   {optimized virtual_call}
  0x0000026797b8b2c0: c5f8 77e8 

  0x0000026797b8b2c4: ; ImmutableOopMap {[32]=Oop [56]=NarrowOop [60]=NarrowOop [64]=Oop [72]=NarrowOop [80]=Oop [88]=Oop [96]=Oop [104]=Oop [112]=Oop [128]=Oop [136]=NarrowOop [144]=Oop [192]=Oop }
                      ;*invokevirtual read {reexecute=0 rethrow=0 return_oop=0}
                      ; - java.util.jar.Manifest::<init>@29 (line 101)
                      ; - java.util.jar.JarFile::getManifestFromReference@121 (line 429)
                      ; - java.util.jar.JarFile::getManifest@1 (line 405)
                      ; - jdk.internal.loader.URLClassPath$JarLoader$2::getManifest@22 (line 853)
                      ; - java.net.URLClassLoader::defineClass@34 (line 491)
                      ; - java.net.URLClassLoader$1::run@43 (line 427)
                      ; - java.net.URLClassLoader$1::run@1 (line 421)
  0x0000026797b8b2c4: b834 84ff 

  0x0000026797b8b2c8: ;   {other}
  0x0000026797b8b2c8: 0f1f 8400 | 3840 0025 | 4c8b 9c24 | 9000 0000 | 448b 8424 | 8800 0000 | 4589 4314 | 4d8b d349 
  0x0000026797b8b2e8: c1ea 0949 | b800 00af | 8667 0200 | 0047 8824 | 1049 8beb | 498b 87b8 | 0100 004c | 8bd0 4983 
  0x0000026797b8b308: c228 4d3b | 97c8 0100 | 000f 83dd | 1a00 004d | 8997 b801 | 0000 410f | 1882 0001 | 0000 48c7 
  0x0000026797b8b328: 0001 0000 

  0x0000026797b8b32c: ;   {metadata('java/lang/ref/SoftReference')}
  0x0000026797b8b32c: 00c7 4008 | 50de 0300 | 4489 600c | 4c89 6010 | 4c89 6018 | 4c89 6020 | 4c8b d544 

  0x0000026797b8b348: ;   {oop(a 'java/lang/ref/ReferenceQueue$Null'{0x00000000d58a17d0})}
  0x0000026797b8b348: 8950 0cc7 | 4010 d017 | 8ad5 4c8b | d04c 8bd8 | 49c1 eb09 | 49b8 0000 | af86 6702 | 0000 4788 
  0x0000026797b8b368: 2418 f083 | 4424 c000 | 4c8b 9c24 | 8000 0000 | 4589 5328 

  0x0000026797b8b37c: ;   {oop(a 'java/lang/Class'{0x00000000d589d180} = 'java/lang/ref/SoftReference')}
  0x0000026797b8b37c: 49ba 80d1 | 89d5 0000 | 0000 4d8b | 5270 4c89 | 5020 4d8b | d349 c1ea | 0949 bb00 | 00af 8667 
  0x0000026797b8b39c: 0200 0047 | 8824 1348 | ff74 2420 | 488f 8424 | 8800 0000 | 48ff 7424 | 2848 8f44 | 2420 4889 
  0x0000026797b8b3bc: 4424 f88b | 4424 3889 | 8424 9000 | 0000 488b | 4424 f848 | 8944 24f8 | 8b44 243c | 8984 2494 
  0x0000026797b8b3dc: 0000 0048 | 8b44 24f8 | 8b74 2448 | 4c8b 7424 | 5848 ff74 | 2460 488f | 4424 284c | 8b6c 2468 
  0x0000026797b8b3fc: 4c8b cde9 | 89db ffff | 41b8 2f00 | 0000 e91f | e7ff ff44 | 8bdd e92e | d7ff ff4d | 894a 20e9 
  0x0000026797b8b41c: 5ddb ffff | 4c89 4424 | 704c 896c | 2468 48ff | 7424 2848 | 8f44 2460 | 4c89 7424 | 5889 7424 
  0x0000026797b8b43c: 4848 8944 | 24f8 8b84 | 2494 0000 | 0089 4424 | 3c48 8b44 | 24f8 4889 | 4424 f88b | 8424 9000 
  0x0000026797b8b45c: 0000 8944 | 2438 488b | 4424 f848 | ff74 2420 | 488f 4424 | 2848 ffb4 | 2488 0000 

  0x0000026797b8b478: ;   {no_reloc}
  0x0000026797b8b478: 0048 8f44 | 2420 498b | d041 b801 | 0000 0090 

  0x0000026797b8b488: ;   {optimized virtual_call}
  0x0000026797b8b488: c5f8 77e8 

  0x0000026797b8b48c: ; ImmutableOopMap {rbp=NarrowOop [32]=Oop [56]=NarrowOop [60]=NarrowOop [64]=Oop [72]=NarrowOop [80]=Oop [88]=Oop [96]=Oop [104]=Oop [112]=Oop [192]=Oop }
                      ;*invokevirtual getManifestName {reexecute=0 rethrow=0 return_oop=1}
                      ; - java.util.zip.ZipFile$1::getManifestName@2 (line 1129)
                      ; - java.util.jar.JarFile::maybeInstantiateVerifier@20 (line 722)
                      ; - java.util.jar.JarFile::ensureInitialization@1 (line 1064)
                      ; - java.util.jar.JavaUtilJarAccessImpl::ensureInitialization@1 (line 42)
                      ; - jdk.internal.loader.URLClassPath$JarLoader$2::getManifest@10 (line 852)
                      ; - java.net.URLClassLoader::defineClass@34 (line 491)
                      ; - java.net.URLClassLoader$1::run@43 (line 427)
                      ; - java.net.URLClassLoader$1::run@1 (line 421)
  0x0000026797b8b48c: 70d5 57f8 

  0x0000026797b8b490: ;   {other}
  0x0000026797b8b490: 0f1f 8400 | 0042 0026 | 4885 c00f | 85a7 3e00 | 0044 8865 | 1244 3b65 | 300f 85dd | 1800 0048 
  0x0000026797b8b4b0: ff74 2420 | 488f 8424 | 8800 0000 | 48ff 7424 | 2848 8f44 | 2420 4889 | 4424 f88b | 4424 3889 
  0x0000026797b8b4d0: 8424 9000 | 0000 488b | 4424 f848 | 8944 24f8 | 8b44 243c | 8984 2494 | 0000 0048 | 8b44 24f8 
  0x0000026797b8b4f0: 8b74 2448 | 4c8b 7424 | 5848 ff74 | 2460 488f | 4424 284c | 8b6c 2468 | 4c8b 4424 | 70e9 81d9 
  0x0000026797b8b510: ffff 4c89 | 4c24 4848 | 8bd5 41b8 | 0100 0000 | 4889 5424 | 5866 6690 

  0x0000026797b8b528: ;   {optimized virtual_call}
  0x0000026797b8b528: c5f8 77e8 

  0x0000026797b8b52c: ; ImmutableOopMap {rbp=NarrowOop [32]=Oop [40]=Oop [56]=NarrowOop [64]=Oop [72]=Oop [80]=Oop [88]=Oop [144]=NarrowOop [148]=NarrowOop }
                      ;*invokevirtual getManifestName {reexecute=0 rethrow=0 return_oop=1}
                      ; - java.util.zip.ZipFile$1::getManifestName@2 (line 1129)
                      ; - java.util.jar.JarFile::maybeInstantiateVerifier@20 (line 722)
                      ; - java.util.jar.JarFile$JarFileEntry::getCodeSigners@4 (line 670)
                      ; - jdk.internal.loader.URLClassPath$JarLoader$2::getCodeSigners@4 (line 858)
                      ; - java.net.URLClassLoader::defineClass@185 (line 521)
                      ; - java.net.URLClassLoader$1::run@43 (line 427)
                      ; - java.net.URLClassLoader$1::run@1 (line 421)
  0x0000026797b8b52c: 5032 84ff 

  0x0000026797b8b530: ;   {other}
  0x0000026797b8b530: 0f1f 8400 | a042 0027 | 4885 c00f | 853f 3e00 | 0044 8865 | 124c 8b5c | 2440 4c8b | 4c24 48e9 
  0x0000026797b8b550: 1bd3 ffff | 41bb 2f00 | 0000 e9e9 | e6ff ff33 | f6e9 41c9 | ffff 418b | d02b d64c | 895c 2478 
  0x0000026797b8b570: 4889 4c24 | 48e9 98d1 | ffff 4963 | d841 81f8 | 0000 1000 | 0f87 ba1f | 0000 4889 | 9c24 8000 
  0x0000026797b8b590: 0000 4889 | 4424 2089 | 5424 7041 | 8be8 4489 | 5424 6c89 | 7424 684c | 896c 2460 | 4489 4c24 
  0x0000026797b8b5b0: 3c4c 895c | 2478 4889 | 4c24 4848 | 897c 2458 | 4d8b 97b8 | 0100 004c | 8d43 1749 | 83e0 f84d 
  0x0000026797b8b5d0: 8bda 4d03 | d84d 3b9f | c801 0000 | 0f83 981f | 0000 4d89 | 9fb8 0100 | 0041 0f18 | 8300 0100 
  0x0000026797b8b5f0: 004d 8bc2 | 49c7 0001 | 0000 0041 | 0f18 8340 

  0x0000026797b8b600: ;   {metadata({type array byte})}
  0x0000026797b8b600: 0100 0041 | c740 0818 | 2300 0041 | 8968 0c41 | 0f18 8380 | 0100 0049 | 8bd0 4883 | c210 498b 
  0x0000026797b8b620: d84c 8b94 | 2480 0000 | 0049 83c2 | 0749 c1ea | 0348 8b4c | 2420 4d8b | c2c5 f877 | 49ba 6074 
  0x0000026797b8b640: 3b97 6702 | 0000 41ff 

  0x0000026797b8b648: ;   {other}
  0x0000026797b8b648: d20f 1f84 | 0000 0000 | 00e9 9bd0 | ffff 498b | e8e9 7e00 | 0000 48ff | 7424 2048 | 8f84 2488 
  0x0000026797b8b668: 0000 0048 | 8944 24f8 | 8b44 2428 | 8984 2490 | 0000 0048 | 8b44 24f8 | 4889 4424 | f88b 4424 
  0x0000026797b8b688: 2c89 8424 | 9400 0000 | 488b 4424 | f88b 7424 | 384c 8b74 | 2448 48ff | 7424 5848 | 8f44 2428 
  0x0000026797b8b6a8: 4c8b 5c24 | 604c 8b6c | 2468 4c8b | 4c24 704c | 8b54 2478 | 488b bc24 | 8000 0000 | 8b54 243c 
  0x0000026797b8b6c8: 498b 9f50 | 0400 008b 

  0x0000026797b8b6d0: ; ImmutableOopMap {r10=Oop r11=Oop r9=Oop rdi=Oop rsi=NarrowOop rbp=NarrowOop r13=Oop r14=Oop [40]=Oop [64]=Oop [80]=Oop [136]=Oop [144]=NarrowOop [148]=NarrowOop }
                      ;*ifnonnull {reexecute=1 rethrow=0 return_oop=0}
                      ; - (reexecute) java.util.HashMap::getNode@145 (line 587)
                      ; - java.util.HashMap::get@2 (line 564)
                      ; - java.util.jar.Manifest::getAttributes@5 (line 160)
                      ; - java.util.jar.Manifest::getTrustedAttributes@2 (line 177)
                      ; - java.util.jar.JavaUtilJarAccessImpl::getTrustedAttributes@2 (line 38)
                      ; - java.net.URLClassLoader::isSealed@18 (line 601)
                      ; - java.net.URLClassLoader::getAndVerifyPackage@68 (line 469)
                      ; - java.net.URLClassLoader::defineClass@46 (line 492)
                      ; - java.net.URLClassLoader$1::run@43 (line 427)
                      ; - java.net.URLClassLoader$1::run@1 (line 421)
                      ;   {poll}
  0x0000026797b8b6d0: 6d18 8503 | 85ed 0f84 | 40ea ffff | 448b 450c | 443b c275 | e344 8b45 | 104c 3bc7 | 0f84 34e9 
  0x0000026797b8b6f0: ffff 8954 | 243c 4889 | bc24 8000 | 0000 4c89 | 5424 784c | 894c 2470 | 4c89 6c24 | 684c 895c 
  0x0000026797b8b710: 2460 48ff | 7424 2848 | 8f44 2458 | 4c89 7424 | 4889 7424 | 3848 8944 | 24f8 8b84 | 2494 0000 
  0x0000026797b8b730: 0089 4424 | 2c48 8b44 | 24f8 4889 | 4424 f88b | 8424 9000 | 0000 8944 | 2428 488b | 4424 f848 
  0x0000026797b8b750: ffb4 2488 | 0000 0048 | 8f44 2420 | 488b d790 

  0x0000026797b8b760: ;   {optimized virtual_call}
  0x0000026797b8b760: c5f8 77e8 

  0x0000026797b8b764: ; ImmutableOopMap {rbp=Oop [32]=Oop [40]=NarrowOop [44]=NarrowOop [56]=NarrowOop [64]=Oop [72]=Oop [80]=Oop [88]=Oop [96]=Oop [104]=Oop [112]=Oop [120]=Oop [128]=Oop }
                      ;*invokevirtual equals {reexecute=0 rethrow=0 return_oop=0}
                      ; - java.util.HashMap::getNode@128 (line 585)
                      ; - java.util.HashMap::get@2 (line 564)
                      ; - java.util.jar.Manifest::getAttributes@5 (line 160)
                      ; - java.util.jar.Manifest::getTrustedAttributes@2 (line 177)
                      ; - java.util.jar.JavaUtilJarAccessImpl::getTrustedAttributes@2 (line 38)
                      ; - java.net.URLClassLoader::isSealed@18 (line 601)
                      ; - java.net.URLClassLoader::getAndVerifyPackage@68 (line 469)
                      ; - java.net.URLClassLoader::defineClass@46 (line 492)
                      ; - java.net.URLClassLoader$1::run@43 (line 427)
                      ; - java.net.URLClassLoader$1::run@1 (line 421)
  0x0000026797b8b764: 1830 84ff 

  0x0000026797b8b768: ;   {other}
  0x0000026797b8b768: 0f1f 8400 | d844 0029 | 85c0 0f84 | e6fe ffff | 48ff 7424 | 2048 8f84 | 2488 0000 | 0048 8944 
  0x0000026797b8b788: 24f8 8b44 | 2428 8984 | 2490 0000 | 0048 8b44 | 24f8 4889 | 4424 f88b | 4424 2c89 | 8424 9400 
  0x0000026797b8b7a8: 0000 488b | 4424 f88b | 7424 384c | 8b74 2448 | 48ff 7424 | 5848 8f44 | 2428 4c8b | 5c24 604c 
  0x0000026797b8b7c8: 8b6c 2468 | 4c8b 4c24 | 704c 8b54 | 2478 488b | bc24 8000 | 0000 e943 | e8ff ff48 | 8bd8 e984 
  0x0000026797b8b7e8: 0000 0048 | 89ac 2488 | 0000 0048 | 8944 24f8 | 8b44 2420 | 8984 2490 | 0000 0048 | 8b44 24f8 
  0x0000026797b8b808: 4889 4424 | f88b 4424 | 2489 8424 | 9400 0000 | 488b 4424 | f88b 7424 | 284c 8b74 | 2438 48ff 
  0x0000026797b8b828: 7424 4848 | 8f44 2428 | 4c8b 5c24 | 584c 8b6c | 2460 4c8b | 4c24 684c | 8b54 2470 | 488b 7c24 
  0x0000026797b8b848: 788b 8c24 | 8000 0000 | 488b 9c24 | 9800 0000 | 498b 9750 | 0400 008b 

  0x0000026797b8b860: ; ImmutableOopMap {r10=Oop r11=Oop r9=Oop rdi=Oop rsi=NarrowOop rbp=NarrowOop r13=Oop r14=Oop [40]=Oop [64]=Oop [80]=Oop [136]=Oop [144]=NarrowOop [148]=NarrowOop }
                      ;*ifnonnull {reexecute=1 rethrow=0 return_oop=0}
                      ; - (reexecute) java.util.HashMap::getNode@145 (line 587)
                      ; - java.util.LinkedHashMap::get@2 (line 536)
                      ; - java.util.jar.Attributes::get@5 (line 106)
                      ; - java.util.jar.Attributes::getValue@2 (line 142)
                      ; - java.net.URLClassLoader::isSealed@58 (line 608)
                      ; - java.net.URLClassLoader::getAndVerifyPackage@68 (line 469)
                      ; - java.net.URLClassLoader::defineClass@46 (line 492)
                      ; - java.net.URLClassLoader$1::run@43 (line 427)
                      ; - java.net.URLClassLoader$1::run@1 (line 421)
                      ;   {poll}
  0x0000026797b8b860: 6b18 8502 | 85ed 0f84 | bdcb ffff | 488b dd44 | 8b43 0c44 | 3bc1 75e0 | 448b 4310 

  0x0000026797b8b87c: ;   {oop(a 'java/util/jar/Attributes$Name'{0x00000000d58a3370})}
  0x0000026797b8b87c: 4181 f870 | 338a d50f | 8487 e9ff | ff48 899c | 2498 0000 | 0089 8c24 | 8000 0000 | 4889 7c24 
  0x0000026797b8b89c: 784c 8954 | 2470 4c89 | 4c24 684c | 896c 2460 | 4c89 5c24 | 5848 ff74 | 2428 488f | 4424 484c 
  0x0000026797b8b8bc: 8974 2438 | 8974 2428 | 4889 4424 | f88b 8424 | 9400 0000 | 8944 2424 | 488b 4424 | f848 8944 
  0x0000026797b8b8dc: 24f8 8b84 | 2490 0000 | 0089 4424 | 2048 8b44 | 24f8 488b | ac24 8800 

  0x0000026797b8b8f4: ;   {oop(a 'java/util/jar/Attributes$Name'{0x00000000d58a3370})}
  0x0000026797b8b8f4: 0000 48ba | 7033 8ad5 | 0000 0000 

  0x0000026797b8b900: ;   {optimized virtual_call}
  0x0000026797b8b900: c5f8 77e8 

  0x0000026797b8b904: ; ImmutableOopMap {rbp=Oop [32]=NarrowOop [36]=NarrowOop [40]=NarrowOop [56]=Oop [64]=Oop [72]=Oop [80]=Oop [88]=Oop [96]=Oop [104]=Oop [112]=Oop [120]=Oop [152]=Oop }
                      ;*invokevirtual equals {reexecute=0 rethrow=0 return_oop=0}
                      ; - java.util.HashMap::getNode@128 (line 585)
                      ; - java.util.LinkedHashMap::get@2 (line 536)
                      ; - java.util.jar.Attributes::get@5 (line 106)
                      ; - java.util.jar.Attributes::getValue@2 (line 142)
                      ; - java.net.URLClassLoader::isSealed@58 (line 608)
                      ; - java.net.URLClassLoader::getAndVerifyPackage@68 (line 469)
                      ; - java.net.URLClassLoader::defineClass@46 (line 492)
                      ; - java.net.URLClassLoader$1::run@43 (line 427)
                      ; - java.net.URLClassLoader$1::run@1 (line 421)
  0x0000026797b8b904: 782e 84ff 

  0x0000026797b8b908: ;   {other}
  0x0000026797b8b908: 0f1f 8400 | 7846 002b | 85c0 0f84 | d3fe ffff | 4889 ac24 | 8800 0000 | 4889 4424 | f88b 4424 
  0x0000026797b8b928: 2089 8424 | 9000 0000 | 488b 4424 | f848 8944 | 24f8 8b44 | 2424 8984 | 2494 0000 | 0048 8b44 
  0x0000026797b8b948: 24f8 8b74 | 2428 4c8b | 7424 3848 | ff74 2448 | 488f 4424 | 284c 8b5c | 2458 4c8b | 6c24 604c 
  0x0000026797b8b968: 8b4c 2468 | 4c8b 5424 | 7048 8b7c | 2478 488b | 9c24 9800 | 0000 e98d | e8ff ff45 | 33db 4489 
  0x0000026797b8b988: 9c24 9c00 | 0000 e959 | e0ff ff4c | 63c5 4d8d | 5810 4d8b | cb49 83e1 | f848 8bfb | 4903 f949 
  0x0000026797b8b9a8: c1eb 034d | 2bd3 498b | ca48 33c0 | 4883 f908 | 7f10 48ff | c978 4f48 | 8904 cf48 | ffc9 7df7 
  0x0000026797b8b9c8: eb44 c5fd | efc0 e90d | 0000 00c5 | fe7f 07c5 | fe7f 4720 | 4883 c740 | 4883 e908 | 7ded 4883 
  0x0000026797b8b9e8: c104 7c0c | c5fe 7f07 | 4883 c720 | 4883 e904 | 4883 c104 | 7e10 48ff | c9c5 f9d6 

  0x0000026797b8ba04: ;   {no_reloc}
  0x0000026797b8ba04: 0748 83c7 | 0848 ffc9 | 7df3 488b | 4c24 78c5 | f877 49ba | c06d 3b97 | 6702 0000 

  0x0000026797b8ba20: ;   {other}
  0x0000026797b8ba20: 41ff d20f | 1f84 0000 | 0000 00e9 | c1cc ffff | 4533 db4c | 895c 2420 | e95d c9ff 

  0x0000026797b8ba3c: ;   {oop(""{0x00000000d589f678})}
  0x0000026797b8ba3c: ff48 bb78 | f689 d500 | 0000 00e9 | 69d3 ffff 

  0x0000026797b8ba4c: ;   {metadata('jdk/internal/loader/URLClassPath$FileLoader$1')}
  0x0000026797b8ba4c: 81fb 40ad | 4501 0f85 | 0c3e 0000 | 8b59 1c8b | 730c e9fc | d0ff ff0f | 1f80 0000 | 0000 660f 
  0x0000026797b8ba6c: 1f44 0000 | 8bf8 4c8b | 4c24 5844 | 895c 243c | 488b 8c24 | 8000 0000 | 448b 4424 | 6048 8bd5 
  0x0000026797b8ba8c: e9ff 0000 

  0x0000026797b8ba90: ;   {metadata('jdk/internal/loader/URLClassPath$FileLoader$1')}
  0x0000026797b8ba90: 0041 81fa | 40ad 4501 | 0f85 e63d | 0000 4c8b | 5424 404c | 8954 2448 | 498b d290 

  0x0000026797b8baac: ;   {optimized virtual_call}
  0x0000026797b8baac: c5f8 77e8 

  0x0000026797b8bab0: ; ImmutableOopMap {[40]=Oop [56]=NarrowOop [64]=Oop [72]=Oop [80]=Oop [136]=Oop [144]=NarrowOop [148]=NarrowOop }
                      ;*invokevirtual cachedInputStream {reexecute=0 rethrow=0 return_oop=1}
                      ; - jdk.internal.loader.Resource::getBytes@1 (line 89)
                      ; - java.net.URLClassLoader::defineClass@179 (line 519)
                      ; - java.net.URLClassLoader$1::run@43 (line 427)
                      ; - java.net.URLClassLoader$1::run@1 (line 421)
  0x0000026797b8bab0: ac3a fcff 

  0x0000026797b8bab4: ;   {other}
  0x0000026797b8bab4: 0f1f 8400 | 2448 002c | 4889 4424 | 584c 8b8c | 2488 0000 | 0041 0fb6 | 693a 85ed | 0f85 4a3e 
  0x0000026797b8bad4: 0000 4533 | d24c 8b5c | 2448 458b | 4318 4585 | c00f 844d | 3d00 0044 | 8954 243c | 4c89 4c24 
  0x0000026797b8baf4: 2049 8bd0 

  0x0000026797b8baf8: ;   {optimized virtual_call}
  0x0000026797b8baf8: c5f8 77e8 

  0x0000026797b8bafc: ; ImmutableOopMap {[32]=Oop [40]=Oop [56]=NarrowOop [64]=Oop [72]=Oop [80]=Oop [88]=Oop [144]=NarrowOop [148]=NarrowOop }
                      ;*invokevirtual length {reexecute=0 rethrow=0 return_oop=0}
                      ; - jdk.internal.loader.URLClassPath$FileLoader$1::getContentLength@4 (line 1121)
                      ; - jdk.internal.loader.Resource::getBytes@10 (line 100)
                      ; - java.net.URLClassLoader::defineClass@179 (line 519)
                      ; - java.net.URLClassLoader$1::run@43 (line 427)
                      ; - java.net.URLClassLoader$1::run@1 (line 421)
  0x0000026797b8bafc: 3d5a 0000 

  0x0000026797b8bb00: ;   {other}
  0x0000026797b8bb00: 0f1f 8400 | 7048 002d | 498b 8fb8 | 0100 004c | 8bd1 4983 | c210 448b | c04d 3b97 | c801 0000 
  0x0000026797b8bb20: 0f83 4e33 | 0000 4d89 | 97b8 0100 | 0041 0f18 | 8200 0100 | 0048 c701 | 0100 0000 | 410f 1882 
  0x0000026797b8bb40: 4001 0000 

  0x0000026797b8bb44: ;   {metadata({type array byte})}
  0x0000026797b8bb44: c741 0818 | 2300 0041 | 0f18 8280 | 0100 0044 | 8961 0c41 | 83f8 ff0f | 84eb 3d00 | 0045 85c0 
  0x0000026797b8bb64: 7f0f 4889 | 4c24 2044 | 8b5c 243c | e905 0200 | 004c 8b4c | 2458 458b 

  0x0000026797b8bb7c: ;   {metadata('java/util/zip/ZipFile$ZipFileInflaterInputStream')}
  0x0000026797b8bb7c: 5108 4181 | fa90 b831 | 000f 8594 | 2f00 0049 | 8bd1 33ff | 8b59 0c3b | fb0f 8c0e | 1100 0045 
  0x0000026797b8bb9c: 8bd8 442b | df44 8d93 | 0004 0000 | 453b da45 | 0f4f da45 | 85db 0f8c | 483c 0000 | 458d 143b 
  0x0000026797b8bbbc: 488b c148 | 83c0 1044 | 3bd3 0f84 | f110 0000 | 4181 fa00 | 0010 000f | 87b6 3800 | 0049 63f2 
  0x0000026797b8bbdc: 413b da8b | eb41 0f4f | ea3b dd0f | 8216 3900 | 0044 3bd5 | 0f82 1b39 | 0000 4883 | c617 488b 
  0x0000026797b8bbfc: de48 83e3 | f841 81fa | 0000 1000 | 0f87 fe2a | 0000 4889 | 9c24 9800 | 0000 4889 | b424 8800 
  0x0000026797b8bc1c: 0000 4889 | 8424 8000 | 0000 4489 | 5424 7c44 | 895c 2478 | 897c 246c | 4889 5424 | 7044 8944 
  0x0000026797b8bc3c: 2468 4889 | 4c24 604c | 894c 2458 | 4d8b 97b8 | 0100 004d | 8bc2 4d8b | da4c 03db | 4d3b 9fc8 
  0x0000026797b8bc5c: 0100 000f | 83e1 2a00 | 004d 899f | b801 0000 | 410f 1883 | 0001 0000 | 4d8b d049 | c702 0100 
  0x0000026797b8bc7c: ;   {no_reloc}
  0x0000026797b8bc7c: 0000 410f | 1883 4001 

  0x0000026797b8bc84: ;   {metadata({type array byte})}
  0x0000026797b8bc84: 0000 41c7 | 4208 1823 | 0000 448b | 5424 7c45 | 8950 0c41 | 0f18 8380 | 0100 004d | 8bd0 4d8b 
  0x0000026797b8bca4: da49 83c3 | 104c 8b84 | 2488 0000 | 0049 c1e8 | 0385 ed0f | 84da 3700 | 003b 6c24 | 7c0f 8ca5 
  0x0000026797b8bcc4: 1700 0049 | 8bda 4c8b | 9424 9800 | 0000 4983 | c2f0 49c1 | ea03 488b | 8c24 8000 | 0000 498b 
  0x0000026797b8bce4: d34d 8bc2 | c5f8 7749 | ba60 743b | 9767 0200 | 0041 ffd2 

  0x0000026797b8bcf8: ;   {other}
  0x0000026797b8bcf8: 0f1f 8400 | 0000 0000 | 4c8b d34c | 8994 2480 | 0000 0044 | 8b44 2468 | 488b 5424 | 708b 7c24 
  0x0000026797b8bd18: 6c8b 5c24 | 7889 7c24 | 6448 8bea | 4489 4424 | 604c 8b84 | 2480 0000 | 0044 8bcf | 8bfb 6690 
  0x0000026797b8bd38: ;   {optimized virtual_call}
  0x0000026797b8bd38: c5f8 77e8 

  0x0000026797b8bd3c: ; ImmutableOopMap {rbp=Oop [32]=Oop [40]=Oop [56]=NarrowOop [64]=Oop [72]=Oop [80]=Oop [88]=Oop [128]=Oop [144]=NarrowOop [148]=NarrowOop }
                      ;*invokevirtual read {reexecute=0 rethrow=0 return_oop=0}
                      ; - jdk.internal.loader.Resource::getBytes@117 (line 126)
                      ; - java.net.URLClassLoader::defineClass@179 (line 519)
                      ; - java.net.URLClassLoader$1::run@43 (line 427)
                      ; - java.net.URLClassLoader$1::run@1 (line 421)
  0x0000026797b8bd3c: 402a 84ff 

  0x0000026797b8bd40: ;   {other}
  0x0000026797b8bd40: 0f1f 8400 | b04a 002e | 85c0 0f8c | 783a 0000 | 0344 2464 | 448b 5c24 | 3c4d 8b87 

  0x0000026797b8bd5c: ; ImmutableOopMap {rbp=Oop [32]=Oop [40]=Oop [56]=NarrowOop [64]=Oop [72]=Oop [80]=Oop [88]=Oop [128]=Oop [144]=NarrowOop [148]=NarrowOop }
                      ;*goto {reexecute=1 rethrow=0 return_oop=0}
                      ; - (reexecute) jdk.internal.loader.Resource::getBytes@179 (line 142)
                      ; - java.net.URLClassLoader::defineClass@179 (line 519)
                      ; - java.net.URLClassLoader$1::run@43 (line 427)
                      ; - java.net.URLClassLoader$1::run@1 (line 421)
  0x0000026797b8bd5c: 5004 0000 

  0x0000026797b8bd60: ;   {poll}
  0x0000026797b8bd60: 4185 003b | 4424 600f | 8c03 fdff | ff4c 8b94 | 2480 0000 | 004c 8954 | 2420 4c8b | 5424 5845 
  0x0000026797b8bd80: ;   {metadata('java/util/zip/ZipFile$ZipFileInflaterInputStream')}
  0x0000026797b8bd80: 8b4a 0841 | 81f9 90b8 | 3100 0f85 | 642a 0000 | 4489 5c24 | 3c48 8b54 | 2458 6690 

  0x0000026797b8bd9c: ;   {optimized virtual_call}
  0x0000026797b8bd9c: c5f8 77e8 

  0x0000026797b8bda0: ; ImmutableOopMap {[32]=Oop [40]=Oop [56]=NarrowOop [64]=Oop [72]=Oop [80]=Oop [144]=NarrowOop [148]=NarrowOop }
                      ;*invokevirtual close {reexecute=0 rethrow=0 return_oop=0}
                      ; - jdk.internal.loader.Resource::getBytes@183 (line 145)
                      ; - java.net.URLClassLoader::defineClass@179 (line 519)
                      ; - java.net.URLClassLoader$1::run@43 (line 427)
                      ; - java.net.URLClassLoader$1::run@1 (line 421)
  0x0000026797b8bda0: dc29 84ff 

  0x0000026797b8bda4: ;   {other}
  0x0000026797b8bda4: 0f1f 8400 | 144b 0030 | 448b 5c24 | 3c45 85db | 0f84 6aca | ffff ba45 | ffff ff4c | 8b54 2440 
  0x0000026797b8bdc4: 4c89 5424 | 2844 895c | 2444 6690 

  0x0000026797b8bdd0: ;   {runtime_call UncommonTrapBlob}
  0x0000026797b8bdd0: c5f8 77e8 

  0x0000026797b8bdd4: ; ImmutableOopMap {[32]=Oop [40]=Oop [56]=NarrowOop [72]=Oop [80]=Oop [144]=NarrowOop [148]=NarrowOop }
                      ;*ifeq {reexecute=1 rethrow=0 return_oop=0}
                      ; - (reexecute) jdk.internal.loader.Resource::getBytes@199 (line 150)
                      ; - java.net.URLClassLoader::defineClass@179 (line 519)
                      ; - java.net.URLClassLoader$1::run@43 (line 427)
                      ; - java.net.URLClassLoader$1::run@1 (line 421)
  0x0000026797b8bdd4: 287c 84ff 

  0x0000026797b8bdd8: ;   {other}
  0x0000026797b8bdd8: 0f1f 8400 | 484b 0031 

  0x0000026797b8bde0: ;   {metadata('jdk/internal/loader/URLClassPath$FileLoader$1')}
  0x0000026797b8bde0: 4181 fa40 | ad45 010f | 849e caff | ffba c6ff | ffff 4c89 | 5c24 4890 

  0x0000026797b8bdf8: ;   {runtime_call UncommonTrapBlob}
  0x0000026797b8bdf8: c5f8 77e8 

  0x0000026797b8bdfc: ; ImmutableOopMap {[32]=Oop [56]=NarrowOop [72]=Oop [80]=Oop [144]=NarrowOop [148]=NarrowOop }
                      ;*invokevirtual getCodeSigners {reexecute=0 rethrow=0 return_oop=0}
                      ; - java.net.URLClassLoader::defineClass@185 (line 521)
                      ; - java.net.URLClassLoader$1::run@43 (line 427)
                      ; - java.net.URLClassLoader$1::run@1 (line 421)
  0x0000026797b8bdfc: 007c 84ff 

  0x0000026797b8be00: ;   {other}
  0x0000026797b8be00: 0f1f 8400 | 704b 0032 | 4c89 5424 | 684c 896c | 2460 4c89 | 5c24 584c | 8974 2448 | 8974 2438 
  0x0000026797b8be20: 488b 5424 | 284c 8b44 | 2458 4c8b | 4c24 2048 | 8b7c 2420 | 488b 7424 | 2048 8b4c | 2420 48ff 
  0x0000026797b8be40: 7424 2048 | 8f04 2448 | ff74 2420 | 488f 4424 | 0848 ff74 | 2420 488f | 4424 1048 | 8954 2470 
  0x0000026797b8be60: ;   {optimized virtual_call}
  0x0000026797b8be60: c5f8 77e8 

  0x0000026797b8be64: ; ImmutableOopMap {[56]=NarrowOop [64]=Oop [72]=Oop [80]=Oop [88]=Oop [96]=Oop [104]=Oop [112]=Oop [136]=Oop [144]=NarrowOop [148]=NarrowOop }
                      ;*invokevirtual definePackage {reexecute=0 rethrow=0 return_oop=1}
                      ; - java.net.URLClassLoader::defineClass@81 (line 497)
                      ; - java.net.URLClassLoader$1::run@43 (line 427)
                      ; - java.net.URLClassLoader$1::run@1 (line 421)
  0x0000026797b8be64: 1829 84ff 

  0x0000026797b8be68: ;   {other}
  0x0000026797b8be68: 0f1f 8400 | d84b 0033 | e9ab c5ff | ffc4 e1f9 | 6ec2 488b | d748 895c | 2460 48ff | 7424 2848 
  0x0000026797b8be88: 8f44 2458 | 4c89 7424 | 4889 7424 | 384c 63c5 | 4d8d 5810 | 4d8b cb49 | 83e1 f849 | 8bfa 4903 
  0x0000026797b8bea8: f949 8bea | 49c1 eb03 | 492b cb48 | 33c0 4883 | f908 7f10 | 48ff c978 | 4f48 8904 | cf48 ffc9 
  0x0000026797b8bec8: 7df7 eb44 | c5f5 efc9 | e90d 0000 | 00c5 fe7f | 0fc5 fe7f | 4f20 4883 | c740 4883 | e908 7ded 
  0x0000026797b8bee8: 4883 c104 | 7c0c c5fe | 7f0f 4883 | c720 4883 | e904 4883 | c104 7e10 | 48ff c9c5 | f9d6 0f48 
  0x0000026797b8bf08: 83c7 0848 | ffc9 7df3 | 488b cac4 | e1f9 7ec2 | c5f8 7749 | bac0 6d3b | 9767 0200 | 0041 ffd2 
  0x0000026797b8bf28: ;   {other}
  0x0000026797b8bf28: 0f1f 8400 | 0000 0000 | 8b74 2438 | 4c8b 7424 | 4848 ff74 | 2458 488f | 4424 2848 | 8b5c 2460 
  0x0000026797b8bf48: 4c8b d5e9 | 43ce ffff | 4533 c948 | ff74 2428 | 488f 4424 | 208b 7424 | 484c 8b74 | 2458 48ff 
  0x0000026797b8bf68: 7424 6048 | 8f44 2428 | 4c8b 6c24 | 68e9 13d0 | ffff 33c0 | e935 d0ff | ff44 8bdd | e9bc cbff 
  0x0000026797b8bf88: ff48 897c | 2458 4889 | 4c24 484c | 895c 2420 | 4489 4c24 | 3c4c 896c | 2460 8974 | 2468 4489 
  0x0000026797b8bfa8: 5424 6c89 | 5424 7089 | 5c24 7448 | 8944 2478 | 4c89 b424 | 8000 0000 | 4c89 8424 | 9800 0000 
  0x0000026797b8bfc8: ;   {metadata({type array byte})}
  0x0000026797b8bfc8: 48ba 1823 | 009f 6702 | 0000 448b | 4424 7490 

  0x0000026797b8bfd8: ;   {runtime_call _new_array_nozero_Java}
  0x0000026797b8bfd8: c5f8 77e8 

  0x0000026797b8bfdc: ; ImmutableOopMap {[32]=Oop [120]=Derived_oop_[32] [40]=Oop [56]=NarrowOop [64]=Oop [72]=Oop [80]=Oop [88]=Oop [96]=Oop [136]=Oop [144]=NarrowOop [148]=NarrowOop }
                      ;*newarray {reexecute=0 rethrow=0 return_oop=1}
                      ; - java.util.Arrays::copyOf@15 (line 3541)
                      ; - jdk.internal.loader.Resource::getBytes@94 (line 120)
                      ; - jdk.internal.loader.URLClassPath$JarLoader$2::getBytes@1 (line 862)
                      ; - java.net.URLClassLoader::defineClass@179 (line 519)
                      ; - java.net.URLClassLoader$1::run@43 (line 427)
                      ; - java.net.URLClassLoader$1::run@1 (line 421)
  0x0000026797b8bfdc: a0ed 8fff 

  0x0000026797b8bfe0: ;   {other}
  0x0000026797b8bfe0: 0f1f 8400 | 504d 0034 | 488b d8e9 | acc6 ffff | 33c0 e9ff 

  0x0000026797b8bff4: ;   {metadata('java/io/FileInputStream')}
  0x0000026797b8bff4: d2ff ff41 | 81f9 381c | 0100 0f85 | 813a 0000 | 440f b641 | 0c45 85c0 | 0f85 b5c7 | ffff 448b 
  0x0000026797b8c014: 411c 4585 | c00f 84ad | 3b00 004d | 8bc8 488d | 9c24 d000 | 0000 498b | 01a8 020f | 8523 0000 
  0x0000026797b8c034: 0048 83c8 | 0148 8903 | f049 0fb1 | 190f 8437 | 0000 0048 | 2bc4 4825 | 07f0 ffff | 4889 03e9 
  0x0000026797b8c054: 2400 0000 | 4c8b c048 | 33c0 f04d | 0fb1 783e | 48c7 0303 | 0000 0074 | 114c 3bf8 | 7515 49ff 
  0x0000026797b8c074: 8086 0000 | 0048 33c0 | 7509 49ff | 8748 0500 | 0033 c00f | 8577 3b00 | 0044 0fb6 | 410c 4585 
  0x0000026797b8c094: c00f 841d | 1100 0048 | 8d84 24d0 | 0000 0048 | 8338 000f | 8479 0000 | 004d 8b01 | 41f6 c002 
  0x0000026797b8c0b4: 0f84 6200 | 0000 4983 | b886 0000 | 0000 7409 | 49ff 8886 | 0000 00eb | 4b49 8b80 | 9600 0000 
  0x0000026797b8c0d4: 490b 808e | 0000 0075 | 0a49 c740 | 3e00 0000 | 00eb 3d49 | 83b8 9e00 | 0000 0074 | 2248 33c0 
  0x0000026797b8c0f4: ;   {no_reloc}
  0x0000026797b8c0f4: 49c7 403e | 0000 0000 | f083 0424 | 0049 83b8 | 9e00 0000 | 0075 0df0 | 4d0f b178 | 3e75 0583 
  0x0000026797b8c114: c801 eb0c | a800 eb08 | 4c8b 00f0 | 4d0f b101 | 750a 49ff | 8f48 0500 | 0045 33c0 | 0f84 91c6 
  0x0000026797b8c134: ffff 418b | ea49 8bf3 | 498b c948 | 8d94 24d0 | 0000 004d | 8bc7 c5f8 | 7749 ba70 | 7aee b6f8 
  0x0000026797b8c154: 7f00 0041 

  0x0000026797b8c158: ;   {other}
  0x0000026797b8c158: ffd2 0f1f | 8400 0000 | 0000 4c8b | de44 8bd5 | e95a c6ff | ff33 c933 | d2e9 21de | ffff 440f 
  0x0000026797b8c178: b655 1145 | 85d2 0f85 | 0fcd ffff | 4c89 4424 | 704c 896c | 2468 48ff | 7424 2848 | 8f44 2460 
  0x0000026797b8c198: 4c89 7424 | 5889 7424 | 4848 8944 | 24f8 8b84 | 2494 0000 | 0089 4424 | 3c48 8b44 | 24f8 4889 
  0x0000026797b8c1b8: 4424 f88b | 8424 9000 | 0000 8944 | 2438 488b | 4424 f848 | ff74 2420 | 488f 4424 | 2848 ffb4 
  0x0000026797b8c1d8: 2488 0000 | 0048 8f44 | 2420 6690 

  0x0000026797b8c1e4: ;   {static_call}
  0x0000026797b8c1e4: c5f8 77e8 

  0x0000026797b8c1e8: ; ImmutableOopMap {rbp=NarrowOop [32]=Oop [56]=NarrowOop [60]=NarrowOop [64]=Oop [72]=NarrowOop [80]=Oop [88]=Oop [96]=Oop [104]=Oop [112]=Oop [192]=Oop }
                      ;*invokestatic beginInit {reexecute=0 rethrow=0 return_oop=1}
                      ; - java.util.jar.JarFile::ensureInitialization@31 (line 1069)
                      ; - java.util.jar.JavaUtilJarAccessImpl::ensureInitialization@1 (line 42)
                      ; - jdk.internal.loader.URLClassPath$JarLoader$2::getManifest@10 (line 852)
                      ; - java.net.URLClassLoader::defineClass@34 (line 491)
                      ; - java.net.URLClassLoader$1::run@43 (line 427)
                      ; - java.net.URLClassLoader$1::run@1 (line 421)
  0x0000026797b8c1e8: 942b 84ff 

  0x0000026797b8c1ec: ;   {other}
  0x0000026797b8c1ec: 0f1f 8400 | 5c4f 0035 | 4889 4424 | 7848 8b54 | 2470 6690 

  0x0000026797b8c200: ;   {optimized virtual_call}
  0x0000026797b8c200: c5f8 77e8 

  0x0000026797b8c204: ; ImmutableOopMap {rbp=NarrowOop [32]=Oop [56]=NarrowOop [60]=NarrowOop [64]=Oop [72]=NarrowOop [80]=Oop [88]=Oop [96]=Oop [104]=Oop [112]=Oop [120]=Oop [192]=Oop }
                      ;*invokevirtual initializeVerifier {reexecute=0 rethrow=0 return_oop=0}
                      ; - java.util.jar.JarFile::ensureInitialization@36 (line 1071)
                      ; - java.util.jar.JavaUtilJarAccessImpl::ensureInitialization@1 (line 42)
                      ; - jdk.internal.loader.URLClassPath$JarLoader$2::getManifest@10 (line 852)
                      ; - java.net.URLClassLoader::defineClass@34 (line 491)
                      ; - java.net.URLClassLoader$1::run@43 (line 427)
                      ; - java.net.URLClassLoader$1::run@1 (line 421)
  0x0000026797b8c204: 7825 84ff 

  0x0000026797b8c208: ;   {other}
  0x0000026797b8c208: 0f1f 8400 | 784f 0036 | c645 1101 | 488b 5424 | 7866 6690 

  0x0000026797b8c21c: ;   {static_call}
  0x0000026797b8c21c: c5f8 77e8 

  0x0000026797b8c220: ; ImmutableOopMap {[32]=Oop [56]=NarrowOop [60]=NarrowOop [64]=Oop [72]=NarrowOop [80]=Oop [88]=Oop [96]=Oop [104]=Oop [112]=Oop [192]=Oop }
                      ;*invokestatic endInit {reexecute=0 rethrow=0 return_oop=0}
                      ; - java.util.jar.JarFile::ensureInitialization@45 (line 1074)
                      ; - java.util.jar.JavaUtilJarAccessImpl::ensureInitialization@1 (line 42)
                      ; - jdk.internal.loader.URLClassPath$JarLoader$2::getManifest@10 (line 852)
                      ; - java.net.URLClassLoader::defineClass@34 (line 491)
                      ; - java.net.URLClassLoader$1::run@43 (line 427)
                      ; - java.net.URLClassLoader$1::run@1 (line 421)
  0x0000026797b8c220: 5c2b 84ff 

  0x0000026797b8c224: ;   {other}
  0x0000026797b8c224: 0f1f 8400 | 944f 0037 | 48ff 7424 | 2048 8f84 | 2488 0000 | 0048 ff74 | 2428 488f | 4424 2048 
  0x0000026797b8c244: 8944 24f8 | 8b44 2438 | 8984 2490 | 0000 0048 | 8b44 24f8 | 4889 4424 | f88b 4424 | 3c89 8424 
  0x0000026797b8c264: 9400 0000 | 488b 4424 | f88b 7424 | 484c 8b74 | 2458 48ff | 7424 6048 | 8f44 2428 | 4c8b 6c24 
  0x0000026797b8c284: 684c 8b44 | 2470 e904 | ccff ff48 | ff74 2420 | 488f 8424 | 8800 0000 | 48ff 7424 | 2848 8f44 
  0x0000026797b8c2a4: 2420 4889 | 4424 f88b | 4424 3889 | 8424 9000 | 0000 488b | 4424 f848 | 8944 24f8 | 8b44 243c 
  0x0000026797b8c2c4: 8984 2494 | 0000 0048 | 8b44 24f8 | 8b74 2448 | 4c8b 7424 | 5848 ff74 | 2460 488f | 4424 284c 
  0x0000026797b8c2e4: 8b5c 2468 | 4c8b 6c24 | 704c 8b4c | 2478 448b | 5424 4c4c | 8b84 2480 | 0000 00e9 | 08cd ffff 
  0x0000026797b8c304: 894c 2444 | 4889 4424 | 4844 8954 | 2440 4489 | 4424 3c89 | 7c24 384c | 895c 2430 

  0x0000026797b8c320: ;   {no_reloc}
  0x0000026797b8c320: 4c89 4c24 | 2848 895c | 2420 488b 

  0x0000026797b8c32c: ;   {metadata({type array byte})}
  0x0000026797b8c32c: 6c24 5048 | ba18 2300 | 9f67 0200 | 0044 8b44 | 2444 4889 | 7424 5090 

  0x0000026797b8c344: ;   {runtime_call _new_array_Java}
  0x0000026797b8c344: c5f8 77e8 

  0x0000026797b8c348: ; ImmutableOopMap {rbp=Oop [32]=Oop [40]=Oop [48]=Oop }
                      ;*invokevirtual allocateUninitializedArray0 {reexecute=0 rethrow=0 return_oop=1}
                      ; - jdk.internal.misc.Unsafe::allocateUninitializedArray@51 (line 1380)
                      ; - java.lang.StringConcatHelper::newArray@33 (line 511)
                      ; - java.lang.StringConcatHelper::simpleConcat@61 (line 435)
                      ; - java.lang.String::concat@11 (line 2899)
                      ; - java.net.URLClassLoader$1::run@13 (line 423)
                      ; - java.net.URLClassLoader$1::run@1 (line 421)
  0x0000026797b8c348: b49c 8fff 

  0x0000026797b8c34c: ;   {other}
  0x0000026797b8c34c: 0f1f 8400 | bc50 0038 | 4c8b c848 | 896c 2450 | 488b 5c24 | 204c 8b5c | 2430 8b7c | 2438 448b 
  0x0000026797b8c36c: 4424 3c44 | 8b54 2440 | 488b 4424 | 488b 4c24 | 4449 8be9 | 4c8b 4c24 | 28e9 cebd | ffff 4889 
  0x0000026797b8c38c: ;   {metadata('java/lang/String')}
  0x0000026797b8c38c: 5c24 2848 | ba70 ea00 | 9f67 0200 | 0066 6690 

  0x0000026797b8c39c: ;   {runtime_call _new_instance_Java}
  0x0000026797b8c39c: c5f8 77e8 

  0x0000026797b8c3a0: ; ImmutableOopMap {rbp=Oop [40]=Oop [80]=Oop }
                      ;*new {reexecute=0 rethrow=0 return_oop=1}
                      ; - java.lang.StringConcatHelper::newString@6 (line 400)
                      ; - java.lang.StringConcatHelper::simpleConcat@90 (line 440)
                      ; - java.lang.String::concat@11 (line 2899)
                      ; - java.net.URLClassLoader$1::run@13 (line 423)
                      ; - java.net.URLClassLoader$1::run@1 (line 421)
  0x0000026797b8c3a0: dc9f 8fff 

  0x0000026797b8c3a4: ;   {other}
  0x0000026797b8c3a4: 0f1f 8400 | 1451 0039 | 488b 5c24 | 28e9 56be | ffff 498b | 87b8 0100 | 0048 8bc8 | 4883 c118 
  0x0000026797b8c3c4: 493b 8fc8 | 0100 000f | 83d3 2f00 | 0049 898f | b801 0000 | 0f18 8100 | 0100 0048 | c700 0100 
  0x0000026797b8c3e4: ;   {metadata('java/lang/String')}
  0x0000026797b8c3e4: 0000 c740 | 0870 ea00 | 0044 8960 | 0c44 8960 

  0x0000026797b8c3f4: ;   {oop([B{0x00000000d58d3c68})}
  0x0000026797b8c3f4: 10c7 4014 | 683c 8dd5 

  0x0000026797b8c3fc: ;   {oop("/"{0x00000000d58a2148})}
  0x0000026797b8c3fc: 48b9 4821 | 8ad5 0000 | 0000 8b69 | 0c89 680c | 0fb6 6911 | 4088 6811 | e926 dbff | ff0f 1f80 
  0x0000026797b8c41c: 0000 0000 | 418b db48 | 8b7c 2458 | 488b 4c24 | 484c 8b9c | 2480 0000 | 0044 8b4c | 243c 4c8b 
  0x0000026797b8c43c: ed44 8bc3 

  0x0000026797b8c440: ;   {metadata('java/io/FileInputStream')}
  0x0000026797b8c440: eb16 4181 | fa38 1c01 | 000f 85de | 3600 004c | 8be9 4533 | d245 33c0 | 418b 730c | 443b c60f 
  0x0000026797b8c460: 8c1b 0d00 | 0041 8bd1 | 412b d08d | 8600 0400 | 003b d00f | 4fd0 85d2 | 0f8c a336 | 0000 498b 
  0x0000026797b8c480: c348 83c0 | 1041 8d1c | 103b de0f | 84b3 0e00 | 0081 fb00 | 0010 000f | 87ff 3300 | 004c 63f3 
  0x0000026797b8c4a0: 3bf3 8bee | 0f4f eb3b | f50f 8261 | 3400 003b | dd0f 8261 | 3400 0049 | 83c6 1749 | 8bf6 4883 
  0x0000026797b8c4c0: e6f8 81fb | 0000 1000 | 0f87 d22c | 0000 4889 | b424 9800 | 0000 4c89 | b424 8000 | 0000 4889 
  0x0000026797b8c4e0: 4424 7844 | 8944 2468 | 4c89 6c24 | 7089 5c24 | 6489 5424 | 6044 8954 | 246c 4489 | 4c24 3c4c 
  0x0000026797b8c500: 895c 2420 | 4889 4c24 | 4848 897c | 2458 4d8b | 97b8 0100 | 004d 8bc2 | 4c03 d64d | 3b97 c801 
  0x0000026797b8c520: 0000 0f83 | b82c 0000 | 4d89 97b8 | 0100 0041 | 0f18 8200 | 0100 0049 | c700 0100 | 0000 410f 
  0x0000026797b8c540: ;   {no_reloc}
  0x0000026797b8c540: 1882 4001 

  0x0000026797b8c544: ;   {metadata({type array byte})}
  0x0000026797b8c544: 0000 41c7 | 4008 1823 | 0000 4189 | 580c 410f | 1882 8001 | 0000 4d8b | d04d 8bda | 4983 c310 
  0x0000026797b8c564: 4c8b 8424 | 8000 0000 | 49c1 e803 | 85ed 0f84 | 2c33 0000 | 3b6c 2464 | 0f8c ea1b | 0000 498b 
  0x0000026797b8c584: da4c 8b94 | 2498 0000 | 0049 83c2 | f049 c1ea | 0348 8b4c | 2478 498b | d34d 8bc2 | c5f8 7749 
  0x0000026797b8c5a4: ba60 743b | 9767 0200 | 0041 ffd2 

  0x0000026797b8c5b0: ;   {other}
  0x0000026797b8c5b0: 0f1f 8400 | 0000 0000 | 4c8b d344 | 8b5c 2460 | 4489 9c24 | 9c00 0000 | 4c89 9424 | 8000 0000 
  0x0000026797b8c5d0: 488b 7c24 | 5844 8b4c | 243c 448b | 5424 6c4c | 8b6c 2470 | 448b 4424 | 6844 8944 | 2420 498b 
  0x0000026797b8c5f0: ed44 8954 | 2464 4489 | 4c24 3c48 | 897c 2458 

  0x0000026797b8c600: ;   {static_call}
  0x0000026797b8c600: c5f8 77e8 

  0x0000026797b8c604: ; ImmutableOopMap {rbp=Oop [40]=Oop [56]=NarrowOop [64]=Oop [72]=Oop [80]=Oop [88]=Oop [128]=Oop [136]=Oop [144]=NarrowOop [148]=NarrowOop }
                      ;*invokestatic begin {reexecute=0 rethrow=0 return_oop=0}
                      ; - java.io.FileInputStream::read@0 (line 285)
                      ; - jdk.internal.loader.Resource::getBytes@117 (line 126)
                      ; - jdk.internal.loader.URLClassPath$JarLoader$2::getBytes@1 (line 862)
                      ; - java.net.URLClassLoader::defineClass@179 (line 519)
                      ; - java.net.URLClassLoader$1::run@43 (line 427)
                      ; - java.net.URLClassLoader$1::run@1 (line 421)
  0x0000026797b8c604: 7827 84ff 

  0x0000026797b8c608: ;   {other}
  0x0000026797b8c608: 0f1f 8400 | 7853 003a | 4889 4424 | 6848 8bd5 | 4c8b 8424 | 8000 0000 | 448b 4c24 | 208b bc24 
  0x0000026797b8c628: 9c00 0000 

  0x0000026797b8c62c: ;   {optimized virtual_call}
  0x0000026797b8c62c: c5f8 77e8 

  0x0000026797b8c630: ; ImmutableOopMap {rbp=Oop [40]=Oop [56]=NarrowOop [64]=Oop [72]=Oop [80]=Oop [88]=Oop [128]=Oop [136]=Oop [144]=NarrowOop [148]=NarrowOop }
                      ;*invokevirtual readBytes {reexecute=0 rethrow=0 return_oop=0}
                      ; - java.io.FileInputStream::read@9 (line 287)
                      ; - jdk.internal.loader.Resource::getBytes@117 (line 126)
                      ; - jdk.internal.loader.URLClassPath$JarLoader$2::getBytes@1 (line 862)
                      ; - java.net.URLClassLoader::defineClass@179 (line 519)
                      ; - java.net.URLClassLoader$1::run@43 (line 427)
                      ; - java.net.URLClassLoader$1::run@1 (line 421)
  0x0000026797b8c630: 4c21 84ff 

  0x0000026797b8c634: ;   {other}
  0x0000026797b8c634: 0f1f 8400 | a453 003b | 8944 2424 | 488b 5424 | 6866 6690 

  0x0000026797b8c648: ;   {static_call}
  0x0000026797b8c648: c5f8 77e8 

  0x0000026797b8c64c: ; ImmutableOopMap {rbp=Oop [40]=Oop [56]=NarrowOop [64]=Oop [72]=Oop [80]=Oop [88]=Oop [128]=Oop [136]=Oop [144]=NarrowOop [148]=NarrowOop }
                      ;*invokestatic end {reexecute=0 rethrow=0 return_oop=0}
                      ; - java.io.FileInputStream::read@16 (line 289)
                      ; - jdk.internal.loader.Resource::getBytes@117 (line 126)
                      ; - jdk.internal.loader.URLClassPath$JarLoader$2::getBytes@1 (line 862)
                      ; - java.net.URLClassLoader::defineClass@179 (line 519)
                      ; - java.net.URLClassLoader$1::run@43 (line 427)
                      ; - java.net.URLClassLoader$1::run@1 (line 421)
  0x0000026797b8c64c: 3027 84ff 

  0x0000026797b8c650: ;   {other}
  0x0000026797b8c650: 0f1f 8400 | c053 003c | 448b 5424 | 2445 85d2 | 0f8c ae34 | 0000 448b | 5c24 2045 | 03da 448b 
  0x0000026797b8c670: 5424 644d | 8b87 5004 

  0x0000026797b8c678: ; ImmutableOopMap {rbp=Oop [40]=Oop [56]=NarrowOop [64]=Oop [72]=Oop [80]=Oop [88]=Oop [128]=Oop [136]=Oop [144]=NarrowOop [148]=NarrowOop }
                      ;*goto {reexecute=1 rethrow=0 return_oop=0}
                      ; - (reexecute) jdk.internal.loader.Resource::getBytes@179 (line 142)
                      ; - jdk.internal.loader.URLClassPath$JarLoader$2::getBytes@1 (line 862)
                      ; - java.net.URLClassLoader::defineClass@179 (line 519)
                      ; - java.net.URLClassLoader$1::run@43 (line 427)
                      ; - java.net.URLClassLoader$1::run@1 (line 421)
                      ;   {poll}
  0x0000026797b8c678: 0000 4185 | 0044 3b5c | 243c 0f8c | 98fd ffff | 48ff b424 | 8000 0000 | 488f 4424 | 78e9 dbc0 
  0x0000026797b8c698: ffff 8974 | 244c 8944 | 2448 8954 | 2434 4889 | 5c24 4048 | 896c 2438 | 894c 2430 | 4489 5c24 
  0x0000026797b8c6b8: 2848 ff74 | 2450 488f | 4424 2048 | 8bef 897c 

  0x0000026797b8c6c8: ;   {metadata({type array byte})}
  0x0000026797b8c6c8: 242c 48ba | 1823 009f | 6702 0000 | 448b c190 

  0x0000026797b8c6d8: ;   {runtime_call _new_array_Java}
  0x0000026797b8c6d8: c5f8 77e8 

  0x0000026797b8c6dc: ; ImmutableOopMap {rbp=Oop [32]=Oop [40]=NarrowOop [44]=NarrowOop [56]=Oop [64]=Oop [80]=Oop }
                      ;*invokevirtual allocateUninitializedArray0 {reexecute=0 rethrow=0 return_oop=1}
                      ; - jdk.internal.misc.Unsafe::allocateUninitializedArray@51 (line 1380)
                      ; - java.lang.StringConcatHelper::newArray@33 (line 511)
                      ; - java.lang.StringLatin1::replace@49 (line 304)
                      ; - java.lang.String::replace@18 (line 2933)
                      ; - java.net.URLClassLoader$1::run@8 (line 423)
                      ; - java.net.URLClassLoader$1::run@1 (line 421)
  0x0000026797b8c6dc: 2099 8fff 

  0x0000026797b8c6e0: ;   {other}
  0x0000026797b8c6e0: 0f1f 8400 | 5054 003e | 4c8b d044 | 8b5c 2428 | 8b7c 242c | 8b4c 2430 | 488b 6c24 | 388b 5424 
  0x0000026797b8c700: 348b 4424 | 488b 7424 | 4c48 8b5c | 2440 4d8b | cae9 f8b7 | ffff 4889 

  0x0000026797b8c718: ;   {metadata('java/lang/String')}
  0x0000026797b8c718: 5c24 3048 | ba70 ea00 | 9f67 0200 | 004c 894c | 2438 6690 

  0x0000026797b8c72c: ;   {runtime_call _new_instance_Java}
  0x0000026797b8c72c: c5f8 77e8 

  0x0000026797b8c730: ; ImmutableOopMap {rbp=Oop [48]=Oop [56]=Oop [80]=Oop }
                      ;*new {reexecute=0 rethrow=0 return_oop=1}
                      ; - java.lang.StringLatin1::replace@116 (line 313)
                      ; - java.lang.String::replace@18 (line 2933)
                      ; - java.net.URLClassLoader$1::run@8 (line 423)
                      ; - java.net.URLClassLoader$1::run@1 (line 421)
  0x0000026797b8c730: 4c9c 8fff 

  0x0000026797b8c734: ;   {other}
  0x0000026797b8c734: 0f1f 8400 | a454 003f | 4c8b d848 | 8b5c 2430 | 4c8b 4c24 | 38e9 45b9 | ffff 4c8b | 9c24 c000 
  0x0000026797b8c754: 0000 41c6 | 4311 0133 | c048 ff74 | 2420 488f | 8424 8800 | 0000 48ff | 7424 2848 | 8f44 2420 
  0x0000026797b8c774: 4889 4424 | f88b 4424 | 3889 8424 | 9000 0000 | 488b 4424 | f848 8944 | 24f8 8b44 | 243c 8984 
  0x0000026797b8c794: 2494 0000 | 0048 8b44 | 24f8 8b74 | 2448 4c8b | 7424 5848 | ff74 2460 | 488f 4424 | 284c 8b6c 
  0x0000026797b8c7b4: 2470 4c8b | 4c24 7844 | 8b54 244c | e9f1 c7ff | ff48 ff74 | 2420 488f | 8424 8800 | 0000 4889 
  0x0000026797b8c7d4: 4424 f88b | 4424 2889 | 8424 9000 | 0000 488b | 4424 f848 | 8944 24f8 | 8b44 242c | 8984 2494 
  0x0000026797b8c7f4: 0000 0048 | 8b44 24f8 | 8b74 2438 | 4c8b 7424 | 4848 ff74 | 2458 488f | 4424 284c | 8b5c 2460 
  0x0000026797b8c814: 4c8b 6c24 | 684c 8b4c | 2470 448b | 5424 3c44 | 8b44 2478 | 488b 8c24 | 8000 0000 

  0x0000026797b8c830: ;   {no_reloc}
  0x0000026797b8c830: e972 ccff | ff4c 895c 

  0x0000026797b8c838: ;   {metadata('java/security/CodeSource')}
  0x0000026797b8c838: 2440 48ba | 205e 009f | 6702 0000 

  0x0000026797b8c844: ;   {runtime_call _new_instance_Java}
  0x0000026797b8c844: c5f8 77e8 

  0x0000026797b8c848: ; ImmutableOopMap {[32]=Oop [40]=Oop [56]=NarrowOop [64]=Oop [80]=Oop [144]=NarrowOop [148]=NarrowOop }
                      ;*new {reexecute=0 rethrow=0 return_oop=1}
                      ; - java.net.URLClassLoader::defineClass@190 (line 522)
                      ; - java.net.URLClassLoader$1::run@43 (line 427)
                      ; - java.net.URLClassLoader$1::run@1 (line 421)
  0x0000026797b8c848: 349b 8fff 

  0x0000026797b8c84c: ;   {other}
  0x0000026797b8c84c: 0f1f 8400 | bc55 0040 | 4c8b 5c24 | 40e9 75c0 | ffff 418b | e948 897c 

  0x0000026797b8c864: ;   {metadata({type array byte})}
  0x0000026797b8c864: 2458 48ba | 1823 009f | 6702 0000 | 4533 c090 

  0x0000026797b8c874: ;   {runtime_call _new_array_Java}
  0x0000026797b8c874: c5f8 77e8 

  0x0000026797b8c878: ; ImmutableOopMap {[40]=Oop [56]=NarrowOop [64]=Oop [72]=Oop [80]=Oop [88]=Oop [136]=Oop [144]=NarrowOop [148]=NarrowOop }
                      ;*newarray {reexecute=0 rethrow=0 return_oop=1}
                      ; - jdk.internal.loader.Resource::getBytes@30 (line 109)
                      ; - jdk.internal.loader.URLClassPath$JarLoader$2::getBytes@1 (line 862)
                      ; - java.net.URLClassLoader::defineClass@179 (line 519)
                      ; - java.net.URLClassLoader$1::run@43 (line 427)
                      ; - java.net.URLClassLoader$1::run@1 (line 421)
  0x0000026797b8c878: 8497 8fff 

  0x0000026797b8c87c: ;   {other}
  0x0000026797b8c87c: 0f1f 8400 | ec55 0041 | 488b 7c24 | 584c 8bd8 | 448b cde9 | cbbc ffff | 4889 4c24 | 604c 8974 
  0x0000026797b8c89c: 2458 8974 | 244c 4489 | 5c24 4844 | 8954 243c | 4489 4c24 

  0x0000026797b8c8b0: ;   {metadata('java/lang/String')}
  0x0000026797b8c8b0: 3848 ba70 | ea00 9f67 | 0200 0090 

  0x0000026797b8c8bc: ;   {runtime_call _new_instance_Java}
  0x0000026797b8c8bc: c5f8 77e8 

  0x0000026797b8c8c0: ; ImmutableOopMap {[56]=NarrowOop [64]=Oop [76]=NarrowOop [80]=Oop [88]=Oop [96]=Oop [136]=Oop [144]=NarrowOop [148]=NarrowOop }
                      ;*new {reexecute=0 rethrow=0 return_oop=1}
                      ; - java.lang.StringLatin1::newString@7 (line 752)
                      ; - java.lang.String::substring@41 (line 2839)
                      ; - java.net.URLClassLoader::defineClass@28 (line 489)
                      ; - java.net.URLClassLoader$1::run@43 (line 427)
                      ; - java.net.URLClassLoader$1::run@1 (line 421)
  0x0000026797b8c8c0: bc9a 8fff 

  0x0000026797b8c8c4: ;   {other}
  0x0000026797b8c8c4: 0f1f 8400 | 3456 0042 | 448b 4c24 | 3844 8b54 | 243c 448b | 5c24 488b | 7424 4c4c | 8b74 2458 
  0x0000026797b8c8e4: 48ff 7424 | 6048 8f44 | 2428 488b | d8e9 f0c2 | ffff 4c8b | 5c24 6041 | c643 1101 | 33c0 48ff 
  0x0000026797b8c904: 7424 2048 | 8f84 2488 | 0000 0048 | 8944 24f8 | 8b44 2428 | 8984 2490 | 0000 0048 | 8b44 24f8 
  0x0000026797b8c924: 4889 4424 | f88b 4424 | 2c89 8424 | 9400 0000 | 488b 4424 | f88b 7424 | 384c 8b74 | 2448 48ff 
  0x0000026797b8c944: 7424 5848 | 8f44 2428 | 4c8b 6c24 | 684c 8b4c | 2470 448b | 5424 3c8b | 4c24 78e9 | 92c9 ffff 
  0x0000026797b8c964: 488b bc24 | 8000 0000 | c647 1101 | 33c9 33d2 | 48ff 7424 | 2048 8f84 | 2488 0000 | 0048 8944 
  0x0000026797b8c984: 24f8 8b44 | 2428 8984 | 2490 0000 | 0048 8b44 | 24f8 4889 | 4424 f88b | 4424 2c89 | 8424 9400 
  0x0000026797b8c9a4: 0000 488b | 4424 f88b | 7424 384c | 8b74 2448 | 48ff 7424 | 5848 8f44 | 2428 4c8b 

  0x0000026797b8c9c0: ;   {no_reloc}
  0x0000026797b8c9c0: 5c24 604c | 8b6c 2468 | 4c8b 4c24 | 704c 8b54 | 2478 8b5c | 243c e9bc 

  0x0000026797b8c9d8: ;   {metadata({type array byte})}
  0x0000026797b8c9d8: d5ff ff48 | ba18 2300 | 9f67 0200 | 0044 8bc5 | 4c89 8c24 | c800 0000 

  0x0000026797b8c9f0: ;   {runtime_call _new_array_Java}
  0x0000026797b8c9f0: c5f8 77e8 

  0x0000026797b8c9f4: ; ImmutableOopMap {[32]=NarrowOop [36]=NarrowOop [40]=Oop [56]=Oop [64]=Oop [72]=Oop [80]=Oop [88]=Oop [96]=Oop [104]=Oop [120]=Oop [128]=Oop [136]=Oop [144]=NarrowOop [148]=NarrowOop [152]=Oop }
                      ;*invokevirtual allocateUninitializedArray0 {reexecute=0 rethrow=0 return_oop=1}
                      ; - jdk.internal.misc.Unsafe::allocateUninitializedArray@51 (line 1380)
                      ; - java.lang.StringConcatHelper::newArray@33 (line 511)
                      ; - java.lang.StringConcatHelper::simpleConcat@61 (line 435)
                      ; - java.lang.String::concat@11 (line 2899)
                      ; - java.net.URLClassLoader::isSealed@15 (line 601)
                      ; - java.net.URLClassLoader::getAndVerifyPackage@68 (line 469)
                      ; - java.net.URLClassLoader::defineClass@46 (line 492)
                      ; - java.net.URLClassLoader$1::run@43 (line 427)
                      ; - java.net.URLClassLoader$1::run@1 (line 421)
  0x0000026797b8c9f4: 0896 8fff 

  0x0000026797b8c9f8: ;   {other}
  0x0000026797b8c9f8: 0f1f 8400 | 6857 0043 | 4c8b c0e9 | 40d4 ffff 

  0x0000026797b8ca08: ;   {metadata('java/lang/String')}
  0x0000026797b8ca08: 48ba 70ea | 009f 6702 | 0000 6690 

  0x0000026797b8ca14: ;   {runtime_call _new_instance_Java}
  0x0000026797b8ca14: c5f8 77e8 

  0x0000026797b8ca18: ; ImmutableOopMap {[32]=NarrowOop [36]=NarrowOop [40]=Oop [56]=Oop [64]=Oop [72]=Oop [80]=Oop [88]=Oop [96]=Oop [104]=Oop [120]=Oop [136]=Oop [144]=NarrowOop [148]=NarrowOop [176]=Oop }
                      ;*new {reexecute=0 rethrow=0 return_oop=1}
                      ; - java.lang.StringConcatHelper::newString@6 (line 400)
                      ; - java.lang.StringConcatHelper::simpleConcat@90 (line 440)
                      ; - java.lang.String::concat@11 (line 2899)
                      ; - java.net.URLClassLoader::isSealed@15 (line 601)
                      ; - java.net.URLClassLoader::getAndVerifyPackage@68 (line 469)
                      ; - java.net.URLClassLoader::defineClass@46 (line 492)
                      ; - java.net.URLClassLoader$1::run@43 (line 427)
                      ; - java.net.URLClassLoader$1::run@1 (line 421)
  0x0000026797b8ca18: 6499 8fff 

  0x0000026797b8ca1c: ;   {other}
  0x0000026797b8ca1c: 0f1f 8400 | 8c57 0044 | e9e4 d4ff | ff4c 8984 | 2480 0000 | 0048 894c | 2478 4889 | 7c24 7048 
  0x0000026797b8ca3c: 895c 2468 | 48ff 7424 | 2848 8f44 | 2460 4c89 | 7424 5889 | 7424 4c44 | 895c 2448 | 4889 4424 
  0x0000026797b8ca5c: f88b 8424 | 9400 0000 | 8944 243c | 488b 4424 | f848 8944 | 24f8 8b84 | 2490 0000 | 0089 4424 
  0x0000026797b8ca7c: 3848 8b44 | 24f8 48ff | 7424 2048 | 8f44 2428 | 48ff b424 | 8800 0000 | 488f 4424 

  0x0000026797b8ca98: ;   {metadata({type array byte})}
  0x0000026797b8ca98: 2048 ba18 | 2300 9f67 | 0200 0045 | 8bc3 6690 

  0x0000026797b8caa8: ;   {runtime_call _new_array_nozero_Java}
  0x0000026797b8caa8: c5f8 77e8 

  0x0000026797b8caac: ; ImmutableOopMap {[32]=Oop [56]=NarrowOop [60]=NarrowOop [64]=Oop [76]=NarrowOop [80]=Oop [88]=Oop [96]=Oop [104]=Oop [152]=Oop [112]=Derived_oop_[152] }
                      ;*newarray {reexecute=0 rethrow=0 return_oop=1}
                      ; - java.util.Arrays::copyOfRangeByte@10 (line 3863)
                      ; - java.util.Arrays::copyOfRange@13 (line 3854)
                      ; - java.lang.StringLatin1::newString@16 (line 752)
                      ; - java.lang.String::substring@41 (line 2839)
                      ; - java.net.URLClassLoader::defineClass@28 (line 489)
                      ; - java.net.URLClassLoader$1::run@43 (line 427)
                      ; - java.net.URLClassLoader$1::run@1 (line 421)
  0x0000026797b8caac: d0e2 8fff 

  0x0000026797b8cab0: ;   {other}
  0x0000026797b8cab0: 0f1f 8400 | 2058 0045 | 48ff 7424 | 2048 8f84 | 2488 0000 | 0048 ff74 | 2428 488f | 4424 2048 
  0x0000026797b8cad0: 8944 24f8 | 8b44 2438 | 8984 2490 | 0000 0048 | 8b44 24f8 | 4889 4424 | f88b 4424 | 3c89 8424 
  0x0000026797b8caf0: 9400 0000 | 488b 4424 | f844 8b5c | 2448 8b74 | 244c 4c8b | 7424 5848 | ff74 2460 | 488f 4424 
  0x0000026797b8cb10: 2848 8b5c | 2468 488b | 7c24 7048 | 8b4c 2478 | 4c8b 8424 | 8000 0000 | 4c8b d0e9 | 1ec2 ffff 
  0x0000026797b8cb30: 448b 5c24 | 7449 8beb 

  0x0000026797b8cb38: ;   {metadata({type array byte})}
  0x0000026797b8cb38: 48ba 1823 | 009f 6702 | 0000 448b | 4424 7890 

  0x0000026797b8cb48: ;   {runtime_call _new_array_Java}
  0x0000026797b8cb48: c5f8 77e8 

  0x0000026797b8cb4c: ; ImmutableOopMap {rbp=Oop [32]=Oop [40]=Oop [56]=NarrowOop [60]=NarrowOop [64]=Oop [72]=Oop [80]=Oop [88]=Oop [96]=Oop [104]=Oop [116]=NarrowOop [128]=Oop [136]=Oop [144]=NarrowOop [148]=NarrowOop }
                      ;*invokevirtual allocateUninitializedArray0 {reexecute=0 rethrow=0 return_oop=1}
                      ; - jdk.internal.misc.Unsafe::allocateUninitializedArray@51 (line 1380)
                      ; - java.lang.StringConcatHelper::newArray@33 (line 511)
                      ; - java.lang.StringLatin1::replace@49 (line 304)
                      ; - java.lang.String::replace@18 (line 2933)
                      ; - java.net.URLClassLoader::isSealed@9 (line 601)
                      ; - java.net.URLClassLoader::getAndVerifyPackage@68 (line 469)
                      ; - java.net.URLClassLoader::defineClass@46 (line 492)
                      ; - java.net.URLClassLoader$1::run@43 (line 427)
                      ; - java.net.URLClassLoader$1::run@1 (line 421)
  0x0000026797b8cb4c: b094 8fff 

  0x0000026797b8cb50: ;   {other}
  0x0000026797b8cb50: 0f1f 8400 | c058 0046 | 488b e8e9 | 0dcf ffff 

  0x0000026797b8cb60: ;   {metadata('java/lang/String')}
  0x0000026797b8cb60: 48ba 70ea | 009f 6702 | 0000 6690 

  0x0000026797b8cb6c: ;   {runtime_call _new_instance_Java}
  0x0000026797b8cb6c: c5f8 77e8 

  0x0000026797b8cb70: ; ImmutableOopMap {[32]=Oop [40]=Oop [56]=NarrowOop [60]=NarrowOop [64]=Oop [72]=Oop [80]=Oop [88]=Oop [96]=Oop [104]=Oop [128]=Oop [136]=Oop [144]=NarrowOop [148]=NarrowOop [160]=Oop }
                      ;*new {reexecute=0 rethrow=0 return_oop=1}
                      ; - java.lang.StringLatin1::replace@116 (line 313)
                      ; - java.lang.String::replace@18 (line 2933)
                      ; - java.net.URLClassLoader::isSealed@9 (line 601)
                      ; - java.net.URLClassLoader::getAndVerifyPackage@68 (line 469)
                      ; - java.net.URLClassLoader::defineClass@46 (line 492)
                      ; - java.net.URLClassLoader$1::run@43 (line 427)
                      ; - java.net.URLClassLoader$1::run@1 (line 421)
  0x0000026797b8cb70: 0c98 8fff 

  0x0000026797b8cb74: ;   {other}
  0x0000026797b8cb74: 0f1f 8400 | e458 0047 | 488b c8e9 | 1bd1 ffff | 4889 5c24 

  0x0000026797b8cb88: ;   {metadata('java/lang/String')}
  0x0000026797b8cb88: 2048 ba70 | ea00 9f67 | 0200 0048 | 8b6c 2450 

  0x0000026797b8cb98: ;   {runtime_call _new_instance_Java}
  0x0000026797b8cb98: c5f8 77e8 

  0x0000026797b8cb9c: ; ImmutableOopMap {rbp=Oop [32]=Oop [80]=Oop }
                      ;*new {reexecute=0 rethrow=0 return_oop=1}
                      ; - java.lang.StringConcatHelper::simpleConcat@17 (line 425)
                      ; - java.lang.String::concat@11 (line 2899)
                      ; - java.net.URLClassLoader$1::run@13 (line 423)
                      ; - java.net.URLClassLoader$1::run@1 (line 421)
  0x0000026797b8cb9c: e097 8fff 

  0x0000026797b8cba0: ;   {other}
  0x0000026797b8cba0: 0f1f 8400 | 1059 0048 | 488b 5c24 | 20e9 63bf | ffff 4c89 | 5c24 6848 | 897c 2460 | 4889 5c24 
  0x0000026797b8cbc0: 584c 8974 | 2448 8974 | 2438 418b 

  0x0000026797b8cbcc: ;   {metadata({type array byte})}
  0x0000026797b8cbcc: e948 ba18 | 2300 9f67 | 0200 0045 | 8bc2 6690 

  0x0000026797b8cbdc: ;   {runtime_call _new_array_nozero_Java}
  0x0000026797b8cbdc: c5f8 77e8 

  0x0000026797b8cbe0: ; ImmutableOopMap {rbp=NarrowOop [40]=Oop [56]=NarrowOop [64]=Oop [72]=Oop [80]=Oop [88]=Oop [136]=Oop [144]=NarrowOop [148]=NarrowOop [152]=Oop [96]=Derived_oop_[152] }
                      ;*invokevirtual clone {reexecute=1 rethrow=0 return_oop=1}
                      ; - (reexecute) java.util.Arrays::copyOfRange@18 (line 3856)
                      ; - java.lang.StringLatin1::newString@16 (line 752)
                      ; - java.lang.String::substring@41 (line 2839)
                      ; - java.net.URLClassLoader::defineClass@28 (line 489)
                      ; - java.net.URLClassLoader$1::run@43 (line 427)
                      ; - java.net.URLClassLoader$1::run@1 (line 421)
  0x0000026797b8cbe0: 9ce1 8fff 

  0x0000026797b8cbe4: ;   {other}
  0x0000026797b8cbe4: 0f1f 8400 | 5459 0049 | 488b e8e9 | 83c0 ffff | 4489 5424 | 3c4c 894c | 2470 4c89 | 6c24 684c 
  0x0000026797b8cc04: 895c 2460 | 48ff 7424 | 2848 8f44 | 2458 4c89 | 7424 4889 | 7424 3848 | 8944 24f8 | 8b84 2490 
  0x0000026797b8cc24: 0000 0089 | 4424 2848 | 8b44 24f8 | 48ff b424 | 8800 0000 | 488f 4424 

  0x0000026797b8cc3c: ;   {metadata('java/lang/ClassLoader$$Lambda+0x00000267a0066878')}
  0x0000026797b8cc3c: 2048 ba78 | 6806 a067 | 0200 0090 

  0x0000026797b8cc48: ;   {runtime_call _new_instance_Java}
  0x0000026797b8cc48: c5f8 77e8 

  0x0000026797b8cc4c: ; ImmutableOopMap {rbp=NarrowOop [32]=Oop [40]=NarrowOop [56]=NarrowOop [60]=NarrowOop [64]=Oop [72]=Oop [80]=Oop [88]=Oop [96]=Oop [104]=Oop [112]=Oop [148]=NarrowOop }
                      ;*invokevirtual allocateInstance {reexecute=0 rethrow=0 return_oop=1}
                      ; - java.lang.invoke.DirectMethodHandle::allocateInstance@12 (line 501)
                      ; - java.lang.invoke.DirectMethodHandle$Holder::newInvokeSpecial@1
                      ; - java.lang.invoke.Invokers$Holder::linkToTargetMethod@6
                      ; - java.lang.ClassLoader::definePackage@73 (line 2129)
                      ; - java.lang.ClassLoader::getDefinedPackage@32 (line 2267)
                      ; - java.net.URLClassLoader::getAndVerifyPackage@2 (line 457)
                      ; - java.net.URLClassLoader::defineClass@46 (line 492)
                      ; - java.net.URLClassLoader$1::run@43 (line 427)
                      ; - java.net.URLClassLoader$1::run@1 (line 421)
  0x0000026797b8cc4c: 3097 8fff 

  0x0000026797b8cc50: ;   {other}
  0x0000026797b8cc50: 0f1f 8400 | c059 004a | 48ff 7424 | 2048 8f84 | 2488 0000 | 0048 8944 | 24f8 8b44 | 2428 8984 
  0x0000026797b8cc70: 2490 0000 | 0048 8b44 | 24f8 8b74 | 2438 4c8b | 7424 4848 | ff74 2458 | 488f 4424 | 284c 8b5c 
  0x0000026797b8cc90: 2460 4c8b | 6c24 684c | 8b4c 2470 | 448b 5424 | 3c48 8bd8 | e996 c9ff | ff2b df48 | 898c 2480 
  0x0000026797b8ccb0: 0000 004c | 894c 2458 | e960 f0ff | ff4c 63d3 | 81fb 0000 | 1000 0f87 | ad2a 0000 | 4889 4424 
  0x0000026797b8ccd0: 6044 895c | 2478 8bf3 | 897c 246c | 4889 5424 | 7044 8944 | 2468 488b | e94c 894c | 2458 4d8b 
  0x0000026797b8ccf0: 9fb8 0100 | 004c 8994 | 2480 0000 | 0049 83c2 | 1749 83e2 | f84d 8bc3 | 4d03 c24d | 3b87 c801 
  0x0000026797b8cd10: 0000 0f83 | 8b2a 0000 | 4d89 87b8 | 0100 0041 | 0f18 8000 | 0100 0049 | c703 0100 | 0000 410f 
  0x0000026797b8cd30: 1880 4001 

  0x0000026797b8cd34: ;   {metadata({type array byte})}
  0x0000026797b8cd34: 0000 41c7 | 4308 1823 | 0000 4189 | 5b0c 410f | 1880 8001 | 0000 498b | d348 83c2 | 1049 8bdb 
  0x0000026797b8cd54: 4c8b 9424 | 8000 0000 | 4983 c207 | 49c1 ea03 | 488b 4c24 | 604d 8bc2 | c5f8 7749 | ba60 743b 
  0x0000026797b8cd74: 9767 0200 | 0041 ffd2 

  0x0000026797b8cd7c: ;   {other}
  0x0000026797b8cd7c: 0f1f 8400 | 0000 0000 | 4c8b d3e9 | 77ef ffff | 440f b655 | 1148 ff74 | 2420 488f | 8424 8800 
  0x0000026797b8cd9c: 0000 48ff | 7424 2848 | 8f44 2420 | 4889 4424 | f88b 4424 | 3889 8424 | 9000 0000 | 488b 4424 
  0x0000026797b8cdbc: f848 8944 | 24f8 8b44 | 243c 8984 | 2494 0000 | 0048 8b44 | 24f8 8b74 | 2448 4c8b | 7424 5848 
  0x0000026797b8cddc: ff74 2460 | 488f 4424 | 284c 8b6c | 2468 4c8b | 4424 70e9 | 87f3 ffff 

  0x0000026797b8cdf4: ;   {metadata('java/lang/ref/SoftReference')}
  0x0000026797b8cdf4: 48ba 50de | 039f 6702 | 0000 6690 

  0x0000026797b8ce00: ;   {runtime_call _new_instance_Java}
  0x0000026797b8ce00: c5f8 77e8 

  0x0000026797b8ce04: ; ImmutableOopMap {rbp=Oop [32]=Oop [56]=NarrowOop [60]=NarrowOop [64]=Oop [72]=NarrowOop [80]=Oop [88]=Oop [96]=Oop [104]=Oop [128]=Oop [192]=Oop }
                      ;*new {reexecute=0 rethrow=0 return_oop=1}
                      ; - java.util.jar.JarFile::getManifestFromReference@184 (line 435)
                      ; - java.util.jar.JarFile::getManifest@1 (line 405)
                      ; - jdk.internal.loader.URLClassPath$JarLoader$2::getManifest@22 (line 853)
                      ; - java.net.URLClassLoader::defineClass@34 (line 491)
                      ; - java.net.URLClassLoader$1::run@43 (line 427)
                      ; - java.net.URLClassLoader$1::run@1 (line 421)
  0x0000026797b8ce04: 7895 8fff 

  0x0000026797b8ce08: ;   {other}
  0x0000026797b8ce08: 0f1f 8400 | 785b 004b | e92f e5ff 

  0x0000026797b8ce14: ;   {metadata('java/util/jar/JarVerifier')}
  0x0000026797b8ce14: ff48 ba38 | 2f17 9f67 | 0200 0090 

  0x0000026797b8ce20: ;   {runtime_call _new_instance_Java}
  0x0000026797b8ce20: c5f8 77e8 

  0x0000026797b8ce24: ; ImmutableOopMap {[32]=Oop [56]=NarrowOop [60]=NarrowOop [64]=Oop [72]=NarrowOop [80]=Oop [88]=Oop [96]=Oop [104]=Oop [112]=Oop [120]=Oop [128]=Oop [192]=Oop }
                      ;*new {reexecute=0 rethrow=0 return_oop=1}
                      ; - java.util.jar.JarFile::getManifestFromReference@69 (line 421)
                      ; - java.util.jar.JarFile::getManifest@1 (line 405)
                      ; - jdk.internal.loader.URLClassPath$JarLoader$2::getManifest@22 (line 853)
                      ; - java.net.URLClassLoader::defineClass@34 (line 491)
                      ; - java.net.URLClassLoader$1::run@43 (line 427)
                      ; - java.net.URLClassLoader$1::run@1 (line 421)
  0x0000026797b8ce24: 5895 8fff 

  0x0000026797b8ce28: ;   {other}
  0x0000026797b8ce28: 0f1f 8400 | 985b 004c | 4c8b d8e9 | 5edc ffff 

  0x0000026797b8ce38: ;   {metadata('java/util/Hashtable')}
  0x0000026797b8ce38: 48ba b0d5 | 009f 6702 | 0000 6690 

  0x0000026797b8ce44: ;   {runtime_call _new_instance_Java}
  0x0000026797b8ce44: c5f8 77e8 

  0x0000026797b8ce48: ; ImmutableOopMap {[32]=Oop [56]=NarrowOop [60]=NarrowOop [64]=Oop [72]=NarrowOop [76]=NarrowOop [80]=Oop [88]=Oop [96]=Oop [104]=Oop [112]=Oop [120]=Oop [128]=Oop [192]=Oop }
                      ;*new {reexecute=0 rethrow=0 return_oop=1}
                      ; - java.util.jar.JarVerifier::<init>@35 (line 105)
                      ; - java.util.jar.JarFile::getManifestFromReference@78 (line 421)
                      ; - java.util.jar.JarFile::getManifest@1 (line 405)
                      ; - jdk.internal.loader.URLClassPath$JarLoader$2::getManifest@22 (line 853)
                      ; - java.net.URLClassLoader::defineClass@34 (line 491)
                      ; - java.net.URLClassLoader$1::run@43 (line 427)
                      ; - java.net.URLClassLoader$1::run@1 (line 421)
  0x0000026797b8ce48: 3495 8fff 

  0x0000026797b8ce4c: ;   {other}
  0x0000026797b8ce4c: 0f1f 8400 | bc5b 004d | 4c8b d0e9 | dddc ffff 

  0x0000026797b8ce5c: ;   {metadata('java/util/Hashtable$Entry'[])}
  0x0000026797b8ce5c: 48ba 489b | 139f 6702 | 0000 41b8 | 0b00 0000 

  0x0000026797b8ce6c: ;   {runtime_call _new_array_Java}
  0x0000026797b8ce6c: c5f8 77e8 

  0x0000026797b8ce70: ; ImmutableOopMap {rbp=Oop [32]=Oop [56]=NarrowOop [60]=NarrowOop [64]=Oop [72]=NarrowOop [76]=NarrowOop [80]=Oop [88]=Oop [96]=Oop [104]=Oop [112]=Oop [120]=Oop [128]=Oop [192]=Oop }
                      ;*anewarray {reexecute=0 rethrow=0 return_oop=1}
                      ; - java.util.Hashtable::<init>@93 (line 196)
                      ; - java.util.Hashtable::<init>@5 (line 217)
                      ; - java.util.jar.JarVerifier::<init>@39 (line 105)
                      ; - java.util.jar.JarFile::getManifestFromReference@78 (line 421)
                      ; - java.util.jar.JarFile::getManifest@1 (line 405)
                      ; - jdk.internal.loader.URLClassPath$JarLoader$2::getManifest@22 (line 853)
                      ; - java.net.URLClassLoader::defineClass@34 (line 491)
                      ; - java.net.URLClassLoader$1::run@43 (line 427)
                      ; - java.net.URLClassLoader$1::run@1 (line 421)
  0x0000026797b8ce70: 8c91 8fff 

  0x0000026797b8ce74: ;   {other}
  0x0000026797b8ce74: 0f1f 8400 | e45b 004e | e94d ddff 

  0x0000026797b8ce80: ;   {metadata('java/util/Hashtable')}
  0x0000026797b8ce80: ff48 bab0 | d500 9f67 | 0200 0090 

  0x0000026797b8ce8c: ;   {runtime_call _new_instance_Java}
  0x0000026797b8ce8c: c5f8 77e8 

  0x0000026797b8ce90: ; ImmutableOopMap {[32]=Oop [56]=NarrowOop [60]=NarrowOop [64]=Oop [72]=NarrowOop [76]=NarrowOop [80]=Oop [88]=Oop [96]=Oop [104]=Oop [112]=Oop [120]=Oop [128]=Oop [192]=Oop }
                      ;*new {reexecute=0 rethrow=0 return_oop=1}
                      ; - java.util.jar.JarVerifier::<init>@46 (line 106)
                      ; - java.util.jar.JarFile::getManifestFromReference@78 (line 421)
                      ; - java.util.jar.JarFile::getManifest@1 (line 405)
                      ; - jdk.internal.loader.URLClassPath$JarLoader$2::getManifest@22 (line 853)
                      ; - java.net.URLClassLoader::defineClass@34 (line 491)
                      ; - java.net.URLClassLoader$1::run@43 (line 427)
                      ; - java.net.URLClassLoader$1::run@1 (line 421)
  0x0000026797b8ce90: ec94 8fff 

  0x0000026797b8ce94: ;   {other}
  0x0000026797b8ce94: 0f1f 8400 | 045c 004f | 4c8b d0e9 | bcdd ffff 

  0x0000026797b8cea4: ;   {metadata('java/util/Hashtable$Entry'[])}
  0x0000026797b8cea4: 48ba 489b | 139f 6702 | 0000 41b8 | 0b00 0000 

  0x0000026797b8ceb4: ;   {runtime_call _new_array_Java}
  0x0000026797b8ceb4: c5f8 77e8 

  0x0000026797b8ceb8: ; ImmutableOopMap {[32]=Oop [56]=NarrowOop [60]=NarrowOop [64]=Oop [72]=NarrowOop [76]=NarrowOop [80]=Oop [88]=Oop [96]=Oop [104]=Oop [112]=Oop [120]=Oop [128]=Oop [136]=Oop [192]=Oop }
                      ;*anewarray {reexecute=0 rethrow=0 return_oop=1}
                      ; - java.util.Hashtable::<init>@93 (line 196)
                      ; - java.util.Hashtable::<init>@5 (line 217)
                      ; - java.util.jar.JarVerifier::<init>@50 (line 106)
                      ; - java.util.jar.JarFile::getManifestFromReference@78 (line 421)
                      ; - java.util.jar.JarFile::getManifest@1 (line 405)
                      ; - jdk.internal.loader.URLClassPath$JarLoader$2::getManifest@22 (line 853)
                      ; - java.net.URLClassLoader::defineClass@34 (line 491)
                      ; - java.net.URLClassLoader$1::run@43 (line 427)
                      ; - java.net.URLClassLoader$1::run@1 (line 421)
  0x0000026797b8ceb8: 4491 8fff 

  0x0000026797b8cebc: ;   {other}
  0x0000026797b8cebc: 0f1f 8400 | 2c5c 0050 | e936 deff 

  0x0000026797b8cec8: ;   {metadata('java/util/Hashtable')}
  0x0000026797b8cec8: ff48 bab0 | d500 9f67 | 0200 0090 

  0x0000026797b8ced4: ;   {runtime_call _new_instance_Java}
  0x0000026797b8ced4: c5f8 77e8 

  0x0000026797b8ced8: ; ImmutableOopMap {[32]=Oop [56]=NarrowOop [60]=NarrowOop [64]=Oop [72]=NarrowOop [76]=NarrowOop [80]=Oop [88]=Oop [96]=Oop [104]=Oop [112]=Oop [120]=Oop [128]=Oop [192]=Oop }
                      ;*new {reexecute=0 rethrow=0 return_oop=1}
                      ; - java.util.jar.JarVerifier::<init>@57 (line 107)
                      ; - java.util.jar.JarFile::getManifestFromReference@78 (line 421)
                      ; - java.util.jar.JarFile::getManifest@1 (line 405)
                      ; - jdk.internal.loader.URLClassPath$JarLoader$2::getManifest@22 (line 853)
                      ; - java.net.URLClassLoader::defineClass@34 (line 491)
                      ; - java.net.URLClassLoader$1::run@43 (line 427)
                      ; - java.net.URLClassLoader$1::run@1 (line 421)
  0x0000026797b8ced8: a494 8fff 

  0x0000026797b8cedc: ;   {other}
  0x0000026797b8cedc: 0f1f 8400 | 4c5c 0051 | 488b e8e9 | b7de ffff 

  0x0000026797b8ceec: ;   {metadata('java/io/ByteArrayOutputStream')}
  0x0000026797b8ceec: 48ba e827 | 229f 6702 | 0000 6690 

  0x0000026797b8cef8: ;   {runtime_call _new_instance_Java}
  0x0000026797b8cef8: c5f8 77e8 

  0x0000026797b8cefc: ; ImmutableOopMap {[32]=Oop [56]=NarrowOop [60]=NarrowOop [64]=Oop [72]=NarrowOop [76]=NarrowOop [80]=Oop [88]=Oop [96]=Oop [104]=Oop [112]=Oop [120]=Oop [128]=Oop [192]=Oop }
                      ;*new {reexecute=0 rethrow=0 return_oop=1}
                      ; - java.util.jar.JarVerifier::<init>@81 (line 109)
                      ; - java.util.jar.JarFile::getManifestFromReference@78 (line 421)
                      ; - java.util.jar.JarFile::getManifest@1 (line 405)
                      ; - jdk.internal.loader.URLClassPath$JarLoader$2::getManifest@22 (line 853)
                      ; - java.net.URLClassLoader::defineClass@34 (line 491)
                      ; - java.net.URLClassLoader$1::run@43 (line 427)
                      ; - java.net.URLClassLoader$1::run@1 (line 421)
  0x0000026797b8cefc: 8094 8fff 

  0x0000026797b8cf00: ;   {other}
  0x0000026797b8cf00: 0f1f 8400 | 705c 0052 | 4c8b d0e9 | 0de0 ffff 

  0x0000026797b8cf10: ;   {metadata('java/util/HashMap')}
  0x0000026797b8cf10: 48ba 00c4 | 089f 6702 | 0000 6690 

  0x0000026797b8cf1c: ;   {runtime_call _new_instance_Java}
  0x0000026797b8cf1c: c5f8 77e8 

  0x0000026797b8cf20: ; ImmutableOopMap {[32]=Oop [56]=NarrowOop [60]=NarrowOop [64]=Oop [72]=NarrowOop [76]=NarrowOop [80]=Oop [88]=Oop [96]=Oop [104]=Oop [112]=Oop [120]=Oop [128]=Oop [192]=Oop }
                      ;*new {reexecute=0 rethrow=0 return_oop=1}
                      ; - java.util.jar.JarVerifier::<init>@103 (line 111)
                      ; - java.util.jar.JarFile::getManifestFromReference@78 (line 421)
                      ; - java.util.jar.JarFile::getManifest@1 (line 405)
                      ; - jdk.internal.loader.URLClassPath$JarLoader$2::getManifest@22 (line 853)
                      ; - java.net.URLClassLoader::defineClass@34 (line 491)
                      ; - java.net.URLClassLoader$1::run@43 (line 427)
                      ; - java.net.URLClassLoader$1::run@1 (line 421)
  0x0000026797b8cf20: 5c94 8fff 

  0x0000026797b8cf24: ;   {other}
  0x0000026797b8cf24: 0f1f 8400 | 945c 0053 | e93f e1ff 

  0x0000026797b8cf30: ;   {metadata('java/io/ByteArrayInputStream')}
  0x0000026797b8cf30: ff48 bab0 | 3e05 9f67 | 0200 0090 

  0x0000026797b8cf3c: ;   {runtime_call _new_instance_Java}
  0x0000026797b8cf3c: c5f8 77e8 

  0x0000026797b8cf40: ; ImmutableOopMap {[32]=Oop [56]=NarrowOop [60]=NarrowOop [64]=Oop [72]=NarrowOop [76]=NarrowOop [80]=Oop [88]=Oop [96]=Oop [104]=Oop [112]=Oop [120]=Oop [128]=Oop [136]=NarrowOop [144]=Oop [192]=Oop }
                      ;*new {reexecute=0 rethrow=0 return_oop=1}
                      ; - java.util.jar.JarFile::getManifestFromReference@109 (line 429)
                      ; - java.util.jar.JarFile::getManifest@1 (line 405)
                      ; - jdk.internal.loader.URLClassPath$JarLoader$2::getManifest@22 (line 853)
                      ; - java.net.URLClassLoader::defineClass@34 (line 491)
                      ; - java.net.URLClassLoader$1::run@43 (line 427)
                      ; - java.net.URLClassLoader$1::run@1 (line 421)
  0x0000026797b8cf40: 3c94 8fff 

  0x0000026797b8cf44: ;   {other}
  0x0000026797b8cf44: 0f1f 8400 | b45c 0054 | e90c e2ff 

  0x0000026797b8cf50: ;   {metadata('java/util/ArrayList')}
  0x0000026797b8cf50: ff48 bad0 | a70b 9f67 | 0200 0090 

  0x0000026797b8cf5c: ;   {runtime_call _new_instance_Java}
  0x0000026797b8cf5c: c5f8 77e8 

  0x0000026797b8cf60: ; ImmutableOopMap {[32]=Oop [56]=NarrowOop [60]=NarrowOop [64]=Oop [72]=NarrowOop [76]=NarrowOop [80]=Oop [88]=Oop [96]=Oop [104]=Oop [112]=Oop [120]=Oop [128]=Oop [192]=Oop }
                      ;*new {reexecute=0 rethrow=0 return_oop=1}
                      ; - java.util.jar.JarVerifier::<init>@70 (line 108)
                      ; - java.util.jar.JarFile::getManifestFromReference@78 (line 421)
                      ; - java.util.jar.JarFile::getManifest@1 (line 405)
                      ; - jdk.internal.loader.URLClassPath$JarLoader$2::getManifest@22 (line 853)
                      ; - java.net.URLClassLoader::defineClass@34 (line 491)
                      ; - java.net.URLClassLoader$1::run@43 (line 427)
                      ; - java.net.URLClassLoader$1::run@1 (line 421)
  0x0000026797b8cf60: 1c94 8fff 

  0x0000026797b8cf64: ;   {other}
  0x0000026797b8cf64: 0f1f 8400 | d45c 0055 | e941 dfff 

  0x0000026797b8cf70: ;   {metadata('java/util/ArrayList')}
  0x0000026797b8cf70: ff48 bad0 | a70b 9f67 | 0200 0090 

  0x0000026797b8cf7c: ;   {runtime_call _new_instance_Java}
  0x0000026797b8cf7c: c5f8 77e8 

  0x0000026797b8cf80: ; ImmutableOopMap {[32]=Oop [56]=NarrowOop [60]=NarrowOop [64]=Oop [72]=NarrowOop [76]=NarrowOop [80]=Oop [88]=Oop [96]=Oop [104]=Oop [112]=Oop [120]=Oop [128]=Oop [192]=Oop }
                      ;*new {reexecute=0 rethrow=0 return_oop=1}
                      ; - java.util.jar.JarVerifier::<init>@92 (line 110)
                      ; - java.util.jar.JarFile::getManifestFromReference@78 (line 421)
                      ; - java.util.jar.JarFile::getManifest@1 (line 405)
                      ; - jdk.internal.loader.URLClassPath$JarLoader$2::getManifest@22 (line 853)
                      ; - java.net.URLClassLoader::defineClass@34 (line 491)
                      ; - java.net.URLClassLoader$1::run@43 (line 427)
                      ; - java.net.URLClassLoader$1::run@1 (line 421)
  0x0000026797b8cf80: fc93 8fff 

  0x0000026797b8cf84: ;   {other}
  0x0000026797b8cf84: 0f1f 8400 | f45c 0056 | e96d e0ff 

  0x0000026797b8cf90: ;   {metadata({type array byte})}
  0x0000026797b8cf90: ff48 ba18 | 2300 9f67 | 0200 0041 | b820 0000 | 0066 6690 

  0x0000026797b8cfa4: ;   {runtime_call _new_array_Java}
  0x0000026797b8cfa4: c5f8 77e8 

  0x0000026797b8cfa8: ; ImmutableOopMap {rbp=Oop [32]=Oop [56]=NarrowOop [60]=NarrowOop [64]=Oop [72]=NarrowOop [76]=NarrowOop [80]=Oop [88]=Oop [96]=Oop [104]=Oop [112]=Oop [120]=Oop [128]=Oop [192]=Oop }
                      ;*newarray {reexecute=0 rethrow=0 return_oop=1}
                      ; - java.io.ByteArrayOutputStream::<init>@37 (line 81)
                      ; - java.io.ByteArrayOutputStream::<init>@3 (line 66)
                      ; - java.util.jar.JarVerifier::<init>@85 (line 109)
                      ; - java.util.jar.JarFile::getManifestFromReference@78 (line 421)
                      ; - java.util.jar.JarFile::getManifest@1 (line 405)
                      ; - jdk.internal.loader.URLClassPath$JarLoader$2::getManifest@22 (line 853)
                      ; - java.net.URLClassLoader::defineClass@34 (line 491)
                      ; - java.net.URLClassLoader$1::run@43 (line 427)
                      ; - java.net.URLClassLoader$1::run@1 (line 421)
  0x0000026797b8cfa8: 5490 8fff 

  0x0000026797b8cfac: ;   {other}
  0x0000026797b8cfac: 0f1f 8400 | 1c5d 0057 | e9c6 dfff 

  0x0000026797b8cfb8: ;   {metadata('java/util/jar/Manifest')}
  0x0000026797b8cfb8: ff48 bab0 | fc04 9f67 | 0200 0090 

  0x0000026797b8cfc4: ;   {runtime_call _new_instance_Java}
  0x0000026797b8cfc4: c5f8 77e8 

  0x0000026797b8cfc8: ; ImmutableOopMap {[32]=Oop [56]=NarrowOop [60]=NarrowOop [64]=Oop [72]=NarrowOop [76]=NarrowOop [80]=Oop [88]=Oop [96]=Oop [104]=Oop [112]=Oop [120]=Oop [128]=Oop [136]=NarrowOop [192]=Oop }
                      ;*new {reexecute=0 rethrow=0 return_oop=1}
                      ; - java.util.jar.JarFile::getManifestFromReference@101 (line 429)
                      ; - java.util.jar.JarFile::getManifest@1 (line 405)
                      ; - jdk.internal.loader.URLClassPath$JarLoader$2::getManifest@22 (line 853)
                      ; - java.net.URLClassLoader::defineClass@34 (line 491)
                      ; - java.net.URLClassLoader$1::run@43 (line 427)
                      ; - java.net.URLClassLoader$1::run@1 (line 421)
  0x0000026797b8cfc8: b493 8fff 

  0x0000026797b8cfcc: ;   {other}
  0x0000026797b8cfcc: 0f1f 8400 | 3c5d 0058 | e935 e1ff 

  0x0000026797b8cfd8: ;   {metadata('java/util/Hashtable$Entry'[])}
  0x0000026797b8cfd8: ff48 ba48 | 9b13 9f67 | 0200 0041 | b80b 0000 | 0066 6690 

  0x0000026797b8cfec: ;   {runtime_call _new_array_Java}
  0x0000026797b8cfec: c5f8 77e8 

  0x0000026797b8cff0: ; ImmutableOopMap {rbp=Oop [32]=Oop [56]=NarrowOop [60]=NarrowOop [64]=Oop [72]=NarrowOop [76]=NarrowOop [80]=Oop [88]=Oop [96]=Oop [104]=Oop [112]=Oop [120]=Oop [128]=Oop [192]=Oop }
                      ;*anewarray {reexecute=0 rethrow=0 return_oop=1}
                      ; - java.util.Hashtable::<init>@93 (line 196)
                      ; - java.util.Hashtable::<init>@4 (line 209)
                      ; - java.util.jar.JarVerifier::<init>@63 (line 107)
                      ; - java.util.jar.JarFile::getManifestFromReference@78 (line 421)
                      ; - java.util.jar.JarFile::getManifest@1 (line 405)
                      ; - jdk.internal.loader.URLClassPath$JarLoader$2::getManifest@22 (line 853)
                      ; - java.net.URLClassLoader::defineClass@34 (line 491)
                      ; - java.net.URLClassLoader$1::run@43 (line 427)
                      ; - java.net.URLClassLoader$1::run@1 (line 421)
  0x0000026797b8cff0: 0c90 8fff 

  0x0000026797b8cff4: ;   {other}
  0x0000026797b8cff4: 0f1f 8400 | 645d 0059 | 4c8b d0e9 | 30de ffff 

  0x0000026797b8d004: ;   {metadata('java/util/jar/Attributes')}
  0x0000026797b8d004: 48ba 98e5 | 169f 6702 | 0000 6690 

  0x0000026797b8d010: ;   {runtime_call _new_instance_Java}
  0x0000026797b8d010: c5f8 77e8 

  0x0000026797b8d014: ; ImmutableOopMap {[32]=Oop [56]=NarrowOop [60]=NarrowOop [64]=Oop [72]=NarrowOop [76]=NarrowOop [80]=Oop [88]=Oop [96]=Oop [104]=Oop [112]=Oop [128]=Oop [136]=NarrowOop [144]=Oop [152]=Oop [192]=Oop }
                      ;*new {reexecute=0 rethrow=0 return_oop=1}
                      ; - java.util.jar.Manifest::<init>@5 (line 55)
                      ; - java.util.jar.JarFile::getManifestFromReference@121 (line 429)
                      ; - java.util.jar.JarFile::getManifest@1 (line 405)
                      ; - jdk.internal.loader.URLClassPath$JarLoader$2::getManifest@22 (line 853)
                      ; - java.net.URLClassLoader::defineClass@34 (line 491)
                      ; - java.net.URLClassLoader$1::run@43 (line 427)
                      ; - java.net.URLClassLoader$1::run@1 (line 421)
  0x0000026797b8d014: 6893 8fff 

  0x0000026797b8d018: ;   {other}
  0x0000026797b8d018: 0f1f 8400 | 885d 005a | 488b e8e9 | ace1 ffff 

  0x0000026797b8d028: ;   {metadata('java/util/HashMap')}
  0x0000026797b8d028: 48ba 00c4 | 089f 6702 | 0000 6690 

  0x0000026797b8d034: ;   {runtime_call _new_instance_Java}
  0x0000026797b8d034: c5f8 77e8 

  0x0000026797b8d038: ; ImmutableOopMap {[32]=Oop [56]=NarrowOop [60]=NarrowOop [64]=Oop [72]=NarrowOop [76]=NarrowOop [80]=Oop [88]=Oop [96]=Oop [104]=Oop [112]=Oop [128]=Oop [136]=NarrowOop [144]=Oop [152]=Oop [192]=Oop }
                      ;*new {reexecute=0 rethrow=0 return_oop=1}
                      ; - java.util.jar.Manifest::<init>@16 (line 58)
                      ; - java.util.jar.JarFile::getManifestFromReference@121 (line 429)
                      ; - java.util.jar.JarFile::getManifest@1 (line 405)
                      ; - jdk.internal.loader.URLClassPath$JarLoader$2::getManifest@22 (line 853)
                      ; - java.net.URLClassLoader::defineClass@34 (line 491)
                      ; - java.net.URLClassLoader$1::run@43 (line 427)
                      ; - java.net.URLClassLoader$1::run@1 (line 421)
  0x0000026797b8d038: 4493 8fff 

  0x0000026797b8d03c: ;   {other}
  0x0000026797b8d03c: 0f1f 8400 | ac5d 005b | e930 e2ff | ff44 894c | 244c 4c89 | 5c24 784c | 8984 2480 

  0x0000026797b8d058: ;   {metadata('java/util/jar/Attributes')}
  0x0000026797b8d058: 0000 0048 | ba98 e516 | 9f67 0200 | 0066 6690 

  0x0000026797b8d068: ;   {runtime_call _new_instance_Java}
  0x0000026797b8d068: c5f8 77e8 

  0x0000026797b8d06c: ; ImmutableOopMap {[32]=Oop [56]=NarrowOop [60]=NarrowOop [64]=Oop [72]=NarrowOop [76]=NarrowOop [80]=Oop [88]=Oop [96]=Oop [104]=Oop [112]=Oop [120]=Oop [128]=Oop [192]=Oop }
                      ;*new {reexecute=0 rethrow=0 return_oop=1}
                      ; - java.util.jar.Manifest::<init>@5 (line 55)
                      ; - java.util.jar.Manifest::<init>@4 (line 88)
                      ; - java.util.jar.JarFile::getManifestFromReference@143 (line 432)
                      ; - java.util.jar.JarFile::getManifest@1 (line 405)
                      ; - jdk.internal.loader.URLClassPath$JarLoader$2::getManifest@22 (line 853)
                      ; - java.net.URLClassLoader::defineClass@34 (line 491)
                      ; - java.net.URLClassLoader$1::run@43 (line 427)
                      ; - java.net.URLClassLoader$1::run@1 (line 421)
  0x0000026797b8d06c: 1093 8fff 

  0x0000026797b8d070: ;   {other}
  0x0000026797b8d070: 0f1f 8400 | e05d 005c | 488b e8e9 | 42d8 ffff 

  0x0000026797b8d080: ;   {metadata('java/util/jar/Manifest')}
  0x0000026797b8d080: 48ba b0fc | 049f 6702 | 0000 6690 

  0x0000026797b8d08c: ;   {runtime_call _new_instance_Java}
  0x0000026797b8d08c: c5f8 77e8 

  0x0000026797b8d090: ; ImmutableOopMap {rbp=Oop [32]=Oop [56]=NarrowOop [60]=NarrowOop [64]=Oop [72]=NarrowOop [80]=Oop [88]=Oop [96]=Oop [104]=Oop [112]=Oop [192]=Oop }
                      ;*new {reexecute=0 rethrow=0 return_oop=1}
                      ; - java.util.jar.JarFile::getManifestFromReference@134 (line 432)
                      ; - java.util.jar.JarFile::getManifest@1 (line 405)
                      ; - jdk.internal.loader.URLClassPath$JarLoader$2::getManifest@22 (line 853)
                      ; - java.net.URLClassLoader::defineClass@34 (line 491)
                      ; - java.net.URLClassLoader$1::run@43 (line 427)
                      ; - java.net.URLClassLoader$1::run@1 (line 421)
  0x0000026797b8d090: ec92 8fff 

  0x0000026797b8d094: ;   {other}
  0x0000026797b8d094: 0f1f 8400 | 045e 005d | e9c8 d7ff 

  0x0000026797b8d0a0: ;   {metadata('java/util/HashMap')}
  0x0000026797b8d0a0: ff48 ba00 | c408 9f67 | 0200 0090 

  0x0000026797b8d0ac: ;   {runtime_call _new_instance_Java}
  0x0000026797b8d0ac: c5f8 77e8 

  0x0000026797b8d0b0: ; ImmutableOopMap {[32]=Oop [56]=NarrowOop [60]=NarrowOop [64]=Oop [72]=NarrowOop [76]=NarrowOop [80]=Oop [88]=Oop [96]=Oop [104]=Oop [112]=Oop [120]=Oop [128]=Oop [192]=Oop }
                      ;*new {reexecute=0 rethrow=0 return_oop=1}
                      ; - java.util.jar.Manifest::<init>@16 (line 58)
                      ; - java.util.jar.Manifest::<init>@4 (line 88)
                      ; - java.util.jar.JarFile::getManifestFromReference@143 (line 432)
                      ; - java.util.jar.JarFile::getManifest@1 (line 405)
                      ; - jdk.internal.loader.URLClassPath$JarLoader$2::getManifest@22 (line 853)
                      ; - java.net.URLClassLoader::defineClass@34 (line 491)
                      ; - java.net.URLClassLoader$1::run@43 (line 427)
                      ; - java.net.URLClassLoader$1::run@1 (line 421)
  0x0000026797b8d0b0: cc92 8fff 

  0x0000026797b8d0b4: ;   {other}
  0x0000026797b8d0b4: 0f1f 8400 | 245e 005e | e99e d8ff | ff4c 63f3 | e913 b5ff | ff49 83c2 | fe49 8bca | 488b fa48 
  0x0000026797b8d0d4: 33c0 4883 | f908 7f10 | 48ff c978 | 4f48 8904 | cf48 ffc9 | 7df7 eb44 | c5fd efc0 | e90d 0000 
  0x0000026797b8d0f4: 00c5 fe7f | 07c5 fe7f | 4720 4883 | c740 4883 | e908 7ded | 4883 c104 | 7c0c c5fe | 7f07 4883 
  0x0000026797b8d114: c720 4883 | e904 4883 | c104 7e10 | 48ff c9c5 | f9d6 0748 | 83c7 0848 | ffc9 7df3 | e9bc b5ff 
  0x0000026797b8d134: ff8b ee89 | 5424 20eb | 068b ee89 | 5424 20ba | ccff ffff | 4c8b 4424 | 504c 8944 | 2428 4889 
  0x0000026797b8d154: 7c24 5048 | 894c 2458 | 4489 5424 | 6044 894c | 2464 4c89 | 5c24 6889 | 5c24 7490 

  0x0000026797b8d170: ;   {runtime_call UncommonTrapBlob}
  0x0000026797b8d170: c5f8 77e8 

  0x0000026797b8d174: ; ImmutableOopMap {[40]=Oop [56]=NarrowOop [64]=Oop [80]=Oop [88]=Oop [104]=Oop [144]=NarrowOop [148]=NarrowOop }
                      ;*newarray {reexecute=1 rethrow=0 return_oop=0}
                      ; - (reexecute) java.util.Arrays::copyOf@15 (line 3541)
                      ; - jdk.internal.loader.Resource::getBytes@94 (line 120)
                      ; - jdk.internal.loader.URLClassPath$JarLoader$2::getBytes@1 (line 862)
                      ; - java.net.URLClassLoader::defineClass@179 (line 519)
                      ; - java.net.URLClassLoader$1::run@43 (line 427)
                      ; - java.net.URLClassLoader$1::run@1 (line 421)
  0x0000026797b8d174: 8868 84ff 

  0x0000026797b8d178: ;   {other}
  0x0000026797b8d178: 0f1f 8400 | e85e 005f | 412b f089 | b424 9c00 | 0000 4c89 | 9c24 8000 | 0000 4889 | 4c24 48e9 
  0x0000026797b8d198: 4df4 ffff | baf6 ffff | ff48 8944 | 2420 6690 

  0x0000026797b8d1a8: ;   {runtime_call UncommonTrapBlob}
  0x0000026797b8d1a8: c5f8 77e8 

  0x0000026797b8d1ac: ; ImmutableOopMap {[32]=Oop [80]=Oop }
                      ;*invokevirtual getResource {reexecute=0 rethrow=0 return_oop=0}
                      ; - java.net.URLClassLoader$1::run@26 (line 424)
                      ; - java.net.URLClassLoader$1::run@1 (line 421)
  0x0000026797b8d1ac: 5068 84ff 

  0x0000026797b8d1b0: ;   {other}
  0x0000026797b8d1b0: 0f1f 8400 | 205f 0060 | c641 0c01 | f083 4424 | c000 488d | 8424 d000 | 0000 4883 | 3800 0f84 
  0x0000026797b8d1d0: 7900 0000 | 4d8b 0141 | f6c0 020f | 8462 0000 | 0049 83b8 | 8600 0000 | 0074 0949 | ff88 8600 
  0x0000026797b8d1f0: 0000 eb4b | 498b 8096 | 0000 0049 | 0b80 8e00 | 0000 750a | 49c7 403e | 0000 0000 | eb3d 4983 
  0x0000026797b8d210: b89e 0000 | 0000 7422 | 4833 c049 | c740 3e00 | 0000 00f0 | 8304 2400 | 4983 b89e | 0000 0000 
  0x0000026797b8d230: 750d f04d | 0fb1 783e | 7505 83c8 | 01eb 0ca8 | 00eb 084c | 8b00 f04d | 0fb1 0175 | 0a49 ff8f 
  0x0000026797b8d250: 4805 0000 | 4533 c00f | 852f 2a00 | 0044 8b49 | 1845 85c9 | 7438 488b | e944 8954 | 243c 4c89 
  0x0000026797b8d270: 5c24 4848 | 897c 2420 | 498b d190 

  0x0000026797b8d27c: ;   {optimized virtual_call}
  0x0000026797b8d27c: c5f8 77e8 

  0x0000026797b8d280: ; ImmutableOopMap {rbp=Oop [32]=Oop [40]=Oop [56]=NarrowOop [64]=Oop [72]=Oop [80]=Oop [144]=NarrowOop [148]=NarrowOop }
                      ;*invokevirtual close {reexecute=0 rethrow=0 return_oop=0}
                      ; - java.io.FileInputStream::close@50 (line 521)
                      ; - jdk.internal.loader.Resource::getBytes@183 (line 145)
                      ; - jdk.internal.loader.URLClassPath$JarLoader$2::getBytes@1 (line 862)
                      ; - java.net.URLClassLoader::defineClass@179 (line 519)
                      ; - java.net.URLClassLoader$1::run@43 (line 427)
                      ; - java.net.URLClassLoader$1::run@1 (line 421)
  0x0000026797b8d280: fc14 84ff 

  0x0000026797b8d284: ;   {other}
  0x0000026797b8d284: 0f1f 8400 | f45f 0061 | 488b 7c24 | 204c 8b5c | 2448 448b | 5424 3c48 | 8bcd 8b69 | 1049 8b87 
  0x0000026797b8d2a4: b801 0000 | 4c8b c049 | 83c0 104d | 3b87 c801 | 0000 0f83 | 8027 0000 | 4d89 87b8 | 0100 0041 
  0x0000026797b8d2c4: 0f18 8000 | 0100 0048 | c700 0100 

  0x0000026797b8d2d0: ;   {metadata('java/io/FileInputStream$1')}
  0x0000026797b8d2d0: 0000 c740 | 0800 c01b | 0044 8960 | 0c4c 8bc0 | 4189 480c | 85ed 0f84 | 6829 0000 | 4489 5424 
  0x0000026797b8d2f0: 3c4c 895c | 2448 4889 | 7c24 2048 | 8bd5 6690 

  0x0000026797b8d300: ;   {optimized virtual_call}
  0x0000026797b8d300: c5f8 77e8 

  0x0000026797b8d304: ; ImmutableOopMap {[32]=Oop [40]=Oop [56]=NarrowOop [64]=Oop [72]=Oop [80]=Oop [144]=NarrowOop [148]=NarrowOop }
                      ;*invokevirtual closeAll {reexecute=0 rethrow=0 return_oop=0}
                      ; - java.io.FileInputStream::close@65 (line 524)
                      ; - jdk.internal.loader.Resource::getBytes@183 (line 145)
                      ; - jdk.internal.loader.URLClassPath$JarLoader$2::getBytes@1 (line 862)
                      ; - java.net.URLClassLoader::defineClass@179 (line 519)
                      ; - java.net.URLClassLoader$1::run@43 (line 427)
                      ; - java.net.URLClassLoader$1::run@1 (line 421)
  0x0000026797b8d304: 7814 84ff 

  0x0000026797b8d308: ;   {other}
  0x0000026797b8d308: 0f1f 8400 | 7860 0062 | 488b 7c24 | 204c 8b5c | 2448 448b | 5424 3ce9 | a3b4 ffff | ba76 ffff 
  0x0000026797b8d328: ff8b ef44 | 895c 2428 | 894c 2430 

  0x0000026797b8d334: ;   {runtime_call UncommonTrapBlob}
  0x0000026797b8d334: c5f8 77e8 

  0x0000026797b8d338: ; ImmutableOopMap {rbp=NarrowOop [40]=NarrowOop [80]=Oop }
                      ;*if_icmpge {reexecute=1 rethrow=0 return_oop=0}
                      ; - (reexecute) java.lang.StringLatin1::replace@19 (line 297)
                      ; - java.lang.String::replace@18 (line 2933)
                      ; - java.net.URLClassLoader$1::run@8 (line 423)
                      ; - java.net.URLClassLoader$1::run@1 (line 421)
  0x0000026797b8d338: c466 84ff 

  0x0000026797b8d33c: ;   {other}
  0x0000026797b8d33c: 0f1f 8400 | ac60 0063 | 4863 de81 | fe00 0010 | 000f 876d | 2700 0048 | 895c 2420 | 488b e844 
  0x0000026797b8d35c: 8944 2468 | 4c89 6c24 | 7089 5424 | 6044 8954 | 246c 4489 | 4c24 3c4c | 895c 2478 | 4889 4c24 
  0x0000026797b8d37c: 4848 897c | 2458 4d8b | 97b8 0100 | 004c 8d43 | 1749 83e0 | f84d 8bda | 4d03 d84d | 3b9f c801 
  0x0000026797b8d39c: 0000 0f83 | 4b27 0000 | 4d89 9fb8 | 0100 0041 | 0f18 8300 | 0100 004d | 8bc2 49c7 | 0001 0000 
  0x0000026797b8d3bc: 0041 0f18 | 8340 0100 

  0x0000026797b8d3c4: ;   {metadata({type array byte})}
  0x0000026797b8d3c4: 0041 c740 | 0818 2300 | 0041 8970 | 0c41 0f18 | 8380 0100 | 0049 8bd0 | 4883 c210 | 498b d84c 
  0x0000026797b8d3e4: 8b54 2420 | 4983 c207 | 49c1 ea03 | 488b cd4d | 8bc2 c5f8 | 7749 ba60 | 743b 9767 | 0200 0041 
  0x0000026797b8d404: ;   {other}
  0x0000026797b8d404: ffd2 0f1f | 8400 0000 | 0000 4c8b | d3e9 a5f1 | ffff be01 | 0000 00e9 | 5aaa ffff | 4863 d1e9 
  0x0000026797b8d424: d1ac ffff | bacc ffff | ff4c 895c | 2428 4889 | 4424 3044 | 8954 2440 

  0x0000026797b8d43c: ;   {runtime_call UncommonTrapBlob}
  0x0000026797b8d43c: c5f8 77e8 

  0x0000026797b8d440: ; ImmutableOopMap {rbp=Oop [40]=Oop [80]=Oop }
                      ;*invokestatic arraycopy {reexecute=0 rethrow=0 return_oop=0}
                      ; - java.lang.String::getBytes@22 (line 4726)
                      ; - java.lang.StringConcatHelper::prepend@21 (line 324)
                      ; - java.lang.StringConcatHelper::simpleConcat@71 (line 438)
                      ; - java.lang.String::concat@11 (line 2899)
                      ; - java.net.URLClassLoader$1::run@13 (line 423)
                      ; - java.net.URLClassLoader$1::run@1 (line 421)
  0x0000026797b8d440: bc65 84ff 

  0x0000026797b8d444: ;   {other}
  0x0000026797b8d444: 0f1f 8400 | b461 0064 | bacc ffff | ff4c 894c | 2420 897c | 2438 6690 

  0x0000026797b8d45c: ;   {runtime_call UncommonTrapBlob}
  0x0000026797b8d45c: c5f8 77e8 

  0x0000026797b8d460: ; ImmutableOopMap {rbp=Oop [32]=Oop [80]=Oop }
                      ;*invokestatic arraycopy {reexecute=0 rethrow=0 return_oop=0}
                      ; - java.lang.String::getBytes@22 (line 4726)
                      ; - java.lang.StringConcatHelper::prepend@21 (line 324)
                      ; - java.lang.StringConcatHelper::simpleConcat@81 (line 439)
                      ; - java.lang.String::concat@11 (line 2899)
                      ; - java.net.URLClassLoader$1::run@13 (line 423)
                      ; - java.net.URLClassLoader$1::run@1 (line 421)
  0x0000026797b8d460: 9c65 84ff 

  0x0000026797b8d464: ;   {other}
  0x0000026797b8d464: 0f1f 8400 | d461 0065 | 498b d349 | 8bda 4d8b | d04c 63c5 | 4d8d 5810 | 4d8b cb49 | 83e1 f848 
  0x0000026797b8d484: 8bfb 4903 | f949 c1eb | 034d 2bd3 | 498b ca48 | 33c0 4883 | f908 7f10 | 48ff c978 | 4f48 8904 
  0x0000026797b8d4a4: cf48 ffc9 | 7df7 eb44 | c5fd efc0 | e90d 0000 | 00c5 fe7f | 07c5 fe7f | 4720 4883 | c740 4883 
  0x0000026797b8d4c4: e908 7ded | 4883 c104 | 7c0c c5fe | 7f07 4883 | c720 4883 | e904 4883 | c104 7e10 | 48ff c9c5 
  0x0000026797b8d4e4: f9d6 0748 | 83c7 0848 | ffc9 7df3 | 488b 8c24 | 8000 0000 | c5f8 7749 | bac0 6d3b | 9767 0200 
  0x0000026797b8d504: 0041 ffd2 

  0x0000026797b8d508: ;   {other}
  0x0000026797b8d508: 0f1f 8400 | 0000 0000 | 4c8b d3e9 | ebe7 ffff | ba76 ffff | ff8b ef4c | 894c 2428 | 8974 2424 
  0x0000026797b8d528: 4489 5c24 | 3889 4c24 | 4066 6690 

  0x0000026797b8d534: ;   {runtime_call UncommonTrapBlob}
  0x0000026797b8d534: c5f8 77e8 

  0x0000026797b8d538: ; ImmutableOopMap {rbp=NarrowOop [40]=Oop [56]=NarrowOop [80]=Oop }
                      ;*if_icmpge {reexecute=1 rethrow=0 return_oop=0}
                      ; - (reexecute) java.lang.StringLatin1::replace@82 (line 308)
                      ; - java.lang.String::replace@18 (line 2933)
                      ; - java.net.URLClassLoader$1::run@8 (line 423)
                      ; - java.net.URLClassLoader$1::run@1 (line 421)
  0x0000026797b8d538: c464 84ff 

  0x0000026797b8d53c: ;   {other}
  0x0000026797b8d53c: 0f1f 8400 | ac62 0066 | 4889 7c24 | 5848 894c | 2448 4c89 | 5c24 7844 | 894c 243c | 4c89 6c24 
  0x0000026797b8d55c: 6089 7424 | 6844 8954 | 246c 418b | e889 5424 | 7048 8944 | 2420 4889 | 9c24 8000 

  0x0000026797b8d578: ;   {metadata({type array byte})}
  0x0000026797b8d578: 0000 48ba | 1823 009f | 6702 0000 | 448b c590 

  0x0000026797b8d588: ;   {runtime_call _new_array_nozero_Java}
  0x0000026797b8d588: c5f8 77e8 

  0x0000026797b8d58c: ; ImmutableOopMap {[40]=Oop [56]=NarrowOop [64]=Oop [72]=Oop [80]=Oop [88]=Oop [96]=Oop [120]=Oop [32]=Derived_oop_[120] [136]=Oop [144]=NarrowOop [148]=NarrowOop }
                      ;*invokevirtual clone {reexecute=1 rethrow=0 return_oop=1}
                      ; - (reexecute) java.util.Arrays::copyOf@7 (line 3539)
                      ; - jdk.internal.loader.Resource::getBytes@94 (line 120)
                      ; - jdk.internal.loader.URLClassPath$JarLoader$2::getBytes@1 (line 862)
                      ; - java.net.URLClassLoader::defineClass@179 (line 519)
                      ; - java.net.URLClassLoader$1::run@43 (line 427)
                      ; - java.net.URLClassLoader$1::run@1 (line 421)
  0x0000026797b8d58c: f0d7 8fff 

  0x0000026797b8d590: ;   {other}
  0x0000026797b8d590: 0f1f 8400 | 0063 0067 | 4c8b c0e9 | 77e0 ffff | 8944 2424 | 448b 5c24 | 6044 895c | 2420 488b 
  0x0000026797b8d5b0: 6c24 78ba | 45ff ffff | 4c8b 5424 | 504c 8954 | 2428 6690 

  0x0000026797b8d5c4: ;   {runtime_call UncommonTrapBlob}
  0x0000026797b8d5c4: c5f8 77e8 

  0x0000026797b8d5c8: ; ImmutableOopMap {rbp=Oop [40]=Oop [56]=NarrowOop [64]=Oop [72]=Oop [88]=Oop [144]=NarrowOop [148]=NarrowOop }
                      ;*ifge {reexecute=1 rethrow=0 return_oop=0}
                      ; - (reexecute) jdk.internal.loader.Resource::getBytes@135 (line 131)
                      ; - jdk.internal.loader.URLClassPath$JarLoader$2::getBytes@1 (line 862)
                      ; - java.net.URLClassLoader::defineClass@179 (line 519)
                      ; - java.net.URLClassLoader$1::run@43 (line 427)
                      ; - java.net.URLClassLoader$1::run@1 (line 421)
  0x0000026797b8d5c8: 3464 84ff 

  0x0000026797b8d5cc: ;   {other}
  0x0000026797b8d5cc: 0f1f 8400 | 3c63 0068 | 8954 2420 | 8bee ba45 | ffff ff4c | 8b44 2450 | 4c89 4424 | 2848 897c 
  0x0000026797b8d5ec: 2450 4c89 | 5c24 5848 | 894c 2460 | 4489 5424 | 6844 894c | 246c 6690 

  0x0000026797b8d604: ;   {runtime_call UncommonTrapBlob}
  0x0000026797b8d604: c5f8 77e8 

  0x0000026797b8d608: ; ImmutableOopMap {[40]=Oop [56]=NarrowOop [64]=Oop [80]=Oop [88]=Oop [96]=Oop [144]=NarrowOop [148]=NarrowOop }
                      ;*ifge {reexecute=1 rethrow=0 return_oop=0}
                      ; - (reexecute) jdk.internal.loader.Resource::getBytes@78 (line 116)
                      ; - jdk.internal.loader.URLClassPath$JarLoader$2::getBytes@1 (line 862)
                      ; - java.net.URLClassLoader::defineClass@179 (line 519)
                      ; - java.net.URLClassLoader$1::run@43 (line 427)
                      ; - java.net.URLClassLoader$1::run@1 (line 421)
  0x0000026797b8d608: f463 84ff 

  0x0000026797b8d60c: ;   {other}
  0x0000026797b8d60c: 0f1f 8400 | 7c63 0069 | baf6 ffff | ff48 8944 | 2430 6690 

  0x0000026797b8d620: ;   {runtime_call UncommonTrapBlob}
  0x0000026797b8d620: c5f8 77e8 

  0x0000026797b8d624: ; ImmutableOopMap {[48]=Oop [64]=Oop [80]=Oop [148]=NarrowOop }
                      ;*invokevirtual defineClass {reexecute=0 rethrow=0 return_oop=0}
                      ; - java.net.URLClassLoader$1::run@43 (line 427)
                      ; - java.net.URLClassLoader$1::run@1 (line 421)
  0x0000026797b8d624: d863 84ff 

  0x0000026797b8d628: ;   {other}
  0x0000026797b8d628: 0f1f 8400 | 9863 006a | ba45 ffff | ff4c 8944 | 2448 6690 

  0x0000026797b8d63c: ;   {runtime_call UncommonTrapBlob}
  0x0000026797b8d63c: c5f8 77e8 

  0x0000026797b8d640: ; ImmutableOopMap {[56]=NarrowOop [64]=Oop [72]=Oop [80]=Oop [144]=NarrowOop [148]=NarrowOop }
                      ;*ifeq {reexecute=1 rethrow=0 return_oop=0}
                      ; - (reexecute) jdk.internal.loader.Resource::getByteBuffer@9 (line 164)
                      ; - java.net.URLClassLoader::defineClass@132 (line 511)
                      ; - java.net.URLClassLoader$1::run@43 (line 427)
                      ; - java.net.URLClassLoader$1::run@1 (line 421)
  0x0000026797b8d640: bc63 84ff 

  0x0000026797b8d644: ;   {other}
  0x0000026797b8d644: 0f1f 8400 | b463 006b | bae4 ffff | ff4c 8b54 | 2450 4c89 | 5424 284c | 8b54 2440 | 4c89 5424 
  0x0000026797b8d664: 304c 896c | 2440 4c89 | 4424 4844 | 895c 2454 

  0x0000026797b8d674: ;   {runtime_call UncommonTrapBlob}
  0x0000026797b8d674: c5f8 77e8 

  0x0000026797b8d678: ; ImmutableOopMap {[32]=Oop [40]=Oop [48]=Oop [64]=Oop [84]=NarrowOop [144]=NarrowOop [148]=NarrowOop }
                      ;*invokestatic checkIndex {reexecute=0 rethrow=0 return_oop=0}
                      ; - java.nio.Buffer::checkIndex@8 (line 768)
                      ; - java.nio.DirectLongBufferU::get@11 (line 342)
                      ; - jdk.internal.perf.PerfCounter::get@5 (line 84)
                      ; - jdk.internal.perf.PerfCounter::add@1 (line 98)
                      ; - jdk.internal.perf.PerfCounter::addElapsedTimeFrom@6 (line 120)
                      ; - java.net.URLClassLoader::defineClass@207 (line 523)
                      ; - java.net.URLClassLoader$1::run@43 (line 427)
                      ; - java.net.URLClassLoader$1::run@1 (line 421)
  0x0000026797b8d678: 8463 84ff 

  0x0000026797b8d67c: ;   {other}
  0x0000026797b8d67c: 0f1f 8400 | ec63 006c | baf6 ffff | ff48 ff74 | 2440 488f | 4424 204c | 896c 2438 | 8974 2440 
  0x0000026797b8d69c: ;   {runtime_call UncommonTrapBlob}
  0x0000026797b8d69c: c5f8 77e8 

  0x0000026797b8d6a0: ; ImmutableOopMap {[32]=Oop [56]=Oop [64]=NarrowOop [80]=Oop [144]=NarrowOop [148]=NarrowOop [192]=Oop }
                      ;*invokevirtual ensureInitialization {reexecute=0 rethrow=0 return_oop=0}
                      ; - java.util.jar.JavaUtilJarAccessImpl::ensureInitialization@1 (line 42)
                      ; - jdk.internal.loader.URLClassPath$JarLoader$2::getManifest@10 (line 852)
                      ; - java.net.URLClassLoader::defineClass@34 (line 491)
                      ; - java.net.URLClassLoader$1::run@43 (line 427)
                      ; - java.net.URLClassLoader$1::run@1 (line 421)
  0x0000026797b8d6a0: 5c63 84ff 

  0x0000026797b8d6a4: ;   {other}
  0x0000026797b8d6a4: 0f1f 8400 | 1464 006d | baf6 ffff | ff48 8b6c | 2450 48ff | 7424 4048 | 8f44 2420 | 4c89 6c24 
  0x0000026797b8d6c4: 3889 7424 | 404c 894c | 2450 6690 

  0x0000026797b8d6d0: ;   {runtime_call UncommonTrapBlob}
  0x0000026797b8d6d0: c5f8 77e8 

  0x0000026797b8d6d4: ; ImmutableOopMap {rbp=Oop [32]=Oop [56]=Oop [64]=NarrowOop [80]=Oop [144]=NarrowOop [148]=NarrowOop [192]=Oop }
                      ;*invokevirtual get {reexecute=0 rethrow=0 return_oop=0}
                      ; - java.lang.ClassLoader::getDefinedPackage@13 (line 2263)
                      ; - java.net.URLClassLoader::getAndVerifyPackage@2 (line 457)
                      ; - java.net.URLClassLoader::defineClass@46 (line 492)
                      ; - java.net.URLClassLoader$1::run@43 (line 427)
                      ; - java.net.URLClassLoader$1::run@1 (line 421)
  0x0000026797b8d6d4: 2863 84ff 

  0x0000026797b8d6d8: ;   {other}
  0x0000026797b8d6d8: 0f1f 8400 | 4864 006e | bae4 ffff | ff4c 8b54 | 2450 4c89 | 5424 204c | 8b54 2440 | 4c89 5424 
  0x0000026797b8d6f8: 2848 897c | 2450 4c89 | 5c24 6044 | 8944 2468 

  0x0000026797b8d708: ;   {runtime_call UncommonTrapBlob}
  0x0000026797b8d708: c5f8 77e8 

  0x0000026797b8d70c: ; ImmutableOopMap {[32]=Oop [40]=Oop [56]=NarrowOop [80]=Oop [96]=Oop [144]=NarrowOop [148]=NarrowOop }
                      ;*invokestatic checkIndex {reexecute=0 rethrow=0 return_oop=0}
                      ; - java.util.zip.CRC32::updateBytesCheck@30 (line 153)
                      ; - java.util.zip.CRC32::updateBytes@3 (line 139)
                      ; - java.util.zip.CRC32::update@31 (line 79)
                      ; - java.util.zip.Checksum::update@5 (line 58)
                      ; - jdk.internal.loader.URLClassPath$JarLoader$2::getBytes@15 (line 864)
                      ; - java.net.URLClassLoader::defineClass@179 (line 519)
                      ; - java.net.URLClassLoader$1::run@43 (line 427)
                      ; - java.net.URLClassLoader$1::run@1 (line 421)
  0x0000026797b8d70c: f062 84ff 

  0x0000026797b8d710: ;   {other}
  0x0000026797b8d710: 0f1f 8400 | 8064 006f | ba76 ffff | ff44 894c | 2448 6690 

  0x0000026797b8d724: ;   {runtime_call UncommonTrapBlob}
  0x0000026797b8d724: c5f8 77e8 

  0x0000026797b8d728: ; ImmutableOopMap {[64]=Oop [72]=NarrowOop [80]=Oop [144]=NarrowOop [148]=NarrowOop }
                      ;*iflt {reexecute=1 rethrow=0 return_oop=0}
                      ; - (reexecute) java.lang.StringLatin1::lastIndexOf@19 (line 285)
                      ; - java.lang.String::lastIndexOf@13 (line 2573)
                      ; - java.lang.String::lastIndexOf@8 (line 2535)
                      ; - java.net.URLClassLoader::defineClass@7 (line 486)
                      ; - java.net.URLClassLoader$1::run@43 (line 427)
                      ; - java.net.URLClassLoader$1::run@1 (line 421)
  0x0000026797b8d728: d462 84ff 

  0x0000026797b8d72c: ;   {other}
  0x0000026797b8d72c: 0f1f 8400 | 9c64 0070 | 4c89 4424 

  0x0000026797b8d738: ;   {oop(a 'jdk/internal/perf/PerfCounter'{0x00000000d58a34a0})}
  0x0000026797b8d738: 3048 baa0 | 348a d500 | 0000 004c | 8d84 24d0 | 0000 0090 

  0x0000026797b8d74c: ;   {runtime_call _complete_monitor_locking_Java}
  0x0000026797b8d74c: c5f8 77e8 

  0x0000026797b8d750: ; ImmutableOopMap {rbp=Oop [32]=Oop [40]=Oop [64]=Oop [80]=Oop [144]=NarrowOop [148]=NarrowOop }
                      ;*synchronization entry
                      ; - jdk.internal.perf.PerfCounter::add@-1 (line 98)
                      ; - jdk.internal.perf.PerfCounter::addElapsedTimeFrom@6 (line 120)
                      ; - java.net.URLClassLoader::defineClass@207 (line 523)
                      ; - java.net.URLClassLoader$1::run@43 (line 427)
                      ; - java.net.URLClassLoader$1::run@1 (line 421)
  0x0000026797b8d750: acf2 8fff 

  0x0000026797b8d754: ;   {other}
  0x0000026797b8d754: 0f1f 8400 | c464 0071 | 4c8b ed4c | 8b44 2430 | e94b b2ff | ffba ecff | ffff 4c8b | 5424 504c 
  0x0000026797b8d774: 8954 2428 | 4c8b 5424 | 404c 8954 | 2430 4c89 | 6c24 404c | 8944 2448 | 4489 5c24 | 5466 6690 
  0x0000026797b8d794: ;   {runtime_call UncommonTrapBlob}
  0x0000026797b8d794: c5f8 77e8 

  0x0000026797b8d798: ; ImmutableOopMap {rbp=NarrowOop [32]=Oop [40]=Oop [48]=Oop [64]=Oop [84]=NarrowOop [144]=NarrowOop [148]=NarrowOop }
                      ;*ifnull {reexecute=1 rethrow=0 return_oop=0}
                      ; - (reexecute) java.nio.Buffer::session@4 (line 792)
                      ; - java.nio.DirectLongBufferU::get@4 (line 342)
                      ; - jdk.internal.perf.PerfCounter::get@5 (line 84)
                      ; - jdk.internal.perf.PerfCounter::add@1 (line 98)
                      ; - jdk.internal.perf.PerfCounter::addElapsedTimeFrom@6 (line 120)
                      ; - java.net.URLClassLoader::defineClass@207 (line 523)
                      ; - java.net.URLClassLoader$1::run@43 (line 427)
                      ; - java.net.URLClassLoader$1::run@1 (line 421)
  0x0000026797b8d798: 6462 84ff 

  0x0000026797b8d79c: ;   {other}
  0x0000026797b8d79c: 0f1f 8400 | 0c65 0072 | bacc ffff | ff4c 8b54 | 2450 4c89 | 5424 284c | 8b54 2440 | 4c89 5424 
  0x0000026797b8d7bc: 304c 896c | 2440 4c89 | 4424 4844 | 895c 2454 

  0x0000026797b8d7cc: ;   {runtime_call UncommonTrapBlob}
  0x0000026797b8d7cc: c5f8 77e8 

  0x0000026797b8d7d0: ; ImmutableOopMap {[32]=Oop [40]=Oop [48]=Oop [64]=Oop [84]=NarrowOop [144]=NarrowOop [148]=NarrowOop }
                      ;*invokestatic checkIndex {reexecute=0 rethrow=0 return_oop=0}
                      ; - java.nio.Buffer::checkIndex@8 (line 768)
                      ; - java.nio.DirectLongBufferU::get@11 (line 342)
                      ; - jdk.internal.perf.PerfCounter::get@5 (line 84)
                      ; - jdk.internal.perf.PerfCounter::add@1 (line 98)
                      ; - jdk.internal.perf.PerfCounter::addElapsedTimeFrom@6 (line 120)
                      ; - java.net.URLClassLoader::defineClass@207 (line 523)
                      ; - java.net.URLClassLoader$1::run@43 (line 427)
                      ; - java.net.URLClassLoader$1::run@1 (line 421)
  0x0000026797b8d7d0: 2c62 84ff 

  0x0000026797b8d7d4: ;   {other}
  0x0000026797b8d7d4: 0f1f 8400 | 4465 0073 

  0x0000026797b8d7dc: ;   {oop(a 'jdk/internal/perf/PerfCounter'{0x00000000d58a34a0})}
  0x0000026797b8d7dc: 48b9 a034 | 8ad5 0000 | 0000 488d | 9424 d000 | 0000 4d8b | c7c5 f877 | 49ba 707a | eeb6 f87f 
  0x0000026797b8d7fc: 0000 41ff 

  0x0000026797b8d800: ;   {other}
  0x0000026797b8d800: d20f 1f84 | 0000 0000 | 00e9 80b2 | ffff bade | ffff ff48 | 8b6c 2450 | 4c89 5424 | 3889 7424 
  0x0000026797b8d820: 4866 6690 

  0x0000026797b8d824: ;   {runtime_call UncommonTrapBlob}
  0x0000026797b8d824: c5f8 77e8 

  0x0000026797b8d828: ; ImmutableOopMap {rbp=Oop [56]=Oop [64]=Oop [72]=NarrowOop [144]=NarrowOop [148]=NarrowOop [192]=Oop }
                      ;*invokevirtual getManifest {reexecute=0 rethrow=0 return_oop=0}
                      ; - java.net.URLClassLoader::defineClass@34 (line 491)
                      ; - java.net.URLClassLoader$1::run@43 (line 427)
                      ; - java.net.URLClassLoader$1::run@1 (line 421)
  0x0000026797b8d828: d461 84ff 

  0x0000026797b8d82c: ;   {other}
  0x0000026797b8d82c: 0f1f 8400 | 9c65 0074 | bade ffff | ff48 ff74 | 2450 488f | 4424 2048 | ff74 2440 | 488f 4424 
  0x0000026797b8d84c: 2889 7424 | 484c 896c | 2458 4489 | 5c24 4c90 

  0x0000026797b8d85c: ;   {runtime_call UncommonTrapBlob}
  0x0000026797b8d85c: c5f8 77e8 

  0x0000026797b8d860: ; ImmutableOopMap {rbp=NarrowOop [32]=Oop [40]=Oop [72]=NarrowOop [76]=NarrowOop [88]=Oop [144]=NarrowOop [148]=NarrowOop [192]=Oop }
                      ;*invokeinterface ensureInitialization {reexecute=0 rethrow=0 return_oop=0}
                      ; - jdk.internal.loader.URLClassPath$JarLoader$2::getManifest@10 (line 852)
                      ; - java.net.URLClassLoader::defineClass@34 (line 491)
                      ; - java.net.URLClassLoader$1::run@43 (line 427)
                      ; - java.net.URLClassLoader$1::run@1 (line 421)
  0x0000026797b8d860: 9c61 84ff 

  0x0000026797b8d864: ;   {other}
  0x0000026797b8d864: 0f1f 8400 | d465 0075 | 4c89 8424 | 8000 0000 | 4c89 6c24 | 7848 894c | 2470 4c89 | 7424 6889 
  0x0000026797b8d884: 7424 6048 | 8944 24f8 | 8b84 2494 | 0000 0089 | 4424 5c48 | 8b44 24f8 | 4889 4424 | f88b 8424 
  0x0000026797b8d8a4: 9000 0000 | 8944 2458 | 488b 4424 | f848 ff74 | 2420 488f | 4424 4848 | ff74 2440 | 488f 4424 
  0x0000026797b8d8c4: 3848 ffb4 | 2488 0000 | 0048 8f44 | 2428 48ff | 7424 5048 | 8f44 2420 | 498b d04c | 8d84 24d0 
  0x0000026797b8d8e4: 0000 0090 

  0x0000026797b8d8e8: ;   {runtime_call _complete_monitor_locking_Java}
  0x0000026797b8d8e8: c5f8 77e8 

  0x0000026797b8d8ec: ; ImmutableOopMap {rbp=NarrowOop [32]=Oop [40]=Oop [56]=Oop [88]=NarrowOop [92]=NarrowOop [96]=NarrowOop [104]=Oop [112]=Oop [120]=Oop [128]=Oop [192]=Oop }
                      ;*synchronization entry
                      ; - java.util.jar.JarFile::ensureInitialization@-1 (line 1064)
                      ; - java.util.jar.JavaUtilJarAccessImpl::ensureInitialization@1 (line 42)
                      ; - jdk.internal.loader.URLClassPath$JarLoader$2::getManifest@10 (line 852)
                      ; - java.net.URLClassLoader::defineClass@34 (line 491)
                      ; - java.net.URLClassLoader$1::run@43 (line 427)
                      ; - java.net.URLClassLoader$1::run@1 (line 421)
  0x0000026797b8d8ec: 10f1 8fff 

  0x0000026797b8d8f0: ;   {other}
  0x0000026797b8d8f0: 0f1f 8400 | 6066 0076 | 48ff 7424 | 2048 8f44 | 2450 48ff | 7424 2848 | 8f84 2488 | 0000 0048 
  0x0000026797b8d910: ff74 2438 | 488f 4424 | 4048 ff74 | 2448 488f | 4424 2048 | 8944 24f8 | 8b44 2458 | 8984 2490 
  0x0000026797b8d930: 0000 0048 | 8b44 24f8 | 4889 4424 | f88b 4424 | 5c89 8424 | 9400 0000 | 488b 4424 | f88b 7424 
  0x0000026797b8d950: 604c 8b74 | 2468 48ff | 7424 7048 | 8f44 2428 | 4c8b 6c24 | 784c 8b84 | 2480 0000 | 00e9 09b5 
  0x0000026797b8d970: ffff 4c89 | 6c24 5848 | ff74 2428 | 488f 4424 | 484c 8974 | 2438 8974 | 2428 498b | c848 8d94 
  0x0000026797b8d990: 24d0 0000 | 004d 8bc7 | c5f8 7749 | ba70 7aee | b6f8 7f00 | 0041 ffd2 

  0x0000026797b8d9a8: ;   {other}
  0x0000026797b8d9a8: 0f1f 8400 | 0000 0000 | 8b74 2428 | 4c8b 7424 | 3848 ff74 | 2448 488f | 4424 284c | 8b6c 2458 
  0x0000026797b8d9c8: e961 b5ff | ffba deff | ffff 48ff | 7424 5048 | 8f44 2420 | 48ff 7424 | 4048 8f44 | 2428 4c89 
  0x0000026797b8d9e8: 6c24 4089 | 7424 4890 

  0x0000026797b8d9f0: ;   {runtime_call UncommonTrapBlob}
  0x0000026797b8d9f0: c5f8 77e8 

  0x0000026797b8d9f4: ; ImmutableOopMap {rbp=NarrowOop [32]=Oop [40]=Oop [64]=Oop [72]=NarrowOop [144]=NarrowOop [148]=NarrowOop [192]=Oop }
                      ;*invokevirtual getManifest {reexecute=0 rethrow=0 return_oop=0}
                      ; - jdk.internal.loader.URLClassPath$JarLoader$2::getManifest@22 (line 853)
                      ; - java.net.URLClassLoader::defineClass@34 (line 491)
                      ; - java.net.URLClassLoader$1::run@43 (line 427)
                      ; - java.net.URLClassLoader$1::run@1 (line 421)
  0x0000026797b8d9f4: 0860 84ff 

  0x0000026797b8d9f8: ;   {other}
  0x0000026797b8d9f8: 0f1f 8400 | 6867 0077 | bade ffff | ff66 6690 

  0x0000026797b8da08: ;   {runtime_call UncommonTrapBlob}
  0x0000026797b8da08: c5f8 77e8 

  0x0000026797b8da0c: ; ImmutableOopMap {rbp=NarrowOop [32]=Oop [56]=NarrowOop [64]=Oop [80]=Oop [144]=NarrowOop [148]=NarrowOop }
                      ;*invokevirtual getCodeSigners {reexecute=0 rethrow=0 return_oop=0}
                      ; - jdk.internal.loader.URLClassPath$JarLoader$2::getCodeSigners@4 (line 858)
                      ; - java.net.URLClassLoader::defineClass@185 (line 521)
                      ; - java.net.URLClassLoader$1::run@43 (line 427)
                      ; - java.net.URLClassLoader$1::run@1 (line 421)
  0x0000026797b8da0c: f05f 84ff 

  0x0000026797b8da10: ;   {other}
  0x0000026797b8da10: 0f1f 8400 | 8067 0078 | ba6e ffff | ff44 894c | 2448 6690 

  0x0000026797b8da24: ;   {runtime_call UncommonTrapBlob}
  0x0000026797b8da24: c5f8 77e8 

  0x0000026797b8da28: ; ImmutableOopMap {[64]=Oop [72]=NarrowOop [80]=Oop [144]=NarrowOop [148]=NarrowOop }
                      ;*iflt {reexecute=1 rethrow=0 return_oop=0}
                      ; - (reexecute) java.lang.StringLatin1::lastIndexOf@19 (line 285)
                      ; - java.lang.String::lastIndexOf@13 (line 2573)
                      ; - java.lang.String::lastIndexOf@8 (line 2535)
                      ; - java.net.URLClassLoader::defineClass@7 (line 486)
                      ; - java.net.URLClassLoader$1::run@43 (line 427)
                      ; - java.net.URLClassLoader$1::run@1 (line 421)
  0x0000026797b8da28: d45f 84ff 

  0x0000026797b8da2c: ;   {other}
  0x0000026797b8da2c: 0f1f 8400 | 9c67 0079 | 33ed 4585 | d240 0f94 | c5ba 45ff | ffff 4489 | 5c24 2890 

  0x0000026797b8da48: ;   {runtime_call UncommonTrapBlob}
  0x0000026797b8da48: c5f8 77e8 

  0x0000026797b8da4c: ; ImmutableOopMap {[40]=NarrowOop [80]=Oop }
                      ;*ifeq {reexecute=1 rethrow=0 return_oop=0}
                      ; - (reexecute) java.lang.String::replace@9 (line 2933)
                      ; - java.net.URLClassLoader$1::run@8 (line 423)
                      ; - java.net.URLClassLoader$1::run@1 (line 421)
  0x0000026797b8da4c: b05f 84ff 

  0x0000026797b8da50: ;   {other}
  0x0000026797b8da50: 0f1f 8400 | c067 007a | ba76 ffff | ff8b ef4c | 894c 2428 | 8974 2424 | 4489 5c24 | 3889 4c24 
  0x0000026797b8da70: 3c66 6690 

  0x0000026797b8da74: ;   {runtime_call UncommonTrapBlob}
  0x0000026797b8da74: c5f8 77e8 

  0x0000026797b8da78: ; ImmutableOopMap {rbp=NarrowOop [40]=Oop [56]=NarrowOop [80]=Oop }
                      ;*if_icmpge {reexecute=1 rethrow=0 return_oop=0}
                      ; - (reexecute) java.lang.StringLatin1::replace@61 (line 305)
                      ; - java.lang.String::replace@18 (line 2933)
                      ; - java.net.URLClassLoader$1::run@8 (line 423)
                      ; - java.net.URLClassLoader$1::run@1 (line 421)
  0x0000026797b8da78: 845f 84ff 

  0x0000026797b8da7c: ;   {other}
  0x0000026797b8da7c: 0f1f 8400 | ec67 007b | ba45 ffff | ff48 8b6c | 2450 4c89 | 5c24 2044 | 8954 2428 

  0x0000026797b8da98: ;   {runtime_call UncommonTrapBlob}
  0x0000026797b8da98: c5f8 77e8 

  0x0000026797b8da9c: ; ImmutableOopMap {rbp=Oop [32]=Oop }
                      ;*iflt {reexecute=1 rethrow=0 return_oop=0}
                      ; - (reexecute) java.lang.StringConcatHelper::checkOverflow@2 (line 65)
                      ; - java.lang.StringConcatHelper::mix@23 (line 127)
                      ; - java.lang.StringConcatHelper::simpleConcat@46 (line 433)
                      ; - java.lang.String::concat@11 (line 2899)
                      ; - java.net.URLClassLoader$1::run@13 (line 423)
                      ; - java.net.URLClassLoader$1::run@1 (line 421)
  0x0000026797b8da9c: 605f 84ff 

  0x0000026797b8daa0: ;   {other}
  0x0000026797b8daa0: 0f1f 8400 | 1068 007c | ba45 ffff | ff4c 895c | 2428 6690 

  0x0000026797b8dab4: ;   {runtime_call UncommonTrapBlob}
  0x0000026797b8dab4: c5f8 77e8 

  0x0000026797b8dab8: ; ImmutableOopMap {[40]=Oop [80]=Oop }
                      ;*iflt {reexecute=1 rethrow=0 return_oop=0}
                      ; - (reexecute) java.lang.StringConcatHelper::checkOverflow@2 (line 65)
                      ; - java.lang.StringConcatHelper::mix@23 (line 127)
                      ; - java.lang.StringConcatHelper::simpleConcat@54 (line 434)
                      ; - java.lang.String::concat@11 (line 2899)
                      ; - java.net.URLClassLoader$1::run@13 (line 423)
                      ; - java.net.URLClassLoader$1::run@1 (line 421)
  0x0000026797b8dab8: 445f 84ff 

  0x0000026797b8dabc: ;   {other}
  0x0000026797b8dabc: 0f1f 8400 | 2c68 007d | ba45 ffff | ff4c 895c | 2428 4489 | 4424 3890 

  0x0000026797b8dad4: ;   {runtime_call UncommonTrapBlob}
  0x0000026797b8dad4: c5f8 77e8 

  0x0000026797b8dad8: ; ImmutableOopMap {rbp=Oop [40]=Oop [80]=Oop }
                      ;*if_icmpne {reexecute=1 rethrow=0 return_oop=0}
                      ; - (reexecute) java.lang.String::getBytes@5 (line 4725)
                      ; - java.lang.StringConcatHelper::prepend@21 (line 324)
                      ; - java.lang.StringConcatHelper::simpleConcat@81 (line 439)
                      ; - java.lang.String::concat@11 (line 2899)
                      ; - java.net.URLClassLoader$1::run@13 (line 423)
                      ; - java.net.URLClassLoader$1::run@1 (line 421)
  0x0000026797b8dad8: 245f 84ff 

  0x0000026797b8dadc: ;   {other}
  0x0000026797b8dadc: 0f1f 8400 | 4c68 007e | ba45 ffff | ff48 8b6c | 2450 4c89 | 5c24 2048 | 8944 2428 | 4489 4424 
  0x0000026797b8dafc: 3066 6690 

  0x0000026797b8db00: ;   {runtime_call UncommonTrapBlob}
  0x0000026797b8db00: c5f8 77e8 

  0x0000026797b8db04: ; ImmutableOopMap {rbp=Oop [32]=Oop }
                      ;*if_icmpne {reexecute=1 rethrow=0 return_oop=0}
                      ; - (reexecute) java.lang.StringConcatHelper::mix@13 (line 124)
                      ; - java.lang.StringConcatHelper::simpleConcat@46 (line 433)
                      ; - java.lang.String::concat@11 (line 2899)
                      ; - java.net.URLClassLoader$1::run@13 (line 423)
                      ; - java.net.URLClassLoader$1::run@1 (line 421)
  0x0000026797b8db04: f85e 84ff 

  0x0000026797b8db08: ;   {other}
  0x0000026797b8db08: 0f1f 8400 | 7868 007f | ba45 ffff | ff48 8b6c | 2450 4c89 | 5c24 2048 | 8974 2428 | 894c 2430 
  0x0000026797b8db28: ;   {runtime_call UncommonTrapBlob}
  0x0000026797b8db28: c5f8 77e8 

  0x0000026797b8db2c: ; ImmutableOopMap {rbp=Oop [32]=Oop }
                      ;*ifge {reexecute=1 rethrow=0 return_oop=0}
                      ; - (reexecute) java.lang.StringConcatHelper::newArray@13 (line 508)
                      ; - java.lang.StringConcatHelper::simpleConcat@61 (line 435)
                      ; - java.lang.String::concat@11 (line 2899)
                      ; - java.net.URLClassLoader$1::run@13 (line 423)
                      ; - java.net.URLClassLoader$1::run@1 (line 421)
  0x0000026797b8db2c: d05e 84ff 

  0x0000026797b8db30: ;   {other}
  0x0000026797b8db30: 0f1f 8400 | a068 0080 | baf6 ffff | ff48 8b6c | 2450 48ff | 7424 4048 | 8f44 2420 | 4c89 6c24 
  0x0000026797b8db50: 3889 7424 | 404c 894c | 2450 4c89 | 5c24 5890 

  0x0000026797b8db60: ;   {runtime_call UncommonTrapBlob}
  0x0000026797b8db60: c5f8 77e8 

  0x0000026797b8db64: ; ImmutableOopMap {rbp=Oop [32]=Oop [56]=Oop [64]=NarrowOop [80]=Oop [88]=Oop [144]=NarrowOop [148]=NarrowOop }
                      ;*invokevirtual get {reexecute=0 rethrow=0 return_oop=0}
                      ; - java.lang.ClassLoader::definePackage@47 (line 2125)
                      ; - java.lang.ClassLoader::getDefinedPackage@32 (line 2267)
                      ; - java.net.URLClassLoader::getAndVerifyPackage@2 (line 457)
                      ; - java.net.URLClassLoader::defineClass@46 (line 492)
                      ; - java.net.URLClassLoader$1::run@43 (line 427)
                      ; - java.net.URLClassLoader$1::run@1 (line 421)
  0x0000026797b8db64: 985e 84ff 

  0x0000026797b8db68: ;   {other}
  0x0000026797b8db68: 0f1f 8400 | d868 0081 | 4c63 d5e9 | 70c2 ffff | ba76 ffff | ff48 ff74 | 2450 488f | 4424 2048 
  0x0000026797b8db88: ff74 2440 | 488f 4424 | 284c 896c | 2440 8974 | 2448 4c89 | 5c24 604c | 8954 2468 | 4c89 4c24 
  0x0000026797b8dba8: 7044 8944 | 244c 4c89 | 4c24 784c | 899c 2480 | 0000 0089 | 8424 8c00 | 0000 6690 

  0x0000026797b8dbc4: ;   {runtime_call UncommonTrapBlob}
  0x0000026797b8dbc4: c5f8 77e8 

  0x0000026797b8dbc8: ; ImmutableOopMap {rbp=NarrowOop [32]=Oop [40]=Oop [64]=Oop [72]=NarrowOop [76]=NarrowOop [96]=Oop [104]=Oop [112]=Oop [120]=Oop [128]=Oop [144]=NarrowOop [148]=NarrowOop }
                      ;*if_icmpge {reexecute=1 rethrow=0 return_oop=0}
                      ; - (reexecute) java.lang.StringLatin1::replace@19 (line 297)
                      ; - java.lang.String::replace@18 (line 2933)
                      ; - java.net.URLClassLoader::isSealed@9 (line 601)
                      ; - java.net.URLClassLoader::getAndVerifyPackage@68 (line 469)
                      ; - java.net.URLClassLoader::defineClass@46 (line 492)
                      ; - java.net.URLClassLoader$1::run@43 (line 427)
                      ; - java.net.URLClassLoader$1::run@1 (line 421)
  0x0000026797b8dbc8: 345e 84ff 

  0x0000026797b8dbcc: ;   {other}
  0x0000026797b8dbcc: 0f1f 8400 | 3c69 0082 | ba45 ffff | ff48 8b6c | 2450 48ff | 7424 4048 | 8f44 2420 | 4c89 6c24 
  0x0000026797b8dbec: 384c 895c | 2458 4c89 | 4c24 6089 | 7424 684c | 895c 2470 | 4489 5424 | 7866 6690 

  0x0000026797b8dc08: ;   {runtime_call UncommonTrapBlob}
  0x0000026797b8dc08: c5f8 77e8 

  0x0000026797b8dc0c: ; ImmutableOopMap {rbp=Oop [32]=Oop [56]=Oop [88]=Oop [96]=Oop [104]=NarrowOop [112]=Oop [120]=NarrowOop [144]=NarrowOop [148]=NarrowOop }
                      ;*ifeq {reexecute=1 rethrow=0 return_oop=0}
                      ; - (reexecute) java.lang.ClassLoader::definePackage@4 (line 2120)
                      ; - java.lang.ClassLoader::getDefinedPackage@32 (line 2267)
                      ; - java.net.URLClassLoader::getAndVerifyPackage@2 (line 457)
                      ; - java.net.URLClassLoader::defineClass@46 (line 492)
                      ; - java.net.URLClassLoader$1::run@43 (line 427)
                      ; - java.net.URLClassLoader$1::run@1 (line 421)
  0x0000026797b8dc0c: f05d 84ff 

  0x0000026797b8dc10: ;   {other}
  0x0000026797b8dc10: 0f1f 8400 | 8069 0083 | bade ffff | ff48 8b6c | 2450 48ff | 7424 4048 | 8f44 2420 | 4c89 6c24 
  0x0000026797b8dc30: 3889 7424 | 404c 895c | 2458 4c89 | 5424 604c | 894c 2468 | 4489 4424 | 444c 894c | 2470 4889 
  0x0000026797b8dc50: 4424 7890 

  0x0000026797b8dc54: ;   {runtime_call UncommonTrapBlob}
  0x0000026797b8dc54: c5f8 77e8 

  0x0000026797b8dc58: ; ImmutableOopMap {rbp=Oop [32]=Oop [56]=Oop [64]=NarrowOop [68]=NarrowOop [88]=Oop [96]=Oop [104]=Oop [112]=Oop [120]=Oop [144]=NarrowOop [148]=NarrowOop }
                      ;*invokeinterface getTrustedAttributes {reexecute=0 rethrow=0 return_oop=0}
                      ; - java.net.URLClassLoader::isSealed@18 (line 601)
                      ; - java.net.URLClassLoader::getAndVerifyPackage@68 (line 469)
                      ; - java.net.URLClassLoader::defineClass@46 (line 492)
                      ; - java.net.URLClassLoader$1::run@43 (line 427)
                      ; - java.net.URLClassLoader$1::run@1 (line 421)
  0x0000026797b8dc58: a45d 84ff 

  0x0000026797b8dc5c: ;   {other}
  0x0000026797b8dc5c: 0f1f 8400 | cc69 0084 | bade ffff | ff48 ff74 | 2450 488f | 4424 2048 | ff74 2440 | 488f 4424 
  0x0000026797b8dc7c: 284c 896c | 2440 8974 | 2448 4c89 | 5c24 604c | 8954 2468 | 4c89 4c24 | 704c 894c | 2478 4889 
  0x0000026797b8dc9c: 8424 8800 | 0000 6690 

  0x0000026797b8dca4: ;   {runtime_call UncommonTrapBlob}
  0x0000026797b8dca4: c5f8 77e8 

  0x0000026797b8dca8: ; ImmutableOopMap {rbp=NarrowOop [32]=Oop [40]=Oop [64]=Oop [72]=NarrowOop [96]=Oop [104]=Oop [112]=Oop [120]=Oop [136]=Oop [144]=NarrowOop [148]=NarrowOop }
                      ;*invokeinterface get {reexecute=0 rethrow=0 return_oop=0}
                      ; - java.util.jar.Manifest::getAttributes@5 (line 160)
                      ; - java.util.jar.Manifest::getTrustedAttributes@2 (line 177)
                      ; - java.util.jar.JavaUtilJarAccessImpl::getTrustedAttributes@2 (line 38)
                      ; - java.net.URLClassLoader::isSealed@18 (line 601)
                      ; - java.net.URLClassLoader::getAndVerifyPackage@68 (line 469)
                      ; - java.net.URLClassLoader::defineClass@46 (line 492)
                      ; - java.net.URLClassLoader$1::run@43 (line 427)
                      ; - java.net.URLClassLoader$1::run@1 (line 421)
  0x0000026797b8dca8: 545d 84ff 

  0x0000026797b8dcac: ;   {other}
  0x0000026797b8dcac: 0f1f 8400 | 1c6a 0085 | bade ffff | ff48 ff74 | 2450 488f | 4424 2048 | ff74 2440 | 488f 4424 
  0x0000026797b8dccc: 284c 896c | 2440 8974 | 2448 4c89 | 4c24 584c | 895c 2460 | 4c89 5424 | 6866 6690 

  0x0000026797b8dce8: ;   {runtime_call UncommonTrapBlob}
  0x0000026797b8dce8: c5f8 77e8 

  0x0000026797b8dcec: ; ImmutableOopMap {rbp=NarrowOop [32]=Oop [40]=Oop [64]=Oop [72]=NarrowOop [88]=Oop [96]=Oop [104]=Oop [144]=NarrowOop [148]=NarrowOop }
                      ;*invokeinterface get {reexecute=0 rethrow=0 return_oop=0}
                      ; - java.util.jar.Attributes::get@5 (line 106)
                      ; - java.util.jar.Attributes::getValue@2 (line 142)
                      ; - java.net.URLClassLoader::isSealed@58 (line 608)
                      ; - java.net.URLClassLoader::getAndVerifyPackage@68 (line 469)
                      ; - java.net.URLClassLoader::defineClass@46 (line 492)
                      ; - java.net.URLClassLoader$1::run@43 (line 427)
                      ; - java.net.URLClassLoader$1::run@1 (line 421)
  0x0000026797b8dcec: 105d 84ff 

  0x0000026797b8dcf0: ;   {other}
  0x0000026797b8dcf0: 0f1f 8400 | 606a 0086 | bacc ffff | ff48 8b6c | 2450 4c8b | 5424 404c | 8954 2428 | 4889 4424 
  0x0000026797b8dd10: f88b 8424 | 9000 0000 | 8944 2438 | 488b 4424 | f848 8944 | 24f8 8b84 | 2494 0000 | 0089 4424 
  0x0000026797b8dd30: 3c48 8b44 | 24f8 4c8b | 5424 584c | 8954 2440 | 4c8b 5424 | 604c 8954 | 2458 4c8b | 9424 9800 
  0x0000026797b8dd50: 0000 4c89 | 5424 784c | 8984 2490 | 0000 0090 

  0x0000026797b8dd60: ;   {runtime_call UncommonTrapBlob}
  0x0000026797b8dd60: c5f8 77e8 

  0x0000026797b8dd64: ; ImmutableOopMap {rbp=Oop [32]=NarrowOop [36]=NarrowOop [40]=Oop [56]=NarrowOop [60]=NarrowOop [64]=Oop [72]=Oop [88]=Oop [104]=Oop [120]=Oop [144]=Oop [176]=Oop }
                      ;*invokestatic arraycopy {reexecute=0 rethrow=0 return_oop=0}
                      ; - java.lang.String::getBytes@22 (line 4726)
                      ; - java.lang.StringConcatHelper::prepend@21 (line 324)
                      ; - java.lang.StringConcatHelper::simpleConcat@71 (line 438)
                      ; - java.lang.String::concat@11 (line 2899)
                      ; - java.net.URLClassLoader::isSealed@15 (line 601)
                      ; - java.net.URLClassLoader::getAndVerifyPackage@68 (line 469)
                      ; - java.net.URLClassLoader::defineClass@46 (line 492)
                      ; - java.net.URLClassLoader$1::run@43 (line 427)
                      ; - java.net.URLClassLoader$1::run@1 (line 421)
  0x0000026797b8dd64: 985c 84ff 

  0x0000026797b8dd68: ;   {other}
  0x0000026797b8dd68: 0f1f 8400 | d86a 0087 | bacc ffff | ff48 8bac | 2480 0000 | 004c 8b54 | 2450 4c89 | 5424 284c 
  0x0000026797b8dd88: 8b54 2440 | 4c89 5424 | 3848 8944 | 24f8 8b84 | 2490 0000 | 0089 4424 | 4048 8b44 | 24f8 4889 
  0x0000026797b8dda8: 4424 f88b | 8424 9400 | 0000 8944 | 2444 488b | 4424 f84c | 8b54 2458 | 4c89 5424 | 504c 8b94 
  0x0000026797b8ddc8: 24b0 0000 | 004c 8994 | 2490 0000 | 0066 6690 

  0x0000026797b8ddd8: ;   {runtime_call UncommonTrapBlob}
  0x0000026797b8ddd8: c5f8 77e8 

  0x0000026797b8dddc: ; ImmutableOopMap {rbp=Oop [32]=NarrowOop [36]=NarrowOop [40]=Oop [56]=Oop [64]=NarrowOop [68]=NarrowOop [72]=Oop [80]=Oop [96]=Oop [104]=Oop [144]=Oop [176]=Oop }
                      ;*invokestatic arraycopy {reexecute=0 rethrow=0 return_oop=0}
                      ; - java.lang.String::getBytes@22 (line 4726)
                      ; - java.lang.StringConcatHelper::prepend@21 (line 324)
                      ; - java.lang.StringConcatHelper::simpleConcat@81 (line 439)
                      ; - java.lang.String::concat@11 (line 2899)
                      ; - java.net.URLClassLoader::isSealed@15 (line 601)
                      ; - java.net.URLClassLoader::getAndVerifyPackage@68 (line 469)
                      ; - java.net.URLClassLoader::defineClass@46 (line 492)
                      ; - java.net.URLClassLoader$1::run@43 (line 427)
                      ; - java.net.URLClassLoader$1::run@1 (line 421)
  0x0000026797b8dddc: 205c 84ff 

  0x0000026797b8dde0: ;   {other}
  0x0000026797b8dde0: 0f1f 8400 | 506b 0088 | 41b8 0100 | 0000 e9f2 | b9ff ff49 | 63cb e9d3 | aeff ff48 | 83c1 fe48 
  0x0000026797b8de00: 8bfa 4833 | c048 83f9 | 087f 1048 | ffc9 784f | 4889 04cf | 48ff c97d | f7eb 44c5 | fdef c0e9 
  0x0000026797b8de20: 0d00 0000 | c5fe 7f07 | c5fe 7f47 | 2048 83c7 | 4048 83e9 | 087d ed48 | 83c1 047c | 0cc5 fe7f 
  0x0000026797b8de40: 0748 83c7 | 2048 83e9 | 0448 83c1 | 047e 1048 | ffc9 c5f9 | d607 4883 | c708 48ff | c97d f3e9 
  0x0000026797b8de60: 2faf ffff | bacc ffff | ff48 8b6c | 2450 48ff | 7424 4048 | 8f44 2420 | 8974 2440 | 4889 5c24 
  0x0000026797b8de80: 5044 894c | 2444 4489 | 5c24 5c90 

  0x0000026797b8de8c: ;   {runtime_call UncommonTrapBlob}
  0x0000026797b8de8c: c5f8 77e8 

  0x0000026797b8de90: ; ImmutableOopMap {rbp=Oop [32]=Oop [64]=NarrowOop [68]=NarrowOop [80]=Oop [144]=NarrowOop [148]=NarrowOop }
                      ;*newarray {reexecute=1 rethrow=0 return_oop=0}
                      ; - (reexecute) java.util.Arrays::copyOfRangeByte@10 (line 3863)
                      ; - java.util.Arrays::copyOfRange@13 (line 3854)
                      ; - java.lang.StringLatin1::newString@16 (line 752)
                      ; - java.lang.String::substring@41 (line 2839)
                      ; - java.net.URLClassLoader::defineClass@28 (line 489)
                      ; - java.net.URLClassLoader$1::run@43 (line 427)
                      ; - java.net.URLClassLoader$1::run@1 (line 421)
  0x0000026797b8de90: 6c5b 84ff 

  0x0000026797b8de94: ;   {other}
  0x0000026797b8de94: 0f1f 8400 | 046c 0089 | 33ed 85c9 | 400f 94c5 | ba45 ffff | ff48 8944 | 24f8 8b84 | 2494 0000 
  0x0000026797b8deb4: 0089 4424 | 3c48 8b44 | 24f8 4489 | 5c24 4c90 

  0x0000026797b8dec4: ;   {runtime_call UncommonTrapBlob}
  0x0000026797b8dec4: c5f8 77e8 

  0x0000026797b8dec8: ; ImmutableOopMap {[60]=NarrowOop [64]=Oop [80]=Oop [144]=NarrowOop }
                      ;*ifeq {reexecute=1 rethrow=0 return_oop=0}
                      ; - (reexecute) java.lang.String::lastIndexOf@4 (line 2573)
                      ; - java.lang.String::lastIndexOf@8 (line 2535)
                      ; - java.net.URLClassLoader::defineClass@7 (line 486)
                      ; - java.net.URLClassLoader$1::run@43 (line 427)
                      ; - java.net.URLClassLoader$1::run@1 (line 421)
  0x0000026797b8dec8: 345b 84ff 

  0x0000026797b8decc: ;   {other}
  0x0000026797b8decc: 0f1f 8400 | 3c6c 008a | ba45 ffff | ff48 8b6c | 2450 48ff | 7424 4048 | 8f44 2420 | 8974 2440 
  0x0000026797b8deec: 894c 2444 | 4489 5c24 | 5044 8944 | 2454 4489 | 5c24 5890 

  0x0000026797b8df00: ;   {runtime_call UncommonTrapBlob}
  0x0000026797b8df00: c5f8 77e8 

  0x0000026797b8df04: ; ImmutableOopMap {rbp=Oop [32]=Oop [64]=NarrowOop [68]=NarrowOop [144]=NarrowOop [148]=NarrowOop }
                      ;*if_icmpgt {reexecute=1 rethrow=0 return_oop=0}
                      ; - (reexecute) jdk.internal.util.Preconditions::checkFromToIndex@6 (line 348)
                      ; - java.lang.String::checkBoundsBeginEnd@6 (line 4865)
                      ; - java.lang.String::substring@8 (line 2834)
                      ; - java.net.URLClassLoader::defineClass@28 (line 489)
                      ; - java.net.URLClassLoader$1::run@43 (line 427)
                      ; - java.net.URLClassLoader$1::run@1 (line 421)
  0x0000026797b8df04: f85a 84ff 

  0x0000026797b8df08: ;   {other}
  0x0000026797b8df08: 0f1f 8400 | 786c 008b | ba45 ffff | ff4c 8b54 | 2450 4c89 | 5424 284c | 895c 2440 | 4c89 4c24 
  0x0000026797b8df28: 5066 6690 

  0x0000026797b8df2c: ;   {runtime_call UncommonTrapBlob}
  0x0000026797b8df2c: c5f8 77e8 

  0x0000026797b8df30: ; ImmutableOopMap {rbp=NarrowOop [32]=Oop [40]=Oop [56]=NarrowOop [64]=Oop [80]=Oop [144]=NarrowOop [148]=NarrowOop }
                      ;*ifnonnull {reexecute=1 rethrow=0 return_oop=0}
                      ; - (reexecute) java.util.jar.JarFile$JarFileEntry::getCodeSigners@24 (line 674)
                      ; - jdk.internal.loader.URLClassPath$JarLoader$2::getCodeSigners@4 (line 858)
                      ; - java.net.URLClassLoader::defineClass@185 (line 521)
                      ; - java.net.URLClassLoader$1::run@43 (line 427)
                      ; - java.net.URLClassLoader$1::run@1 (line 421)
  0x0000026797b8df30: cc5a 84ff 

  0x0000026797b8df34: ;   {other}
  0x0000026797b8df34: 0f1f 8400 | a46c 008c | ba45 ffff | ff48 8b6c | 2450 48ff | 7424 4048 | 8f44 2420 | 4c89 6c24 
  0x0000026797b8df54: 384c 895c | 2458 4c89 | 4c24 6089 | 7424 684c | 895c 2470 | 4489 4424 | 7866 6690 

  0x0000026797b8df70: ;   {runtime_call UncommonTrapBlob}
  0x0000026797b8df70: c5f8 77e8 

  0x0000026797b8df74: ; ImmutableOopMap {rbp=Oop [32]=Oop [56]=Oop [88]=Oop [96]=Oop [104]=NarrowOop [112]=Oop [144]=NarrowOop [148]=NarrowOop }
                      ;*ifle {reexecute=1 rethrow=0 return_oop=0}
                      ; - (reexecute) java.util.concurrent.ConcurrentHashMap::get@23 (line 937)
                      ; - java.lang.ClassLoader::getDefinedPackage@13 (line 2263)
                      ; - java.net.URLClassLoader::getAndVerifyPackage@2 (line 457)
                      ; - java.net.URLClassLoader::defineClass@46 (line 492)
                      ; - java.net.URLClassLoader$1::run@43 (line 427)
                      ; - java.net.URLClassLoader$1::run@1 (line 421)
  0x0000026797b8df74: 885a 84ff 

  0x0000026797b8df78: ;   {other}
  0x0000026797b8df78: 0f1f 8400 | e86c 008d | ba45 ffff | ff48 8b6c | 2450 4c89 | 5c24 2848 | 8944 2448 | 4489 5424 
  0x0000026797b8df98: 5466 6690 

  0x0000026797b8df9c: ;   {runtime_call UncommonTrapBlob}
  0x0000026797b8df9c: c5f8 77e8 

  0x0000026797b8dfa0: ; ImmutableOopMap {rbp=Oop [32]=Oop [40]=Oop [72]=Oop [84]=NarrowOop [144]=NarrowOop [148]=NarrowOop }
                      ;*ifnull {reexecute=1 rethrow=0 return_oop=0}
                      ; - (reexecute) java.security.CodeSource::<init>@25 (line 122)
                      ; - java.net.URLClassLoader::defineClass@198 (line 522)
                      ; - java.net.URLClassLoader$1::run@43 (line 427)
                      ; - java.net.URLClassLoader$1::run@1 (line 421)
  0x0000026797b8dfa0: 5c5a 84ff 

  0x0000026797b8dfa4: ;   {other}
  0x0000026797b8dfa4: 0f1f 8400 | 146d 008e | ba45 ffff | ff48 8b6c | 2450 48ff | 7424 4048 | 8f44 2420 | 8974 2440 
  0x0000026797b8dfc4: 894c 2444 | 4489 5c24 | 5044 8944 | 2454 4489 | 5c24 5844 | 8944 245c 

  0x0000026797b8dfdc: ;   {runtime_call UncommonTrapBlob}
  0x0000026797b8dfdc: c5f8 77e8 

  0x0000026797b8dfe0: ; ImmutableOopMap {rbp=Oop [32]=Oop [64]=NarrowOop [68]=NarrowOop [144]=NarrowOop [148]=NarrowOop }
                      ;*if_icmple {reexecute=1 rethrow=0 return_oop=0}
                      ; - (reexecute) jdk.internal.util.Preconditions::checkFromToIndex@11 (line 348)
                      ; - java.lang.String::checkBoundsBeginEnd@6 (line 4865)
                      ; - java.lang.String::substring@8 (line 2834)
                      ; - java.net.URLClassLoader::defineClass@28 (line 489)
                      ; - java.net.URLClassLoader$1::run@43 (line 427)
                      ; - java.net.URLClassLoader$1::run@1 (line 421)
  0x0000026797b8dfe0: 1c5a 84ff 

  0x0000026797b8dfe4: ;   {other}
  0x0000026797b8dfe4: 0f1f 8400 | 546d 008f | ba45 ffff | ff4c 8b54 | 2450 4c89 | 5424 2890 

  0x0000026797b8dffc: ;   {runtime_call UncommonTrapBlob}
  0x0000026797b8dffc: c5f8 77e8 

  0x0000026797b8e000: ; ImmutableOopMap {[32]=Oop [40]=Oop [56]=NarrowOop [64]=Oop [72]=Oop [136]=Oop [144]=NarrowOop [148]=NarrowOop }
                      ;*ifeq {reexecute=1 rethrow=0 return_oop=0}
                      ; - (reexecute) java.lang.Thread::getAndClearInterrupt@6 (line 1783)
                      ; - java.lang.Thread::interrupted@3 (line 1746)
                      ; - jdk.internal.loader.Resource::getBytes@5 (line 96)
                      ; - jdk.internal.loader.URLClassPath$JarLoader$2::getBytes@1 (line 862)
                      ; - java.net.URLClassLoader::defineClass@179 (line 519)
                      ; - java.net.URLClassLoader$1::run@43 (line 427)
                      ; - java.net.URLClassLoader$1::run@1 (line 421)
  0x0000026797b8e000: fc59 84ff 

  0x0000026797b8e004: ;   {other}
  0x0000026797b8e004: 0f1f 8400 | 746d 0090 | ba45 ffff | ff48 8b6c | 2450 4c8b | 5424 404c | 8954 2420 | 4889 7c24 
  0x0000026797b8e024: 504c 895c | 2458 4489 | 4c24 3c90 

  0x0000026797b8e030: ;   {runtime_call UncommonTrapBlob}
  0x0000026797b8e030: c5f8 77e8 

  0x0000026797b8e034: ; ImmutableOopMap {rbp=Oop [32]=Oop [56]=NarrowOop [72]=Oop [80]=Oop [88]=Oop [144]=NarrowOop [148]=NarrowOop }
                      ;*if_icmpne {reexecute=1 rethrow=0 return_oop=0}
                      ; - (reexecute) jdk.internal.loader.Resource::getBytes@36 (line 110)
                      ; - jdk.internal.loader.URLClassPath$JarLoader$2::getBytes@1 (line 862)
                      ; - java.net.URLClassLoader::defineClass@179 (line 519)
                      ; - java.net.URLClassLoader$1::run@43 (line 427)
                      ; - java.net.URLClassLoader$1::run@1 (line 421)
  0x0000026797b8e034: c859 84ff 

  0x0000026797b8e038: ;   {other}
  0x0000026797b8e038: 0f1f 8400 | a86d 0091 | ba45 ffff | ff48 8b6c | 2450 4c8b | 5424 404c | 8954 2420 | 4889 7c24 
  0x0000026797b8e058: 484c 895c | 2458 4489 | 4424 6090 

  0x0000026797b8e064: ;   {runtime_call UncommonTrapBlob}
  0x0000026797b8e064: c5f8 77e8 

  0x0000026797b8e068: ; ImmutableOopMap {rbp=Oop [32]=Oop [56]=NarrowOop [72]=Oop [88]=Oop [144]=NarrowOop [148]=NarrowOop }
                      ;*ifgt {reexecute=1 rethrow=0 return_oop=0}
                      ; - (reexecute) java.util.zip.CRC32::updateBytesCheck@1 (line 147)
                      ; - java.util.zip.CRC32::updateBytes@3 (line 139)
                      ; - java.util.zip.CRC32::update@31 (line 79)
                      ; - java.util.zip.Checksum::update@5 (line 58)
                      ; - jdk.internal.loader.URLClassPath$JarLoader$2::getBytes@15 (line 864)
                      ; - java.net.URLClassLoader::defineClass@179 (line 519)
                      ; - java.net.URLClassLoader$1::run@43 (line 427)
                      ; - java.net.URLClassLoader$1::run@1 (line 421)
  0x0000026797b8e068: 9459 84ff 

  0x0000026797b8e06c: ;   {other}
  0x0000026797b8e06c: 0f1f 8400 | dc6d 0092 | 4d3b dabd | ffff ffff | 7c08 400f | 95c5 400f | b6ed ba45 | ffff ff4c 
  0x0000026797b8e08c: 8b54 2450 | 4c89 5424 | 2848 897c | 2458 6690 

  0x0000026797b8e09c: ;   {runtime_call UncommonTrapBlob}
  0x0000026797b8e09c: c5f8 77e8 

  0x0000026797b8e0a0: ; ImmutableOopMap {[32]=Oop [40]=Oop [56]=NarrowOop [64]=Oop [88]=Oop [144]=NarrowOop [148]=NarrowOop }
                      ;*ifeq {reexecute=1 rethrow=0 return_oop=0}
                      ; - (reexecute) jdk.internal.loader.URLClassPath$JarLoader$2::getBytes@30 (line 865)
                      ; - java.net.URLClassLoader::defineClass@179 (line 519)
                      ; - java.net.URLClassLoader$1::run@43 (line 427)
                      ; - java.net.URLClassLoader$1::run@1 (line 421)
  0x0000026797b8e0a0: 5c59 84ff 

  0x0000026797b8e0a4: ;   {other}
  0x0000026797b8e0a4: 0f1f 8400 | 146e 0093 | 41ba 0100 | 0000 488b | 7c24 204c | 8b5c 2448 | ba45 ffff | ff48 8b6c 
  0x0000026797b8e0c4: 2450 4c8b | 4424 404c | 8944 2420 | 4889 7c24 | 484c 895c | 2450 4489 | 5424 3c90 

  0x0000026797b8e0e0: ;   {runtime_call UncommonTrapBlob}
  0x0000026797b8e0e0: c5f8 77e8 

  0x0000026797b8e0e4: ; ImmutableOopMap {rbp=Oop [32]=Oop [56]=NarrowOop [72]=Oop [80]=Oop [144]=NarrowOop [148]=NarrowOop }
                      ;*ifeq {reexecute=1 rethrow=0 return_oop=0}
                      ; - (reexecute) jdk.internal.loader.Resource::getBytes@199 (line 150)
                      ; - jdk.internal.loader.URLClassPath$JarLoader$2::getBytes@1 (line 862)
                      ; - java.net.URLClassLoader::defineClass@179 (line 519)
                      ; - java.net.URLClassLoader$1::run@43 (line 427)
                      ; - java.net.URLClassLoader$1::run@1 (line 421)
  0x0000026797b8e0e4: 1859 84ff 

  0x0000026797b8e0e8: ;   {other}
  0x0000026797b8e0e8: 0f1f 8400 | 586e 0094 | ba45 ffff | ff4c 8b54 | 2450 4c89 | 5424 284c | 895c 2440 | 4c89 4c24 
  0x0000026797b8e108: 5066 6690 

  0x0000026797b8e10c: ;   {runtime_call UncommonTrapBlob}
  0x0000026797b8e10c: c5f8 77e8 

  0x0000026797b8e110: ; ImmutableOopMap {rbp=NarrowOop [32]=Oop [40]=Oop [56]=NarrowOop [64]=Oop [80]=Oop [144]=NarrowOop [148]=NarrowOop }
                      ;*ifnull {reexecute=1 rethrow=0 return_oop=0}
                      ; - (reexecute) java.util.jar.JarFile$JarFileEntry::getCodeSigners@34 (line 674)
                      ; - jdk.internal.loader.URLClassPath$JarLoader$2::getCodeSigners@4 (line 858)
                      ; - java.net.URLClassLoader::defineClass@185 (line 521)
                      ; - java.net.URLClassLoader$1::run@43 (line 427)
                      ; - java.net.URLClassLoader$1::run@1 (line 421)
  0x0000026797b8e110: ec58 84ff 

  0x0000026797b8e114: ;   {other}
  0x0000026797b8e114: 0f1f 8400 | 846e 0095 | ba76 ffff | ff8b 6c24 | 7444 8b9c | 249c 0000 | 0044 895c | 2424 4889 
  0x0000026797b8e134: 4424 f88b | 8424 9000 | 0000 8944 | 2470 488b | 4424 f848 | 8944 24f8 | 8b84 2494 | 0000 0089 
  0x0000026797b8e154: 4424 7448 | 8b44 24f8 

  0x0000026797b8e15c: ;   {runtime_call UncommonTrapBlob}
  0x0000026797b8e15c: c5f8 77e8 

  0x0000026797b8e160: ; ImmutableOopMap {rbp=NarrowOop [56]=NarrowOop [60]=NarrowOop [64]=Oop [72]=Oop [80]=Oop [88]=Oop [96]=Oop [104]=Oop [112]=NarrowOop [116]=NarrowOop [160]=Oop }
                      ;*if_icmpge {reexecute=1 rethrow=0 return_oop=0}
                      ; - (reexecute) java.lang.StringLatin1::replace@82 (line 308)
                      ; - java.lang.String::replace@18 (line 2933)
                      ; - java.net.URLClassLoader::isSealed@9 (line 601)
                      ; - java.net.URLClassLoader::getAndVerifyPackage@68 (line 469)
                      ; - java.net.URLClassLoader::defineClass@46 (line 492)
                      ; - java.net.URLClassLoader$1::run@43 (line 427)
                      ; - java.net.URLClassLoader$1::run@1 (line 421)
  0x0000026797b8e160: 9c58 84ff 

  0x0000026797b8e164: ;   {other}
  0x0000026797b8e164: 0f1f 8400 | d46e 0096 | 498b d349 | 8bda 4d8b | d04c 63c5 | 4d8d 5810 | 4d8b cb49 | 83e1 f848 
  0x0000026797b8e184: 8bfb 4903 | f949 c1eb | 034d 2bd3 | 498b ca48 | 33c0 4883 | f908 7f10 | 48ff c978 | 4f48 8904 
  0x0000026797b8e1a4: cf48 ffc9 | 7df7 eb44 | c5fd efc0 | e90d 0000 | 00c5 fe7f | 07c5 fe7f | 4720 4883 | c740 4883 
  0x0000026797b8e1c4: e908 7ded | 4883 c104 | 7c0c c5fe | 7f07 4883 | c720 4883 | e904 4883 | c104 7e10 | 48ff c9c5 
  0x0000026797b8e1e4: f9d6 0748 | 83c7 0848 | ffc9 7df3 | 488b 4c24 | 78c5 f877 | 49ba c06d | 3b97 6702 | 0000 41ff 
  0x0000026797b8e204: ;   {other}
  0x0000026797b8e204: d20f 1f84 | 0000 0000 | 004c 8bd3 | e9a6 e3ff | ff33 ed85 | c940 0f95 | c5ba 45ff | ffff 48ff 
  0x0000026797b8e224: 7424 5048 | 8f44 2420 | 48ff 7424 | 4048 8f44 | 2428 4c89 | 6c24 404c | 895c 2460 | 4c89 4c24 
  0x0000026797b8e244: 6889 7424 | 704c 8954 | 2478 6690 

  0x0000026797b8e250: ;   {runtime_call UncommonTrapBlob}
  0x0000026797b8e250: c5f8 77e8 

  0x0000026797b8e254: ; ImmutableOopMap {[32]=Oop [40]=Oop [64]=Oop [96]=Oop [104]=Oop [112]=NarrowOop [120]=Oop [144]=NarrowOop [148]=NarrowOop }
                      ;*ifne {reexecute=1 rethrow=0 return_oop=0}
                      ; - (reexecute) java.lang.Package::isSealed@7 (line 235)
                      ; - java.net.URLClassLoader::getAndVerifyPackage@14 (line 460)
                      ; - java.net.URLClassLoader::defineClass@46 (line 492)
                      ; - java.net.URLClassLoader$1::run@43 (line 427)
                      ; - java.net.URLClassLoader$1::run@1 (line 421)
  0x0000026797b8e254: a857 84ff 

  0x0000026797b8e258: ;   {other}
  0x0000026797b8e258: 0f1f 8400 | c86f 0097 | 33ed 85ff | 400f 94c5 | ba45 ffff | ff48 ff74 | 2450 488f | 4424 2048 
  0x0000026797b8e278: ff74 2440 | 488f 4424 | 284c 896c | 2440 8974 | 2448 4c89 | 5c24 604c | 8954 2468 | 4c89 4c24 
  0x0000026797b8e298: 7044 8944 | 244c 4c89 | 4c24 784c | 899c 2480 | 0000 0090 

  0x0000026797b8e2ac: ;   {runtime_call UncommonTrapBlob}
  0x0000026797b8e2ac: c5f8 77e8 

  0x0000026797b8e2b0: ; ImmutableOopMap {[32]=Oop [40]=Oop [64]=Oop [72]=NarrowOop [76]=NarrowOop [96]=Oop [104]=Oop [112]=Oop [120]=Oop [128]=Oop [144]=NarrowOop [148]=NarrowOop }
                      ;*ifeq {reexecute=1 rethrow=0 return_oop=0}
                      ; - (reexecute) java.lang.String::replace@9 (line 2933)
                      ; - java.net.URLClassLoader::isSealed@9 (line 601)
                      ; - java.net.URLClassLoader::getAndVerifyPackage@68 (line 469)
                      ; - java.net.URLClassLoader::defineClass@46 (line 492)
                      ; - java.net.URLClassLoader$1::run@43 (line 427)
                      ; - java.net.URLClassLoader$1::run@1 (line 421)
  0x0000026797b8e2b0: 4c57 84ff 

  0x0000026797b8e2b4: ;   {other}
  0x0000026797b8e2b4: 0f1f 8400 | 2470 0098 | ba45 ffff | ff48 8b6c | 2450 4c8b | 5424 404c | 8954 2428 | 4c89 6c24 
  0x0000026797b8e2d4: 4066 6690 

  0x0000026797b8e2d8: ;   {runtime_call UncommonTrapBlob}
  0x0000026797b8e2d8: c5f8 77e8 

  0x0000026797b8e2dc: ; ImmutableOopMap {rbp=Oop [32]=NarrowOop [36]=NarrowOop [40]=Oop [64]=Oop [72]=Oop [96]=Oop [104]=Oop [144]=NarrowOop [148]=NarrowOop [152]=Oop }
                      ;*iflt {reexecute=1 rethrow=0 return_oop=0}
                      ; - (reexecute) java.lang.StringConcatHelper::checkOverflow@2 (line 65)
                      ; - java.lang.StringConcatHelper::mix@23 (line 127)
                      ; - java.lang.StringConcatHelper::simpleConcat@46 (line 433)
                      ; - java.lang.String::concat@11 (line 2899)
                      ; - java.net.URLClassLoader::isSealed@15 (line 601)
                      ; - java.net.URLClassLoader::getAndVerifyPackage@68 (line 469)
                      ; - java.net.URLClassLoader::defineClass@46 (line 492)
                      ; - java.net.URLClassLoader$1::run@43 (line 427)
                      ; - java.net.URLClassLoader$1::run@1 (line 421)
  0x0000026797b8e2dc: 2057 84ff 

  0x0000026797b8e2e0: ;   {other}
  0x0000026797b8e2e0: 0f1f 8400 | 5070 0099 | ba45 ffff | ff4c 8b54 | 2450 4c89 | 5424 284c | 8b54 2440 | 4c89 5424 
  0x0000026797b8e300: 384c 896c | 2450 6690 

  0x0000026797b8e308: ;   {runtime_call UncommonTrapBlob}
  0x0000026797b8e308: c5f8 77e8 

  0x0000026797b8e30c: ; ImmutableOopMap {[32]=NarrowOop [36]=NarrowOop [40]=Oop [56]=Oop [72]=Oop [80]=Oop [96]=Oop [104]=Oop [144]=NarrowOop [148]=NarrowOop [152]=Oop }
                      ;*iflt {reexecute=1 rethrow=0 return_oop=0}
                      ; - (reexecute) java.lang.StringConcatHelper::checkOverflow@2 (line 65)
                      ; - java.lang.StringConcatHelper::mix@23 (line 127)
                      ; - java.lang.StringConcatHelper::simpleConcat@54 (line 434)
                      ; - java.lang.String::concat@11 (line 2899)
                      ; - java.net.URLClassLoader::isSealed@15 (line 601)
                      ; - java.net.URLClassLoader::getAndVerifyPackage@68 (line 469)
                      ; - java.net.URLClassLoader::defineClass@46 (line 492)
                      ; - java.net.URLClassLoader$1::run@43 (line 427)
                      ; - java.net.URLClassLoader$1::run@1 (line 421)
  0x0000026797b8e30c: f056 84ff 

  0x0000026797b8e310: ;   {other}
  0x0000026797b8e310: 0f1f 8400 | 8070 009a | ba45 ffff | ff48 8b6c | 2450 4c8b | 5424 404c | 8954 2428 | 4889 4424 
  0x0000026797b8e330: f88b 8424 | 9000 0000 | 8944 2438 | 488b 4424 | f84c 8b54 | 2458 4c89 | 5424 404c | 8b54 2460 
  0x0000026797b8e350: 4c89 5424 | 584c 8b94 | 24b0 0000 | 004c 8954 | 2478 6690 

  0x0000026797b8e364: ;   {runtime_call UncommonTrapBlob}
  0x0000026797b8e364: c5f8 77e8 

  0x0000026797b8e368: ; ImmutableOopMap {rbp=Oop [32]=NarrowOop [36]=NarrowOop [40]=Oop [56]=NarrowOop [64]=Oop [72]=Oop [88]=Oop [104]=Oop [120]=Oop [148]=NarrowOop [152]=Oop }
                      ;*if_icmpne {reexecute=1 rethrow=0 return_oop=0}
                      ; - (reexecute) java.lang.String::getBytes@5 (line 4725)
                      ; - java.lang.StringConcatHelper::prepend@21 (line 324)
                      ; - java.lang.StringConcatHelper::simpleConcat@81 (line 439)
                      ; - java.lang.String::concat@11 (line 2899)
                      ; - java.net.URLClassLoader::isSealed@15 (line 601)
                      ; - java.net.URLClassLoader::getAndVerifyPackage@68 (line 469)
                      ; - java.net.URLClassLoader::defineClass@46 (line 492)
                      ; - java.net.URLClassLoader$1::run@43 (line 427)
                      ; - java.net.URLClassLoader$1::run@1 (line 421)
  0x0000026797b8e368: 9456 84ff 

  0x0000026797b8e36c: ;   {other}
  0x0000026797b8e36c: 0f1f 8400 | dc70 009b | 418b f244 | 8bd5 448b | c2eb 0644 | 8bd5 448b | c2ba 45ff | ffff 488b 
  0x0000026797b8e38c: 6c24 5048 | ff74 2440 | 488f 4424 | 204c 896c | 2438 4c89 | 5c24 584c | 894c 2460 | 8974 2468 
  0x0000026797b8e3ac: 4c89 5c24 | 7044 8984 | 2480 0000 | 0044 8994 | 2484 0000 | 0066 6690 

  0x0000026797b8e3c4: ;   {runtime_call UncommonTrapBlob}
  0x0000026797b8e3c4: c5f8 77e8 

  0x0000026797b8e3c8: ; ImmutableOopMap {rbp=Oop [32]=Oop [56]=Oop [88]=Oop [96]=Oop [104]=NarrowOop [112]=Oop [128]=NarrowOop [144]=NarrowOop [148]=NarrowOop }
                      ;*ifeq {reexecute=1 rethrow=0 return_oop=0}
                      ; - (reexecute) java.util.concurrent.ConcurrentHashMap::get@76 (line 940)
                      ; - java.lang.ClassLoader::getDefinedPackage@13 (line 2263)
                      ; - java.net.URLClassLoader::getAndVerifyPackage@2 (line 457)
                      ; - java.net.URLClassLoader::defineClass@46 (line 492)
                      ; - java.net.URLClassLoader$1::run@43 (line 427)
                      ; - java.net.URLClassLoader$1::run@1 (line 421)
  0x0000026797b8e3c8: 3456 84ff 

  0x0000026797b8e3cc: ;   {other}
  0x0000026797b8e3cc: 0f1f 8400 | 3c71 009c | ba45 ffff | ff48 8b6c | 2450 48ff | 7424 4048 | 8f44 2420 | 4c89 6c24 
  0x0000026797b8e3ec: 384c 895c | 2458 4c89 | 4c24 6089 | 7424 684c | 895c 2470 | 4489 5424 | 7889 7c24 | 7c66 6690 
  0x0000026797b8e40c: ;   {runtime_call UncommonTrapBlob}
  0x0000026797b8e40c: c5f8 77e8 

  0x0000026797b8e410: ; ImmutableOopMap {rbp=Oop [32]=Oop [56]=Oop [88]=Oop [96]=Oop [104]=NarrowOop [112]=Oop [120]=NarrowOop [144]=NarrowOop [148]=NarrowOop }
                      ;*ifle {reexecute=1 rethrow=0 return_oop=0}
                      ; - (reexecute) java.util.concurrent.ConcurrentHashMap::get@23 (line 937)
                      ; - java.lang.ClassLoader::definePackage@47 (line 2125)
                      ; - java.lang.ClassLoader::getDefinedPackage@32 (line 2267)
                      ; - java.net.URLClassLoader::getAndVerifyPackage@2 (line 457)
                      ; - java.net.URLClassLoader::defineClass@46 (line 492)
                      ; - java.net.URLClassLoader$1::run@43 (line 427)
                      ; - java.net.URLClassLoader$1::run@1 (line 421)
  0x0000026797b8e410: ec55 84ff 

  0x0000026797b8e414: ;   {other}
  0x0000026797b8e414: 0f1f 8400 | 8471 009d | ba45 ffff | ff48 ff74 | 2450 488f | 4424 2048 | ff74 2440 | 488f 4424 
  0x0000026797b8e434: 284c 896c | 2440 4c89 | 5c24 604c | 894c 2468 | 8974 2470 | 4c89 5424 | 7866 6690 

  0x0000026797b8e450: ;   {runtime_call UncommonTrapBlob}
  0x0000026797b8e450: c5f8 77e8 

  0x0000026797b8e454: ; ImmutableOopMap {rbp=NarrowOop [32]=Oop [40]=Oop [64]=Oop [96]=Oop [104]=Oop [112]=NarrowOop [120]=Oop [144]=NarrowOop [148]=NarrowOop }
                      ;*ifnull {reexecute=1 rethrow=0 return_oop=0}
                      ; - (reexecute) java.lang.Package::isSealed@17 (line 235)
                      ; - java.net.URLClassLoader::getAndVerifyPackage@14 (line 460)
                      ; - java.net.URLClassLoader::defineClass@46 (line 492)
                      ; - java.net.URLClassLoader$1::run@43 (line 427)
                      ; - java.net.URLClassLoader$1::run@1 (line 421)
  0x0000026797b8e454: a855 84ff 

  0x0000026797b8e458: ;   {other}
  0x0000026797b8e458: 0f1f 8400 | c871 009e | ba45 ffff | ff48 8b6c | 2450 48ff | 7424 4048 | 8f44 2420 | 4c89 6c24 
  0x0000026797b8e478: 3889 7424 | 404c 895c | 2448 4c89 | 4c24 584c | 8954 2460 | 4c89 4c24 | 6866 6690 

  0x0000026797b8e494: ;   {runtime_call UncommonTrapBlob}
  0x0000026797b8e494: c5f8 77e8 

  0x0000026797b8e498: ; ImmutableOopMap {rbp=Oop [32]=Oop [56]=Oop [64]=NarrowOop [72]=Oop [88]=Oop [96]=Oop [104]=Oop [144]=NarrowOop [148]=NarrowOop }
                      ;*ifnull {reexecute=1 rethrow=0 return_oop=0}
                      ; - (reexecute) java.net.URLClassLoader::getAndVerifyPackage@62 (line 469)
                      ; - java.net.URLClassLoader::defineClass@46 (line 492)
                      ; - java.net.URLClassLoader$1::run@43 (line 427)
                      ; - java.net.URLClassLoader$1::run@1 (line 421)
  0x0000026797b8e498: 6455 84ff 

  0x0000026797b8e49c: ;   {other}
  0x0000026797b8e49c: 0f1f 8400 | 0c72 009f | ba45 ffff | ff48 8b6c | 2450 4c8b | 5424 404c | 8954 2428 | 4c89 6c24 
  0x0000026797b8e4bc: 4066 6690 

  0x0000026797b8e4c0: ;   {runtime_call UncommonTrapBlob}
  0x0000026797b8e4c0: c5f8 77e8 

  0x0000026797b8e4c4: ; ImmutableOopMap {rbp=Oop [32]=NarrowOop [36]=NarrowOop [40]=Oop [64]=Oop [72]=Oop [96]=Oop [104]=Oop [144]=NarrowOop [148]=NarrowOop [152]=Oop }
                      ;*if_icmpne {reexecute=1 rethrow=0 return_oop=0}
                      ; - (reexecute) java.lang.StringConcatHelper::mix@13 (line 124)
                      ; - java.lang.StringConcatHelper::simpleConcat@46 (line 433)
                      ; - java.lang.String::concat@11 (line 2899)
                      ; - java.net.URLClassLoader::isSealed@15 (line 601)
                      ; - java.net.URLClassLoader::getAndVerifyPackage@68 (line 469)
                      ; - java.net.URLClassLoader::defineClass@46 (line 492)
                      ; - java.net.URLClassLoader$1::run@43 (line 427)
                      ; - java.net.URLClassLoader$1::run@1 (line 421)
  0x0000026797b8e4c4: 3855 84ff 

  0x0000026797b8e4c8: ;   {other}
  0x0000026797b8e4c8: 0f1f 8400 | 3872 00a0 | ba45 ffff | ff4c 8b54 | 2450 4c89 | 5424 284c | 8b54 2440 | 4c89 5424 
  0x0000026797b8e4e8: 384c 896c | 2450 4c89 | 8c24 8800 | 0000 6690 

  0x0000026797b8e4f8: ;   {runtime_call UncommonTrapBlob}
  0x0000026797b8e4f8: c5f8 77e8 

  0x0000026797b8e4fc: ; ImmutableOopMap {[32]=NarrowOop [36]=NarrowOop [40]=Oop [56]=Oop [72]=Oop [80]=Oop [96]=Oop [104]=Oop [144]=NarrowOop [148]=NarrowOop [152]=Oop }
                      ;*ifge {reexecute=1 rethrow=0 return_oop=0}
                      ; - (reexecute) java.lang.StringConcatHelper::newArray@13 (line 508)
                      ; - java.lang.StringConcatHelper::simpleConcat@61 (line 435)
                      ; - java.lang.String::concat@11 (line 2899)
                      ; - java.net.URLClassLoader::isSealed@15 (line 601)
                      ; - java.net.URLClassLoader::getAndVerifyPackage@68 (line 469)
                      ; - java.net.URLClassLoader::defineClass@46 (line 492)
                      ; - java.net.URLClassLoader$1::run@43 (line 427)
                      ; - java.net.URLClassLoader$1::run@1 (line 421)
  0x0000026797b8e4fc: 0055 84ff 

  0x0000026797b8e500: ;   {other}
  0x0000026797b8e500: 0f1f 8400 | 7072 00a1 | ba45 ffff | ff48 8b6c | 2450 48ff | 7424 4048 | 8f44 2420 | 4c89 6c24 
  0x0000026797b8e520: 3889 7424 | 404c 895c | 2458 4c89 | 5424 604c | 894c 2468 | 4c89 4c24 | 7048 8944 | 2478 894c 
  0x0000026797b8e540: 2444 6690 

  0x0000026797b8e544: ;   {runtime_call UncommonTrapBlob}
  0x0000026797b8e544: c5f8 77e8 

  0x0000026797b8e548: ; ImmutableOopMap {rbp=Oop [32]=Oop [56]=Oop [64]=NarrowOop [88]=Oop [96]=Oop [104]=Oop [112]=Oop [120]=Oop [144]=NarrowOop [148]=NarrowOop }
                      ;*ifle {reexecute=1 rethrow=0 return_oop=0}
                      ; - (reexecute) java.util.HashMap::getNode@14 (line 575)
                      ; - java.util.HashMap::get@2 (line 564)
                      ; - java.util.jar.Manifest::getAttributes@5 (line 160)
                      ; - java.util.jar.Manifest::getTrustedAttributes@2 (line 177)
                      ; - java.util.jar.JavaUtilJarAccessImpl::getTrustedAttributes@2 (line 38)
                      ; - java.net.URLClassLoader::isSealed@18 (line 601)
                      ; - java.net.URLClassLoader::getAndVerifyPackage@68 (line 469)
                      ; - java.net.URLClassLoader::defineClass@46 (line 492)
                      ; - java.net.URLClassLoader$1::run@43 (line 427)
                      ; - java.net.URLClassLoader$1::run@1 (line 421)
  0x0000026797b8e548: b454 84ff 

  0x0000026797b8e54c: ;   {other}
  0x0000026797b8e54c: 0f1f 8400 | bc72 00a2 | ba45 ffff | ff48 ff74 | 2450 488f | 4424 2048 | ff74 2440 | 488f 4424 
  0x0000026797b8e56c: 284c 896c | 2440 8974 | 2448 4c89 | 4c24 584c | 895c 2460 | 4c89 5424 | 6848 897c | 2470 6690 
  0x0000026797b8e58c: ;   {runtime_call UncommonTrapBlob}
  0x0000026797b8e58c: c5f8 77e8 

  0x0000026797b8e590: ; ImmutableOopMap {[32]=Oop [40]=Oop [64]=Oop [72]=NarrowOop [88]=Oop [96]=Oop [104]=Oop [112]=Oop [144]=NarrowOop [148]=NarrowOop }
                      ;*ifle {reexecute=1 rethrow=0 return_oop=0}
                      ; - (reexecute) java.util.HashMap::getNode@14 (line 575)
                      ; - java.util.LinkedHashMap::get@2 (line 536)
                      ; - java.util.jar.Attributes::get@5 (line 106)
                      ; - java.util.jar.Attributes::getValue@2 (line 142)
                      ; - java.net.URLClassLoader::isSealed@58 (line 608)
                      ; - java.net.URLClassLoader::getAndVerifyPackage@68 (line 469)
                      ; - java.net.URLClassLoader::defineClass@46 (line 492)
                      ; - java.net.URLClassLoader$1::run@43 (line 427)
                      ; - java.net.URLClassLoader$1::run@1 (line 421)
  0x0000026797b8e590: 6c54 84ff 

  0x0000026797b8e594: ;   {other}
  0x0000026797b8e594: 0f1f 8400 | 0473 00a3 | ba76 ffff | ff8b 6c24 | 7444 8b94 | 249c 0000 | 0044 8954 | 2424 4889 
  0x0000026797b8e5b4: 4424 f88b | 8424 9000 | 0000 8944 | 2470 488b | 4424 f848 | 8944 24f8 | 8b84 2494 | 0000 0089 
  0x0000026797b8e5d4: 4424 7448 | 8b44 24f8 

  0x0000026797b8e5dc: ;   {runtime_call UncommonTrapBlob}
  0x0000026797b8e5dc: c5f8 77e8 

  0x0000026797b8e5e0: ; ImmutableOopMap {rbp=NarrowOop [56]=NarrowOop [60]=NarrowOop [64]=Oop [72]=Oop [80]=Oop [88]=Oop [96]=Oop [104]=Oop [112]=NarrowOop [116]=NarrowOop [160]=Oop }
                      ;*if_icmpge {reexecute=1 rethrow=0 return_oop=0}
                      ; - (reexecute) java.lang.StringLatin1::replace@61 (line 305)
                      ; - java.lang.String::replace@18 (line 2933)
                      ; - java.net.URLClassLoader::isSealed@9 (line 601)
                      ; - java.net.URLClassLoader::getAndVerifyPackage@68 (line 469)
                      ; - java.net.URLClassLoader::defineClass@46 (line 492)
                      ; - java.net.URLClassLoader$1::run@43 (line 427)
                      ; - java.net.URLClassLoader$1::run@1 (line 421)
  0x0000026797b8e5e0: 1c54 84ff 

  0x0000026797b8e5e4: ;   {other}
  0x0000026797b8e5e4: 0f1f 8400 | 5473 00a4 | baf6 ffff | ff48 8b6c | 2450 48ff | 7424 4048 | 8f44 2420 | 4c89 6c24 
  0x0000026797b8e604: 3889 7424 | 404c 894c | 2450 4c89 | 5c24 5848 | 895c 2460 

  0x0000026797b8e618: ;   {runtime_call UncommonTrapBlob}
  0x0000026797b8e618: c5f8 77e8 

  0x0000026797b8e61c: ; ImmutableOopMap {rbp=Oop [32]=Oop [56]=Oop [64]=NarrowOop [80]=Oop [88]=Oop [96]=Oop [144]=NarrowOop [148]=NarrowOop }
                      ;*invokevirtual compute {reexecute=0 rethrow=0 return_oop=0}
                      ; - java.lang.ClassLoader::definePackage@78 (line 2129)
                      ; - java.lang.ClassLoader::getDefinedPackage@32 (line 2267)
                      ; - java.net.URLClassLoader::getAndVerifyPackage@2 (line 457)
                      ; - java.net.URLClassLoader::defineClass@46 (line 492)
                      ; - java.net.URLClassLoader$1::run@43 (line 427)
                      ; - java.net.URLClassLoader$1::run@1 (line 421)
  0x0000026797b8e61c: e053 84ff 

  0x0000026797b8e620: ;   {other}
  0x0000026797b8e620: 0f1f 8400 | 9073 00a5 | 8b74 2420 | 4c8b dd4c | 8b6c 2448 | 4c8b 4c24 | 58ba 45ff | ffff 488b 
  0x0000026797b8e640: 6c24 5048 | ff74 2440 | 488f 4424 | 204c 896c | 2438 8974 | 2440 4c89 | 4c24 504c | 895c 2458 
  0x0000026797b8e660: ;   {runtime_call UncommonTrapBlob}
  0x0000026797b8e660: c5f8 77e8 

  0x0000026797b8e664: ; ImmutableOopMap {rbp=Oop [32]=Oop [56]=Oop [64]=NarrowOop [80]=Oop [88]=Oop [144]=NarrowOop [148]=NarrowOop }
                      ;*ifeq {reexecute=1 rethrow=0 return_oop=0}
                      ; - (reexecute) java.net.URLClassLoader::getAndVerifyPackage@71 (line 469)
                      ; - java.net.URLClassLoader::defineClass@46 (line 492)
                      ; - java.net.URLClassLoader$1::run@43 (line 427)
                      ; - java.net.URLClassLoader$1::run@1 (line 421)
  0x0000026797b8e664: 9853 84ff 

  0x0000026797b8e668: ;   {other}
  0x0000026797b8e668: 0f1f 8400 | d873 00a6 | ba3f 0000 | 0048 8b6c | 2450 4c8b | 5424 404c | 8954 2428 | 4c8b 5424 
  0x0000026797b8e688: 584c 8954 | 2440 6690 

  0x0000026797b8e690: ;   {runtime_call UncommonTrapBlob}
  0x0000026797b8e690: c5f8 77e8 

  0x0000026797b8e694: ; ImmutableOopMap {rbp=Oop [32]=NarrowOop [40]=Oop [64]=Oop [72]=Oop [96]=Oop [104]=Oop [112]=Oop [144]=NarrowOop [148]=NarrowOop }
                      ;*new {reexecute=0 rethrow=0 return_oop=0}
                      ; - java.util.jar.Manifest::getTrustedAttributes@28 (line 179)
                      ; - java.util.jar.JavaUtilJarAccessImpl::getTrustedAttributes@2 (line 38)
                      ; - java.net.URLClassLoader::isSealed@18 (line 601)
                      ; - java.net.URLClassLoader::getAndVerifyPackage@68 (line 469)
                      ; - java.net.URLClassLoader::defineClass@46 (line 492)
                      ; - java.net.URLClassLoader$1::run@43 (line 427)
                      ; - java.net.URLClassLoader$1::run@1 (line 421)
  0x0000026797b8e694: 6853 84ff 

  0x0000026797b8e698: ;   {other}
  0x0000026797b8e698: 0f1f 8400 | 0874 00a7 | 418b f2c4 | c179 7ec2 | c4c1 797e | d0c5 f97e | c8eb 0ac4 | c179 7ec2 
  0x0000026797b8e6b8: c4c1 797e | d0ba 45ff | ffff 488b | 6c24 5048 | ff74 2440 | 488f 4424 | 204c 896c | 2438 4c89 
  0x0000026797b8e6d8: 5c24 584c | 894c 2460 | 8974 2468 | 4c89 5c24 | 7044 8954 | 2478 8944 | 247c 4489 | 8424 8800 
  0x0000026797b8e6f8: 0000 6690 

  0x0000026797b8e6fc: ;   {runtime_call UncommonTrapBlob}
  0x0000026797b8e6fc: c5f8 77e8 

  0x0000026797b8e700: ; ImmutableOopMap {rbp=Oop [32]=Oop [56]=Oop [88]=Oop [96]=Oop [104]=NarrowOop [112]=Oop [120]=NarrowOop [124]=NarrowOop [144]=NarrowOop [148]=NarrowOop }
                      ;*ifeq {reexecute=1 rethrow=0 return_oop=0}
                      ; - (reexecute) java.util.concurrent.ConcurrentHashMap::get@76 (line 940)
                      ; - java.lang.ClassLoader::definePackage@47 (line 2125)
                      ; - java.lang.ClassLoader::getDefinedPackage@32 (line 2267)
                      ; - java.net.URLClassLoader::getAndVerifyPackage@2 (line 457)
                      ; - java.net.URLClassLoader::defineClass@46 (line 492)
                      ; - java.net.URLClassLoader$1::run@43 (line 427)
                      ; - java.net.URLClassLoader$1::run@1 (line 421)
  0x0000026797b8e700: fc52 84ff 

  0x0000026797b8e704: ;   {other}
  0x0000026797b8e704: 0f1f 8400 | 7474 00a8 | 4c89 4c24 | 5848 894c | 2460 4489 | 4424 6848 | 8954 2470 | 897c 246c 
  0x0000026797b8e724: 4489 5c24 | 7844 8954 | 247c 4889 | 8424 8000 | 0000 4889 | b424 8800 | 0000 4889 | 9c24 9800 
  0x0000026797b8e744: ;   {metadata({type array byte})}
  0x0000026797b8e744: 0000 48ba | 1823 009f | 6702 0000 | 448b 4424 | 7c66 6690 

  0x0000026797b8e758: ;   {runtime_call _new_array_nozero_Java}
  0x0000026797b8e758: c5f8 77e8 

  0x0000026797b8e75c: ; ImmutableOopMap {[32]=Oop [40]=Oop [56]=NarrowOop [64]=Oop [72]=Oop [80]=Oop [88]=Oop [96]=Oop [128]=Derived_oop_[96] [112]=Oop [144]=NarrowOop [148]=NarrowOop }
                      ;*newarray {reexecute=0 rethrow=0 return_oop=1}
                      ; - java.util.Arrays::copyOf@15 (line 3541)
                      ; - jdk.internal.loader.Resource::getBytes@94 (line 120)
                      ; - java.net.URLClassLoader::defineClass@179 (line 519)
                      ; - java.net.URLClassLoader$1::run@43 (line 427)
                      ; - java.net.URLClassLoader$1::run@1 (line 421)
  0x0000026797b8e75c: 20c6 8fff 

  0x0000026797b8e760: ;   {other}
  0x0000026797b8e760: 0f1f 8400 | d074 00a9 | 4c8b c0e9 | 2fd5 ffff | ba45 ffff | ff48 ff74 | 2450 488f | 4424 2048 
  0x0000026797b8e780: ff74 2440 | 488f 4424 | 284c 896c | 2440 4889 | 4424 f88b | 8424 9000 | 0000 8944 | 244c 488b 
  0x0000026797b8e7a0: 4424 f84c | 895c 2460 | 4c89 4c24 | 6889 7424 | 7048 8944 | 24f8 8b84 | 2490 0000 | 0089 4424 
  0x0000026797b8e7c0: 7448 8b44 | 24f8 4c89 | 5c24 7844 | 8984 2488 | 0000 0044 | 8994 248c | 0000 0089 | 8424 9000 
  0x0000026797b8e7e0: 0000 6690 

  0x0000026797b8e7e4: ;   {runtime_call UncommonTrapBlob}
  0x0000026797b8e7e4: c5f8 77e8 

  0x0000026797b8e7e8: ; ImmutableOopMap {[32]=Oop [40]=Oop [64]=Oop [76]=NarrowOop [96]=Oop [104]=Oop [112]=NarrowOop [116]=NarrowOop [120]=Oop [136]=NarrowOop [148]=NarrowOop }
                      ;*if_icmpne {reexecute=1 rethrow=0 return_oop=0}
                      ; - (reexecute) java.lang.String::equals@33 (line 1861)
                      ; - java.util.concurrent.ConcurrentHashMap::get@73 (line 940)
                      ; - java.lang.ClassLoader::getDefinedPackage@13 (line 2263)
                      ; - java.net.URLClassLoader::getAndVerifyPackage@2 (line 457)
                      ; - java.net.URLClassLoader::defineClass@46 (line 492)
                      ; - java.net.URLClassLoader$1::run@43 (line 427)
                      ; - java.net.URLClassLoader$1::run@1 (line 421)
  0x0000026797b8e7e8: 1452 84ff 

  0x0000026797b8e7ec: ;   {other}
  0x0000026797b8e7ec: 0f1f 8400 | 5c75 00aa 

  0x0000026797b8e7f4: ;   {metadata('java/io/FileInputStream')}
  0x0000026797b8e7f4: 4181 f938 | 1c01 000f | 857e 1500 | 004c 8b4c | 2458 450f | b651 0c45 | 85d2 0f85 | 9dd5 ffff 
  0x0000026797b8e814: 458b 511c | 4585 d20f | 8443 1600 | 004d 8bc2 | 488d 9c24 | d000 0000 | 498b 00a8 | 020f 8523 
  0x0000026797b8e834: 0000 0048 | 83c8 0148 | 8903 f049 | 0fb1 180f | 8437 0000 | 0048 2bc4 | 4825 07f0 | ffff 4889 
  0x0000026797b8e854: 03e9 2400 | 0000 4c8b | d048 33c0 | f04d 0fb1 | 7a3e 48c7 | 0303 0000 | 0074 114c | 3bf8 7515 
  0x0000026797b8e874: 49ff 8286 | 0000 0048 | 33c0 7509 | 49ff 8748 | 0500 0033 | c00f 8505 | 1600 0045 | 0fb6 510c 
  0x0000026797b8e894: 4585 d20f | 84c2 0c00 | 0048 8d84 | 24d0 0000 | 0048 8338 | 000f 8479 | 0000 004d | 8b10 41f6 
  0x0000026797b8e8b4: c202 0f84 | 6200 0000 | 4983 ba86 | 0000 0000 | 7409 49ff | 8a86 0000 | 00eb 4b49 | 8b82 9600 
  0x0000026797b8e8d4: 0000 490b | 828e 0000 | 0075 0a49 | c742 3e00 | 0000 00eb | 3d49 83ba | 9e00 0000 

  0x0000026797b8e8f0: ;   {no_reloc}
  0x0000026797b8e8f0: 0074 2248 | 33c0 49c7 | 423e 0000 | 0000 f083 | 0424 0049 | 83ba 9e00 | 0000 0075 | 0df0 4d0f 
  0x0000026797b8e910: b17a 3e75 | 0583 c801 | eb0c a800 | eb08 4c8b | 10f0 4d0f | b110 750a | 49ff 8f48 | 0500 0045 
  0x0000026797b8e930: 33d2 0f84 | 79d4 ffff | 418b fb49 | 8bc8 488d | 9424 d000 | 0000 4d8b | c7c5 f877 | 49ba 707a 
  0x0000026797b8e950: eeb6 f87f | 0000 41ff 

  0x0000026797b8e958: ;   {other}
  0x0000026797b8e958: d20f 1f84 | 0000 0000 | 0044 8bdf | e948 d4ff | ffba 45ff | ffff 48ff | 7424 5048 | 8f44 2420 
  0x0000026797b8e978: 48ff 7424 | 4048 8f44 | 2428 4c89 | 6c24 404c | 895c 2460 | 4c89 4c24 | 6889 7424 | 704c 895c 
  0x0000026797b8e998: 2478 4489 | 8424 8800 | 0000 4489 | 9424 8c00 | 0000 6690 

  0x0000026797b8e9ac: ;   {runtime_call UncommonTrapBlob}
  0x0000026797b8e9ac: c5f8 77e8 

  0x0000026797b8e9b0: ; ImmutableOopMap {[32]=Oop [40]=Oop [64]=Oop [96]=Oop [104]=Oop [112]=NarrowOop [120]=Oop [136]=NarrowOop [144]=NarrowOop [148]=NarrowOop }
                      ;*ifge {reexecute=1 rethrow=0 return_oop=0}
                      ; - (reexecute) java.util.concurrent.ConcurrentHashMap::get@86 (line 943)
                      ; - java.lang.ClassLoader::getDefinedPackage@13 (line 2263)
                      ; - java.net.URLClassLoader::getAndVerifyPackage@2 (line 457)
                      ; - java.net.URLClassLoader::defineClass@46 (line 492)
                      ; - java.net.URLClassLoader$1::run@43 (line 427)
                      ; - java.net.URLClassLoader$1::run@1 (line 421)
  0x0000026797b8e9b0: 4c50 84ff 

  0x0000026797b8e9b4: ;   {other}
  0x0000026797b8e9b4: 0f1f 8400 | 2477 00ab | ba45 ffff | ff48 8b6c | 2450 4c8b | 5424 404c | 8954 2428 | 4c8b 5424 
  0x0000026797b8e9d4: 584c 8954 | 2440 4c8b | 5424 604c | 8954 2458 | 4c8b 5424 | 684c 8954 | 2460 4889 | 4424 7090 
  0x0000026797b8e9f4: ;   {runtime_call UncommonTrapBlob}
  0x0000026797b8e9f4: c5f8 77e8 

  0x0000026797b8e9f8: ; ImmutableOopMap {rbp=Oop [32]=NarrowOop [40]=Oop [64]=Oop [72]=Oop [88]=Oop [96]=Oop [112]=Oop [144]=NarrowOop [148]=NarrowOop }
                      ;*ifnonnull {reexecute=1 rethrow=0 return_oop=0}
                      ; - (reexecute) java.net.URLClassLoader::isSealed@42 (line 606)
                      ; - java.net.URLClassLoader::getAndVerifyPackage@68 (line 469)
                      ; - java.net.URLClassLoader::defineClass@46 (line 492)
                      ; - java.net.URLClassLoader$1::run@43 (line 427)
                      ; - java.net.URLClassLoader$1::run@1 (line 421)
  0x0000026797b8e9f8: 0450 84ff 

  0x0000026797b8e9fc: ;   {other}
  0x0000026797b8e9fc: 0f1f 8400 | 6c77 00ac | ba45 ffff | ff48 ff74 | 2450 488f | 4424 2048 | ff74 2440 | 488f 4424 
  0x0000026797b8ea1c: 284c 896c | 2440 8974 | 2448 4c89 | 4c24 584c | 895c 2460 | 4c89 5424 | 6848 897c | 2470 4889 
  0x0000026797b8ea3c: 5c24 7890 

  0x0000026797b8ea40: ;   {runtime_call UncommonTrapBlob}
  0x0000026797b8ea40: c5f8 77e8 

  0x0000026797b8ea44: ; ImmutableOopMap {[32]=Oop [40]=Oop [64]=Oop [72]=NarrowOop [88]=Oop [96]=Oop [104]=Oop [112]=Oop [120]=Oop [144]=NarrowOop [148]=NarrowOop }
                      ;*ifeq {reexecute=1 rethrow=0 return_oop=0}
                      ; - (reexecute) java.util.LinkedHashMap::get@16 (line 538)
                      ; - java.util.jar.Attributes::get@5 (line 106)
                      ; - java.util.jar.Attributes::getValue@2 (line 142)
                      ; - java.net.URLClassLoader::isSealed@58 (line 608)
                      ; - java.net.URLClassLoader::getAndVerifyPackage@68 (line 469)
                      ; - java.net.URLClassLoader::defineClass@46 (line 492)
                      ; - java.net.URLClassLoader$1::run@43 (line 427)
                      ; - java.net.URLClassLoader$1::run@1 (line 421)
  0x0000026797b8ea44: b84f 84ff 

  0x0000026797b8ea48: ;   {other}
  0x0000026797b8ea48: 0f1f 8400 | b877 00ad | ba45 ffff | ff48 ff74 | 2450 488f | 4424 2048 | ff74 2440 | 488f 4424 
  0x0000026797b8ea68: 2848 8944 | 24f8 8b84 | 2494 0000 | 0089 4424 | 3c48 8b44 | 24f8 4c89 | 6c24 4048 | 8944 24f8 
  0x0000026797b8ea88: 8b84 2490 | 0000 0089 | 4424 4c48 | 8b44 24f8 | 4c89 5c24 | 604c 894c | 2468 8974 | 2470 4889 
  0x0000026797b8eaa8: 4424 f88b | 8424 9000 | 0000 8944 | 2474 488b | 4424 f84c | 895c 2478 | c5fa 1184 | 2480 0000 
  0x0000026797b8eac8: 0089 8424 | 8400 0000 | c5fa 1194 | 2490 0000 | 0044 8984 | 2494 0000 | 0066 6690 

  0x0000026797b8eae4: ;   {runtime_call UncommonTrapBlob}
  0x0000026797b8eae4: c5f8 77e8 

  0x0000026797b8eae8: ; ImmutableOopMap {[32]=Oop [40]=Oop [60]=NarrowOop [64]=Oop [76]=NarrowOop [96]=Oop [104]=Oop [112]=NarrowOop [116]=NarrowOop [120]=Oop [128]=NarrowOop [132]=NarrowOop }
                      ;*if_icmpne {reexecute=1 rethrow=0 return_oop=0}
                      ; - (reexecute) java.lang.String::equals@33 (line 1861)
                      ; - java.util.concurrent.ConcurrentHashMap::get@73 (line 940)
                      ; - java.lang.ClassLoader::definePackage@47 (line 2125)
                      ; - java.lang.ClassLoader::getDefinedPackage@32 (line 2267)
                      ; - java.net.URLClassLoader::getAndVerifyPackage@2 (line 457)
                      ; - java.net.URLClassLoader::defineClass@46 (line 492)
                      ; - java.net.URLClassLoader$1::run@43 (line 427)
                      ; - java.net.URLClassLoader$1::run@1 (line 421)
  0x0000026797b8eae8: 144f 84ff 

  0x0000026797b8eaec: ;   {other}
  0x0000026797b8eaec: 0f1f 8400 | 5c78 00ae | 660f 1f44 | 0000 660f | 1f44 0000 | 4c8b 4c24 | 5844 895c | 243c 488b 
  0x0000026797b8eb0c: 8c24 9800 | 0000 448b | 4424 6048 | 8bf5 418b 

  0x0000026797b8eb1c: ;   {metadata('java/io/FileInputStream')}
  0x0000026797b8eb1c: faeb 1241 | 81fa 381c | 0100 0f85 | f912 0000 | 498b f133 | ff8b 590c | 3bfb 0f8c | 080a 0000 
  0x0000026797b8eb3c: 458b d844 | 2bdf 448d | 9300 0400 | 0045 3bda | 450f 4fda | 4585 db0f | 8cbb 1200 | 0048 8bd1 
  0x0000026797b8eb5c: 4883 c210 | 468d 141f | 443b d30f | 843d 0b00 | 0041 81fa | 0000 1000 | 0f87 4f11 | 0000 4963 
  0x0000026797b8eb7c: c241 3bda | 8beb 410f | 4fea 3bdd | 0f82 af11 | 0000 443b | d50f 82ad | 1100 0048 | 83c0 1748 
  0x0000026797b8eb9c: 8bd8 4883 | e3f8 4181 | fa00 0010 | 000f 87b9 | 0f00 0048 | 899c 2498 | 0000 0048 | 8984 2488 
  0x0000026797b8ebbc: 0000 0048 | 8994 2480 | 0000 0089 | 7c24 7448 | 8974 2478 | 4489 5424 | 7044 895c | 246c 4489 
  0x0000026797b8ebdc: 4424 6848 | 894c 2460 | 4c89 4c24 | 584d 8b97 | b801 0000 | 4d8b c24c | 03d3 4d3b | 97c8 0100 
  0x0000026797b8ebfc: 000f 839f | 0f00 004d | 8997 b801 | 0000 410f | 1882 0001 | 0000 49c7 | 0001 0000 | 0041 0f18 
  0x0000026797b8ec1c: ;   {no_reloc}
  0x0000026797b8ec1c: 8240 0100 

  0x0000026797b8ec20: ;   {metadata({type array byte})}
  0x0000026797b8ec20: 0041 c740 | 0818 2300 | 0044 8b5c | 2470 4589 | 580c 410f | 1882 8001 | 0000 4d8b | d04d 8bda 
  0x0000026797b8ec40: 4983 c310 | 4c8b 8424 | 8800 0000 | 49c1 e803 | 85ed 0f84 | 7910 0000 | 3b6c 2470 | 0f8c 2e0d 
  0x0000026797b8ec60: 0000 498b | da4c 8b94 | 2498 0000 | 0049 83c2 | f049 c1ea | 0348 8b8c | 2480 0000 | 0049 8bd3 
  0x0000026797b8ec80: 4d8b c2c5 | f877 49ba | 6074 3b97 | 6702 0000 

  0x0000026797b8ec90: ;   {other}
  0x0000026797b8ec90: 41ff d20f | 1f84 0000 | 0000 004c | 8bd3 448b | 4424 6c44 | 8984 2488 | 0000 004c | 8994 2498 
  0x0000026797b8ecb0: 0000 0044 | 8b44 2468 | 488b 7424 | 788b 7c24 | 7489 7c24 | 6448 8bee | 4489 4424 | 6066 6690 
  0x0000026797b8ecd0: ;   {static_call}
  0x0000026797b8ecd0: c5f8 77e8 

  0x0000026797b8ecd4: ; ImmutableOopMap {rbp=Oop [32]=Oop [40]=Oop [56]=NarrowOop [64]=Oop [72]=Oop [80]=Oop [88]=Oop [144]=NarrowOop [148]=NarrowOop [152]=Oop }
                      ;*invokestatic begin {reexecute=0 rethrow=0 return_oop=0}
                      ; - java.io.FileInputStream::read@0 (line 285)
                      ; - jdk.internal.loader.Resource::getBytes@117 (line 126)
                      ; - java.net.URLClassLoader::defineClass@179 (line 519)
                      ; - java.net.URLClassLoader$1::run@43 (line 427)
                      ; - java.net.URLClassLoader$1::run@1 (line 421)
  0x0000026797b8ecd4: c81e deff 

  0x0000026797b8ecd8: ;   {other}
  0x0000026797b8ecd8: 0f1f 8400 | 487a 00af | 4889 4424 | 6848 8bd5 | 4c8b 8424 | 9800 0000 | 448b 4c24 | 648b bc24 
  0x0000026797b8ecf8: 8800 0000 

  0x0000026797b8ecfc: ;   {optimized virtual_call}
  0x0000026797b8ecfc: c5f8 77e8 

  0x0000026797b8ed00: ; ImmutableOopMap {rbp=Oop [32]=Oop [40]=Oop [56]=NarrowOop [64]=Oop [72]=Oop [80]=Oop [88]=Oop [144]=NarrowOop [148]=NarrowOop [152]=Oop }
                      ;*invokevirtual readBytes {reexecute=0 rethrow=0 return_oop=0}
                      ; - java.io.FileInputStream::read@9 (line 287)
                      ; - jdk.internal.loader.Resource::getBytes@117 (line 126)
                      ; - java.net.URLClassLoader::defineClass@179 (line 519)
                      ; - java.net.URLClassLoader$1::run@43 (line 427)
                      ; - java.net.URLClassLoader$1::run@1 (line 421)
  0x0000026797b8ed00: bcb1 0800 

  0x0000026797b8ed04: ;   {other}
  0x0000026797b8ed04: 0f1f 8400 | 747a 00b0 | 8944 2470 | 488b 5424 | 6866 6690 

  0x0000026797b8ed18: ;   {static_call}
  0x0000026797b8ed18: c5f8 77e8 

  0x0000026797b8ed1c: ; ImmutableOopMap {rbp=Oop [32]=Oop [40]=Oop [56]=NarrowOop [64]=Oop [72]=Oop [80]=Oop [88]=Oop [144]=NarrowOop [148]=NarrowOop [152]=Oop }
                      ;*invokestatic end {reexecute=0 rethrow=0 return_oop=0}
                      ; - java.io.FileInputStream::read@16 (line 289)
                      ; - jdk.internal.loader.Resource::getBytes@117 (line 126)
                      ; - java.net.URLClassLoader::defineClass@179 (line 519)
                      ; - java.net.URLClassLoader$1::run@43 (line 427)
                      ; - java.net.URLClassLoader$1::run@1 (line 421)
  0x0000026797b8ed1c: 801b deff 

  0x0000026797b8ed20: ;   {other}
  0x0000026797b8ed20: 0f1f 8400 | 907a 00b1 | 448b 4424 | 7045 85c0 | 0f8c c210 | 0000 448b | 5424 6445 | 03d0 448b 
  0x0000026797b8ed40: 5c24 3c4d | 8b8f 5004 

  0x0000026797b8ed48: ; ImmutableOopMap {rbp=Oop [32]=Oop [40]=Oop [56]=NarrowOop [64]=Oop [72]=Oop [80]=Oop [88]=Oop [144]=NarrowOop [148]=NarrowOop [152]=Oop }
                      ;*goto {reexecute=1 rethrow=0 return_oop=0}
                      ; - (reexecute) jdk.internal.loader.Resource::getBytes@179 (line 142)
                      ; - java.net.URLClassLoader::defineClass@179 (line 519)
                      ; - java.net.URLClassLoader$1::run@43 (line 427)
                      ; - java.net.URLClassLoader$1::run@1 (line 421)
                      ;   {poll}
  0x0000026797b8ed48: 0000 4185 | 0144 3b54 | 2460 0f8c | a8fd ffff | 4c8b 9424 | 9800 0000 | 4c89 5424 | 20e9 10d0 
  0x0000026797b8ed68: ffff 33ed | 85c9 400f | 94c5 ba45 | ffff ff48 | ff74 2450 | 488f 4424 | 2048 ff74 | 2440 488f 
  0x0000026797b8ed88: 4424 2848 | 8944 24f8 | 8b84 2494 | 0000 0089 | 4424 3c48 | 8b44 24f8 | 4c89 6c24 | 4048 8944 
  0x0000026797b8eda8: 24f8 8b84 | 2490 0000 | 0089 4424 | 4c48 8b44 | 24f8 4c89 | 4c24 6889 | 7424 7048 | 8944 24f8 
  0x0000026797b8edc8: 8b84 2490 | 0000 0089 | 4424 7448 | 8b44 24f8 | 4489 9424 | 8000 0000 

  0x0000026797b8ede0: ;   {runtime_call UncommonTrapBlob}
  0x0000026797b8ede0: c5f8 77e8 

  0x0000026797b8ede4: ; ImmutableOopMap {[32]=Oop [40]=Oop [60]=NarrowOop [64]=Oop [76]=NarrowOop [104]=Oop [112]=NarrowOop [116]=NarrowOop [128]=NarrowOop [192]=Oop }
                      ;*ifeq {reexecute=1 rethrow=0 return_oop=0}
                      ; - (reexecute) java.lang.String::hashCode@20 (line 2369)
                      ; - java.util.concurrent.ConcurrentHashMap::get@1 (line 936)
                      ; - java.lang.ClassLoader::getDefinedPackage@13 (line 2263)
                      ; - java.net.URLClassLoader::getAndVerifyPackage@2 (line 457)
                      ; - java.net.URLClassLoader::defineClass@46 (line 492)
                      ; - java.net.URLClassLoader$1::run@43 (line 427)
                      ; - java.net.URLClassLoader$1::run@1 (line 421)
  0x0000026797b8ede4: 184c 84ff 

  0x0000026797b8ede8: ;   {other}
  0x0000026797b8ede8: 0f1f 8400 | 587b 00b3 | ba45 ffff | ff48 ff74 | 2450 488f | 4424 2048 | ff74 2440 | 488f 4424 
  0x0000026797b8ee08: 284c 896c | 2440 4889 | 4424 f88b | 8424 9000 | 0000 8944 | 244c 488b | 4424 f84c | 895c 2460 
  0x0000026797b8ee28: 4c89 4c24 | 6889 7424 | 7048 8944 | 24f8 8b84 | 2490 0000 | 0089 4424 | 7448 8b44 | 24f8 4c89 
  0x0000026797b8ee48: 5c24 7844 | 8994 2480 | 0000 0089 | 8424 8400 | 0000 4489 | 8424 9000 | 0000 6690 

  0x0000026797b8ee64: ;   {runtime_call UncommonTrapBlob}
  0x0000026797b8ee64: c5f8 77e8 

  0x0000026797b8ee68: ; ImmutableOopMap {[32]=Oop [40]=Oop [64]=Oop [76]=NarrowOop [96]=Oop [104]=Oop [112]=NarrowOop [116]=NarrowOop [120]=Oop [128]=NarrowOop [132]=NarrowOop [148]=NarrowOop }
                      ;*ifge {reexecute=1 rethrow=0 return_oop=0}
                      ; - (reexecute) java.util.concurrent.ConcurrentHashMap::get@86 (line 943)
                      ; - java.lang.ClassLoader::definePackage@47 (line 2125)
                      ; - java.lang.ClassLoader::getDefinedPackage@32 (line 2267)
                      ; - java.net.URLClassLoader::getAndVerifyPackage@2 (line 457)
                      ; - java.net.URLClassLoader::defineClass@46 (line 492)
                      ; - java.net.URLClassLoader$1::run@43 (line 427)
                      ; - java.net.URLClassLoader$1::run@1 (line 421)
  0x0000026797b8ee68: 944b 84ff 

  0x0000026797b8ee6c: ;   {other}
  0x0000026797b8ee6c: 0f1f 8400 | dc7b 00b4 

  0x0000026797b8ee74: ;   {metadata({type array byte})}
  0x0000026797b8ee74: 418b e848 | ba18 2300 | 9f67 0200 | 0045 33c0 

  0x0000026797b8ee84: ;   {runtime_call _new_array_Java}
  0x0000026797b8ee84: c5f8 77e8 

  0x0000026797b8ee88: ; ImmutableOopMap {[32]=Oop [40]=Oop [56]=NarrowOop [64]=Oop [72]=Oop [80]=Oop [88]=Oop [144]=NarrowOop [148]=NarrowOop }
                      ;*newarray {reexecute=0 rethrow=0 return_oop=1}
                      ; - jdk.internal.loader.Resource::getBytes@30 (line 109)
                      ; - java.net.URLClassLoader::defineClass@179 (line 519)
                      ; - java.net.URLClassLoader$1::run@43 (line 427)
                      ; - java.net.URLClassLoader$1::run@1 (line 421)
  0x0000026797b8ee88: 7471 8fff 

  0x0000026797b8ee8c: ;   {other}
  0x0000026797b8ee8c: 0f1f 8400 | fc7b 00b5 | 488b c844 | 8bc5 e9b8 | ccff ffba | 45ff ffff | 48ff 7424 | 5048 8f44 
  0x0000026797b8eeac: 2420 48ff | 7424 4048 | 8f44 2428 | 4c89 6c24 | 4048 8944 | 24f8 8b84 | 2490 0000 | 0089 4424 
  0x0000026797b8eecc: 4c48 8b44 | 24f8 4c89 | 5c24 604c | 894c 2468 | 8974 2470 | 4889 4424 | f88b 8424 | 9000 0000 
  0x0000026797b8eeec: 8944 2474 | 488b 4424 | f84c 895c | 2478 4889 | 8424 8800 | 0000 4489 | 9424 9000 | 0000 6690 
  0x0000026797b8ef0c: ;   {runtime_call UncommonTrapBlob}
  0x0000026797b8ef0c: c5f8 77e8 

  0x0000026797b8ef10: ; ImmutableOopMap {rbp=NarrowOop [32]=Oop [40]=Oop [64]=Oop [76]=NarrowOop [96]=Oop [104]=Oop [112]=NarrowOop [116]=NarrowOop [120]=Oop [136]=Oop [148]=NarrowOop }
                      ;*ifnull {reexecute=1 rethrow=0 return_oop=0}
                      ; - (reexecute) java.util.concurrent.ConcurrentHashMap::get@143 (line 946)
                      ; - java.lang.ClassLoader::getDefinedPackage@13 (line 2263)
                      ; - java.net.URLClassLoader::getAndVerifyPackage@2 (line 457)
                      ; - java.net.URLClassLoader::defineClass@46 (line 492)
                      ; - java.net.URLClassLoader$1::run@43 (line 427)
                      ; - java.net.URLClassLoader$1::run@1 (line 421)
  0x0000026797b8ef10: ec4a 84ff 

  0x0000026797b8ef14: ;   {other}
  0x0000026797b8ef14: 0f1f 8400 | 847c 00b6 | 33ed 4585 | c040 0f94 | c5ba 45ff | ffff 48ff | 7424 5048 | 8f44 2420 
  0x0000026797b8ef34: 48ff 7424 | 4048 8f44 | 2428 4889 | 4424 f88b | 8424 9400 | 0000 8944 | 243c 488b | 4424 f84c 
  0x0000026797b8ef54: 896c 2440 | 4889 4424 | f88b 8424 | 9000 0000 | 8944 244c | 488b 4424 | f84c 895c | 2460 4c89 
  0x0000026797b8ef74: 4c24 6889 | 7424 7048 | 8944 24f8 | 8b84 2490 | 0000 0089 | 4424 7448 | 8b44 24f8 | 4c89 5c24 
  0x0000026797b8ef94: 7844 8994 | 2480 0000 | 0089 8c24 | 8400 0000 

  0x0000026797b8efa4: ;   {runtime_call UncommonTrapBlob}
  0x0000026797b8efa4: c5f8 77e8 

  0x0000026797b8efa8: ; ImmutableOopMap {[32]=Oop [40]=Oop [60]=NarrowOop [64]=Oop [76]=NarrowOop [96]=Oop [104]=Oop [112]=NarrowOop [116]=NarrowOop [120]=Oop [128]=NarrowOop [132]=NarrowOop }
                      ;*ifeq {reexecute=1 rethrow=0 return_oop=0}
                      ; - (reexecute) java.lang.String::hashCode@20 (line 2369)
                      ; - java.util.concurrent.ConcurrentHashMap::get@1 (line 936)
                      ; - java.lang.ClassLoader::definePackage@47 (line 2125)
                      ; - java.lang.ClassLoader::getDefinedPackage@32 (line 2267)
                      ; - java.net.URLClassLoader::getAndVerifyPackage@2 (line 457)
                      ; - java.net.URLClassLoader::defineClass@46 (line 492)
                      ; - java.net.URLClassLoader$1::run@43 (line 427)
                      ; - java.net.URLClassLoader$1::run@1 (line 421)
  0x0000026797b8efa8: 544a 84ff 

  0x0000026797b8efac: ;   {other}
  0x0000026797b8efac: 0f1f 8400 | 1c7d 00b7 | 33ed 85d2 | 400f 94c5 | ba45 ffff | ff48 ff74 | 2450 488f | 4424 2048 
  0x0000026797b8efcc: ff74 2440 | 488f 4424 | 2848 8944 | 24f8 8b84 | 2490 0000 | 0089 4424 | 3848 8b44 | 24f8 4c89 
  0x0000026797b8efec: 6c24 4089 | 7424 484c | 895c 2460 | 4c89 5424 | 684c 894c | 2470 4c89 | 4c24 7848 | 8984 2488 
  0x0000026797b8f00c: 0000 0089 | 5c24 4c89 | 8c24 9000 | 0000 4889 | 8424 9800 | 0000 6690 

  0x0000026797b8f024: ;   {runtime_call UncommonTrapBlob}
  0x0000026797b8f024: c5f8 77e8 

  0x0000026797b8f028: ; ImmutableOopMap {[32]=Oop [40]=Oop [56]=NarrowOop [64]=Oop [72]=NarrowOop [76]=NarrowOop [96]=Oop [104]=Oop [112]=Oop [120]=Oop [136]=Oop [148]=NarrowOop [152]=Oop }
                      ;*ifeq {reexecute=1 rethrow=0 return_oop=0}
                      ; - (reexecute) java.lang.String::hashCode@20 (line 2369)
                      ; - java.util.HashMap::hash@9 (line 338)
                      ; - java.util.HashMap::getNode@23 (line 576)
                      ; - java.util.HashMap::get@2 (line 564)
                      ; - java.util.jar.Manifest::getAttributes@5 (line 160)
                      ; - java.util.jar.Manifest::getTrustedAttributes@2 (line 177)
                      ; - java.util.jar.JavaUtilJarAccessImpl::getTrustedAttributes@2 (line 38)
                      ; - java.net.URLClassLoader::isSealed@18 (line 601)
                      ; - java.net.URLClassLoader::getAndVerifyPackage@68 (line 469)
                      ; - java.net.URLClassLoader::defineClass@46 (line 492)
                      ; - java.net.URLClassLoader$1::run@43 (line 427)
                      ; - java.net.URLClassLoader$1::run@1 (line 421)
  0x0000026797b8f028: d449 84ff 

  0x0000026797b8f02c: ;   {other}
  0x0000026797b8f02c: 0f1f 8400 | 9c7d 00b8 | bade ffff | ff48 8b6c | 2450 4c8b | 5424 404c | 8954 2420 | 448b 5424 
  0x0000026797b8f04c: 3844 8954 | 2428 448b | 4c24 3c44 | 894c 242c | 4c8b 5424 | 684c 8954 | 2438 448b | 5424 4844 
  0x0000026797b8f06c: 8954 2440 | 4c8b 9424 | 8000 0000 | 4c89 5424 | 504c 8b54 | 2478 4c89 | 5424 584c | 895c 2470 
  0x0000026797b8f08c: 4c89 4424 | 7866 6690 

  0x0000026797b8f094: ;   {runtime_call UncommonTrapBlob}
  0x0000026797b8f094: c5f8 77e8 

  0x0000026797b8f098: ; ImmutableOopMap {rbp=Oop [32]=Oop [40]=NarrowOop [44]=NarrowOop [56]=Oop [64]=NarrowOop [80]=Oop [88]=Oop [112]=Oop [120]=Oop [192]=Oop }
                      ;*invokevirtual getName {reexecute=0 rethrow=0 return_oop=0}
                      ; - java.util.jar.JarFile::getManifestFromReference@74 (line 421)
                      ; - java.util.jar.JarFile::getManifest@1 (line 405)
                      ; - jdk.internal.loader.URLClassPath$JarLoader$2::getManifest@22 (line 853)
                      ; - java.net.URLClassLoader::defineClass@34 (line 491)
                      ; - java.net.URLClassLoader$1::run@43 (line 427)
                      ; - java.net.URLClassLoader$1::run@1 (line 421)
  0x0000026797b8f098: 6449 84ff 

  0x0000026797b8f09c: ;   {other}
  0x0000026797b8f09c: 0f1f 8400 | 0c7e 00b9 | ba0f 0000 | 004c 8b54 | 2450 4c89 | 5424 204c | 8b54 2440 | 4c89 5424 
  0x0000026797b8f0bc: 284c 8b54 | 2468 4c89 | 5424 404c | 8b94 2480 | 0000 004c | 8954 2458 | 4c8b 5424 | 784c 8954 
  0x0000026797b8f0dc: 2460 6690 

  0x0000026797b8f0e0: ;   {runtime_call UncommonTrapBlob}
  0x0000026797b8f0e0: c5f8 77e8 

  0x0000026797b8f0e4: ; ImmutableOopMap {rbp=Oop [32]=Oop [40]=Oop [56]=NarrowOop [60]=NarrowOop [64]=Oop [72]=NarrowOop [88]=Oop [96]=Oop [112]=Oop [192]=Oop }
                      ;*new {reexecute=0 rethrow=0 return_oop=0}
                      ; - java.util.Hashtable::<init>@53 (line 191)
                      ; - java.util.Hashtable::<init>@5 (line 217)
                      ; - java.util.jar.JarVerifier::<init>@39 (line 105)
                      ; - java.util.jar.JarFile::getManifestFromReference@78 (line 421)
                      ; - java.util.jar.JarFile::getManifest@1 (line 405)
                      ; - jdk.internal.loader.URLClassPath$JarLoader$2::getManifest@22 (line 853)
                      ; - java.net.URLClassLoader::defineClass@34 (line 491)
                      ; - java.net.URLClassLoader$1::run@43 (line 427)
                      ; - java.net.URLClassLoader$1::run@1 (line 421)
  0x0000026797b8f0e4: 1849 84ff 

  0x0000026797b8f0e8: ;   {other}
  0x0000026797b8f0e8: 0f1f 8400 | 587e 00ba | ba0f 0000 | 0048 8b6c | 2450 4c8b | 5424 404c | 8954 2420 | 448b 5c24 
  0x0000026797b8f108: 3844 895c | 2428 448b | 5424 3c44 | 8954 242c | 4c8b 5424 | 684c 8954 | 2438 448b | 5c24 4844 
  0x0000026797b8f128: 895c 2440 | 4c8b 9424 | 8000 0000 | 4c89 5424 | 504c 8b54 | 2478 4c89 | 5424 5890 

  0x0000026797b8f144: ;   {runtime_call UncommonTrapBlob}
  0x0000026797b8f144: c5f8 77e8 

  0x0000026797b8f148: ; ImmutableOopMap {rbp=Oop [32]=Oop [40]=NarrowOop [44]=NarrowOop [56]=Oop [64]=NarrowOop [80]=Oop [88]=Oop [112]=Oop [136]=Oop [192]=Oop }
                      ;*new {reexecute=0 rethrow=0 return_oop=0}
                      ; - java.util.Hashtable::<init>@53 (line 191)
                      ; - java.util.Hashtable::<init>@5 (line 217)
                      ; - java.util.jar.JarVerifier::<init>@50 (line 106)
                      ; - java.util.jar.JarFile::getManifestFromReference@78 (line 421)
                      ; - java.util.jar.JarFile::getManifest@1 (line 405)
                      ; - jdk.internal.loader.URLClassPath$JarLoader$2::getManifest@22 (line 853)
                      ; - java.net.URLClassLoader::defineClass@34 (line 491)
                      ; - java.net.URLClassLoader$1::run@43 (line 427)
                      ; - java.net.URLClassLoader$1::run@1 (line 421)
  0x0000026797b8f148: b448 84ff 

  0x0000026797b8f14c: ;   {other}
  0x0000026797b8f14c: 0f1f 8400 | bc7e 00bb | ba0f 0000 | 004c 8b54 | 2450 4c89 | 5424 204c | 8b54 2440 | 4c89 5424 
  0x0000026797b8f16c: 284c 8b54 | 2468 4c89 | 5424 404c | 8b94 2480 | 0000 004c | 8954 2458 | 4c8b 5424 | 784c 8954 
  0x0000026797b8f18c: 2460 6690 

  0x0000026797b8f190: ;   {runtime_call UncommonTrapBlob}
  0x0000026797b8f190: c5f8 77e8 

  0x0000026797b8f194: ; ImmutableOopMap {rbp=Oop [32]=Oop [40]=Oop [56]=NarrowOop [60]=NarrowOop [64]=Oop [72]=NarrowOop [88]=Oop [96]=Oop [112]=Oop [192]=Oop }
                      ;*new {reexecute=0 rethrow=0 return_oop=0}
                      ; - java.util.Hashtable::<init>@53 (line 191)
                      ; - java.util.Hashtable::<init>@4 (line 209)
                      ; - java.util.jar.JarVerifier::<init>@63 (line 107)
                      ; - java.util.jar.JarFile::getManifestFromReference@78 (line 421)
                      ; - java.util.jar.JarFile::getManifest@1 (line 405)
                      ; - jdk.internal.loader.URLClassPath$JarLoader$2::getManifest@22 (line 853)
                      ; - java.net.URLClassLoader::defineClass@34 (line 491)
                      ; - java.net.URLClassLoader$1::run@43 (line 427)
                      ; - java.net.URLClassLoader$1::run@1 (line 421)
  0x0000026797b8f194: 6848 84ff 

  0x0000026797b8f198: ;   {other}
  0x0000026797b8f198: 0f1f 8400 | 087f 00bc | 4889 7c24 | 5848 894c | 2448 4c89 | 5c24 2044 | 894c 243c | 4489 5424 
  0x0000026797b8f1b8: 6c89 5424 | 6089 5c24 | 644c 896c | 2470 4489 | 4424 6848 | 8944 2478 | 4c89 b424 | 8000 0000 
  0x0000026797b8f1d8: 4889 b424 | 9800 0000 

  0x0000026797b8f1e0: ;   {metadata({type array byte})}
  0x0000026797b8f1e0: 48ba 1823 | 009f 6702 | 0000 448b | 4424 6490 

  0x0000026797b8f1f0: ;   {runtime_call _new_array_nozero_Java}
  0x0000026797b8f1f0: c5f8 77e8 

  0x0000026797b8f1f4: ; ImmutableOopMap {[32]=Oop [120]=Derived_oop_[32] [40]=Oop [56]=NarrowOop [64]=Oop [72]=Oop [80]=Oop [88]=Oop [112]=Oop [136]=Oop [144]=NarrowOop [148]=NarrowOop }
                      ;*newarray {reexecute=0 rethrow=0 return_oop=1}
                      ; - java.util.Arrays::copyOf@15 (line 3541)
                      ; - jdk.internal.loader.Resource::getBytes@94 (line 120)
                      ; - jdk.internal.loader.URLClassPath$JarLoader$2::getBytes@1 (line 862)
                      ; - java.net.URLClassLoader::defineClass@179 (line 519)
                      ; - java.net.URLClassLoader$1::run@43 (line 427)
                      ; - java.net.URLClassLoader$1::run@1 (line 421)
  0x0000026797b8f1f4: 88bb 8fff 

  0x0000026797b8f1f8: ;   {other}
  0x0000026797b8f1f8: 0f1f 8400 | 687f 00bd | 4c8b c0e9 | 52d3 ffff | ba45 ffff | ff48 ff74 | 2450 488f | 4424 2048 
  0x0000026797b8f218: ff74 2440 | 488f 4424 | 2848 8944 | 24f8 8b84 | 2494 0000 | 0089 4424 | 3c48 8b44 | 24f8 4c89 
  0x0000026797b8f238: 6c24 4048 | 8944 24f8 | 8b84 2490 | 0000 0089 | 4424 4c48 | 8b44 24f8 | 4c89 5c24 | 604c 894c 
  0x0000026797b8f258: 2468 8974 | 2470 4889 | 4424 f88b | 8424 9000 | 0000 8944 | 2474 488b | 4424 f84c | 895c 2478 
  0x0000026797b8f278: 4489 9424 | 8000 0000 | 4889 8424 | 9000 0000 | 4489 8424 | 8400 0000 

  0x0000026797b8f290: ;   {runtime_call UncommonTrapBlob}
  0x0000026797b8f290: c5f8 77e8 

  0x0000026797b8f294: ; ImmutableOopMap {rbp=NarrowOop [32]=Oop [40]=Oop [60]=NarrowOop [64]=Oop [76]=NarrowOop [96]=Oop [104]=Oop [112]=NarrowOop [116]=NarrowOop [120]=Oop [128]=NarrowOop [144]=Oop }
                      ;*ifnull {reexecute=1 rethrow=0 return_oop=0}
                      ; - (reexecute) java.util.concurrent.ConcurrentHashMap::get@143 (line 946)
                      ; - java.lang.ClassLoader::definePackage@47 (line 2125)
                      ; - java.lang.ClassLoader::getDefinedPackage@32 (line 2267)
                      ; - java.net.URLClassLoader::getAndVerifyPackage@2 (line 457)
                      ; - java.net.URLClassLoader::defineClass@46 (line 492)
                      ; - java.net.URLClassLoader$1::run@43 (line 427)
                      ; - java.net.URLClassLoader$1::run@1 (line 421)
  0x0000026797b8f294: 6847 84ff 

  0x0000026797b8f298: ;   {other}
  0x0000026797b8f298: 0f1f 8400 | 0880 00be | bade ffff | ff48 8b6c | 2450 4c8b | 5424 404c | 8954 2420 | 448b 4c24 
  0x0000026797b8f2b8: 3844 894c | 2428 448b | 5424 3c44 | 8954 242c | 448b 5424 | 4844 8954 | 2440 6690 

  0x0000026797b8f2d4: ;   {runtime_call UncommonTrapBlob}
  0x0000026797b8f2d4: c5f8 77e8 

  0x0000026797b8f2d8: ; ImmutableOopMap {rbp=Oop [32]=Oop [40]=NarrowOop [44]=NarrowOop [64]=NarrowOop [104]=Oop [112]=Oop [120]=Oop [128]=Oop [192]=Oop }
                      ;*invokevirtual close {reexecute=0 rethrow=0 return_oop=0}
                      ; - java.util.jar.JarFile::getManifestFromReference@152 (line 433)
                      ; - java.util.jar.JarFile::getManifest@1 (line 405)
                      ; - jdk.internal.loader.URLClassPath$JarLoader$2::getManifest@22 (line 853)
                      ; - java.net.URLClassLoader::defineClass@34 (line 491)
                      ; - java.net.URLClassLoader$1::run@43 (line 427)
                      ; - java.net.URLClassLoader$1::run@1 (line 421)
  0x0000026797b8f2d8: 2447 84ff 

  0x0000026797b8f2dc: ;   {other}
  0x0000026797b8f2dc: 0f1f 8400 | 4c80 00bf | ba45 ffff | ff4c 8b54 | 2450 4c89 | 5424 204c | 8b54 2440 | 4c89 5424 
  0x0000026797b8f2fc: 284c 895c | 2458 6690 

  0x0000026797b8f304: ;   {runtime_call UncommonTrapBlob}
  0x0000026797b8f304: c5f8 77e8 

  0x0000026797b8f308: ; ImmutableOopMap {[32]=Oop [40]=Oop [72]=NarrowOop [88]=Oop [104]=Oop [120]=Oop [144]=NarrowOop [148]=NarrowOop [192]=Oop }
                      ;*ifne {reexecute=1 rethrow=0 return_oop=0}
                      ; - (reexecute) java.util.jar.JarFile::getManifestFromReference@52 (line 419)
                      ; - java.util.jar.JarFile::getManifest@1 (line 405)
                      ; - jdk.internal.loader.URLClassPath$JarLoader$2::getManifest@22 (line 853)
                      ; - java.net.URLClassLoader::defineClass@34 (line 491)
                      ; - java.net.URLClassLoader$1::run@43 (line 427)
                      ; - java.net.URLClassLoader$1::run@1 (line 421)
  0x0000026797b8f308: f446 84ff 

  0x0000026797b8f30c: ;   {other}
  0x0000026797b8f30c: 0f1f 8400 | 7c80 00c0 | ba45 ffff | ff48 8b6c | 2450 4c8b | 5424 404c | 8954 2420 | 448b 5424 
  0x0000026797b8f32c: 4844 8954 | 2440 8944 | 2444 6690 

  0x0000026797b8f338: ;   {runtime_call UncommonTrapBlob}
  0x0000026797b8f338: c5f8 77e8 

  0x0000026797b8f33c: ; ImmutableOopMap {rbp=Oop [32]=Oop [64]=NarrowOop [104]=Oop [120]=Oop [128]=Oop [144]=NarrowOop [148]=NarrowOop [192]=Oop }
                      ;*if_icmpne {reexecute=1 rethrow=0 return_oop=0}
                      ; - (reexecute) java.util.jar.JarFile::getManifestFromReference@65 (line 420)
                      ; - java.util.jar.JarFile::getManifest@1 (line 405)
                      ; - jdk.internal.loader.URLClassPath$JarLoader$2::getManifest@22 (line 853)
                      ; - java.net.URLClassLoader::defineClass@34 (line 491)
                      ; - java.net.URLClassLoader$1::run@43 (line 427)
                      ; - java.net.URLClassLoader$1::run@1 (line 421)
  0x0000026797b8f33c: c046 84ff 

  0x0000026797b8f340: ;   {other}
  0x0000026797b8f340: 0f1f 8400 | b080 00c1 | ba45 ffff | ff4c 8b5c | 2450 4c89 | 5c24 204c | 8b5c 2440 | 4c89 5c24 
  0x0000026797b8f360: 284c 8b5c | 2468 4c89 | 5c24 4048 | 8944 2460 

  0x0000026797b8f370: ;   {runtime_call UncommonTrapBlob}
  0x0000026797b8f370: c5f8 77e8 

  0x0000026797b8f374: ; ImmutableOopMap {rbp=NarrowOop [32]=Oop [40]=Oop [56]=NarrowOop [60]=NarrowOop [64]=Oop [72]=NarrowOop [96]=Oop [192]=Oop }
                      ;*ifnull {reexecute=1 rethrow=0 return_oop=0}
                      ; - (reexecute) java.util.jar.JarFile::maybeInstantiateVerifier@27 (line 723)
                      ; - java.util.jar.JarFile::ensureInitialization@1 (line 1064)
                      ; - java.util.jar.JavaUtilJarAccessImpl::ensureInitialization@1 (line 42)
                      ; - jdk.internal.loader.URLClassPath$JarLoader$2::getManifest@10 (line 852)
                      ; - java.net.URLClassLoader::defineClass@34 (line 491)
                      ; - java.net.URLClassLoader$1::run@43 (line 427)
                      ; - java.net.URLClassLoader$1::run@1 (line 421)
  0x0000026797b8f374: 8846 84ff 

  0x0000026797b8f378: ;   {other}
  0x0000026797b8f378: 0f1f 8400 | e880 00c2 | ba45 ffff | ff4c 8b54 | 2450 4c89 | 5424 2848 | 8944 2458 

  0x0000026797b8f394: ;   {runtime_call UncommonTrapBlob}
  0x0000026797b8f394: c5f8 77e8 

  0x0000026797b8f398: ; ImmutableOopMap {rbp=NarrowOop [32]=Oop [40]=Oop [56]=NarrowOop [64]=Oop [72]=Oop [88]=Oop [144]=NarrowOop [148]=NarrowOop }
                      ;*ifnull {reexecute=1 rethrow=0 return_oop=0}
                      ; - (reexecute) java.util.jar.JarFile::maybeInstantiateVerifier@27 (line 723)
                      ; - java.util.jar.JarFile$JarFileEntry::getCodeSigners@4 (line 670)
                      ; - jdk.internal.loader.URLClassPath$JarLoader$2::getCodeSigners@4 (line 858)
                      ; - java.net.URLClassLoader::defineClass@185 (line 521)
                      ; - java.net.URLClassLoader$1::run@43 (line 427)
                      ; - java.net.URLClassLoader$1::run@1 (line 421)
  0x0000026797b8f398: 6446 84ff 

  0x0000026797b8f39c: ;   {other}
  0x0000026797b8f39c: 0f1f 8400 | 0c81 00c3 | 8954 247c | 4489 4424 | 784c 8954 | 2470 4c89 | 4c24 684c | 896c 2460 
  0x0000026797b8f3bc: 4c89 5c24 | 5848 ff74 | 2428 488f | 4424 484c | 8974 2438 | 8974 2428 | 4889 4424 | f88b 8424 
  0x0000026797b8f3dc: 9400 0000 | 8944 2424 | 488b 4424 | f848 8944 | 24f8 8b84 | 2490 0000 | 0089 4424 | 2048 8b44 
  0x0000026797b8f3fc: 24f8 488b | ac24 8800 

  0x0000026797b8f404: ;   {metadata('java/lang/String')}
  0x0000026797b8f404: 0000 48ba | 70ea 009f | 6702 0000 | 4889 bc24 | 9000 0000 

  0x0000026797b8f418: ;   {runtime_call _new_instance_Java}
  0x0000026797b8f418: c5f8 77e8 

  0x0000026797b8f41c: ; ImmutableOopMap {rbp=Oop [32]=NarrowOop [36]=NarrowOop [40]=NarrowOop [56]=Oop [64]=Oop [72]=Oop [80]=Oop [88]=Oop [96]=Oop [104]=Oop [112]=Oop [120]=NarrowOop [144]=Oop }
                      ;*new {reexecute=0 rethrow=0 return_oop=1}
                      ; - java.lang.StringConcatHelper::simpleConcat@17 (line 425)
                      ; - java.lang.String::concat@11 (line 2899)
                      ; - java.net.URLClassLoader::isSealed@15 (line 601)
                      ; - java.net.URLClassLoader::getAndVerifyPackage@68 (line 469)
                      ; - java.net.URLClassLoader::defineClass@46 (line 492)
                      ; - java.net.URLClassLoader$1::run@43 (line 427)
                      ; - java.net.URLClassLoader$1::run@1 (line 421)
  0x0000026797b8f41c: 606f 8fff 

  0x0000026797b8f420: ;   {other}
  0x0000026797b8f420: 0f1f 8400 | 9081 00c4 | 4889 ac24 | 8800 0000 | 4889 4424 | f88b 4424 | 2089 8424 | 9000 0000 
  0x0000026797b8f440: 488b 4424 | f848 8944 | 24f8 8b44 | 2424 8984 | 2494 0000 | 0048 8b44 | 24f8 8b74 | 2428 4c8b 
  0x0000026797b8f460: 7424 3848 | ff74 2448 | 488f 4424 | 284c 8b5c | 2458 4c8b | 6c24 604c | 8b4c 2468 | 4c8b 5424 
  0x0000026797b8f480: 7044 8b44 | 2478 8b54 | 247c e966 | cfff ff49 | 63f2 e945 | c7ff ff49 | 83c0 fe49 | 8bc8 498b 
  0x0000026797b8f4a0: fb48 33c0 | 4883 f908 | 7f10 48ff | c978 4f48 | 8904 cf48 | ffc9 7df7 | eb44 c5fd | efc0 e90d 
  0x0000026797b8f4c0: 0000 00c5 | fe7f 07c5 | fe7f 4720 | 4883 c740 | 4883 e908 | 7ded 4883 | c104 7c0c | c5fe 7f07 
  0x0000026797b8f4e0: 4883 c720 | 4883 e904 | 4883 c104 | 7e10 48ff | c9c5 f9d6 | 0748 83c7 | 0848 ffc9 | 7df3 e900 
  0x0000026797b8f500: c8ff ff8b | ef48 894c | 2428 4489 | 5c24 20eb | 0c8b ef48 | 894c 2428 | 4489 5c24 

  0x0000026797b8f51c: ;   {no_reloc}
  0x0000026797b8f51c: 20ba ccff | ffff 4c89 | 4c24 6044 | 8944 245c | 4489 5424 | 6c66 6690 

  0x0000026797b8f534: ;   {runtime_call UncommonTrapBlob}
  0x0000026797b8f534: c5f8 77e8 

  0x0000026797b8f538: ; ImmutableOopMap {[40]=Oop [56]=NarrowOop [64]=Oop [72]=Oop [80]=Oop [96]=Oop [144]=NarrowOop [148]=NarrowOop }
                      ;*newarray {reexecute=1 rethrow=0 return_oop=0}
                      ; - (reexecute) java.util.Arrays::copyOf@15 (line 3541)
                      ; - jdk.internal.loader.Resource::getBytes@94 (line 120)
                      ; - java.net.URLClassLoader::defineClass@179 (line 519)
                      ; - java.net.URLClassLoader$1::run@43 (line 427)
                      ; - java.net.URLClassLoader$1::run@1 (line 421)
  0x0000026797b8f538: c444 84ff 

  0x0000026797b8f53c: ;   {other}
  0x0000026797b8f53c: 0f1f 8400 | ac82 00c5 | 2bdf 899c | 2488 0000 | 0048 898c | 2498 0000 | 004c 894c | 2458 e962 
  0x0000026797b8f55c: f7ff ff41 | c641 0c01 | f083 4424 | c000 488d | 8424 d000 | 0000 4883 | 3800 0f84 | 7900 0000 
  0x0000026797b8f57c: 4d8b 1041 | f6c2 020f | 8462 0000 | 0049 83ba | 8600 0000 | 0074 0949 | ff8a 8600 | 0000 eb4b 
  0x0000026797b8f59c: 498b 8296 | 0000 0049 | 0b82 8e00 | 0000 750a | 49c7 423e | 0000 0000 | eb3d 4983 | ba9e 0000 
  0x0000026797b8f5bc: 0000 7422 | 4833 c049 | c742 3e00 | 0000 00f0 | 8304 2400 | 4983 ba9e | 0000 0000 | 750d f04d 
  0x0000026797b8f5dc: 0fb1 7a3e | 7505 83c8 | 01eb 0ca8 | 00eb 084c | 8b10 f04d | 0fb1 1075 | 0a49 ff8f | 4805 0000 
  0x0000026797b8f5fc: 4533 d20f | 85f7 0800 | 0045 8b41 | 1845 85c0 | 7426 498b | e944 895c | 243c 498b | d066 6690 
  0x0000026797b8f61c: ;   {optimized virtual_call}
  0x0000026797b8f61c: c5f8 77e8 

  0x0000026797b8f620: ; ImmutableOopMap {rbp=Oop [32]=Oop [40]=Oop [56]=NarrowOop [64]=Oop [72]=Oop [80]=Oop [144]=NarrowOop [148]=NarrowOop }
                      ;*invokevirtual close {reexecute=0 rethrow=0 return_oop=0}
                      ; - java.io.FileInputStream::close@50 (line 521)
                      ; - jdk.internal.loader.Resource::getBytes@183 (line 145)
                      ; - java.net.URLClassLoader::defineClass@179 (line 519)
                      ; - java.net.URLClassLoader$1::run@43 (line 427)
                      ; - java.net.URLClassLoader$1::run@1 (line 421)
  0x0000026797b8f620: 5cf1 83ff 

  0x0000026797b8f624: ;   {other}
  0x0000026797b8f624: 0f1f 8400 | 9483 00c6 | 448b 5c24 | 3c4c 8bcd | 418b 6910 | 498b 87b8 | 0100 004c | 8bd0 4983 
  0x0000026797b8f644: c210 4d3b | 97c8 0100 | 000f 83f8 | 0600 004d | 8997 b801 | 0000 410f | 1882 0001 | 0000 48c7 
  0x0000026797b8f664: 0001 0000 

  0x0000026797b8f668: ;   {metadata('java/io/FileInputStream$1')}
  0x0000026797b8f668: 00c7 4008 | 00c0 1b00 | 4489 600c | 4c8b c04d | 8bd1 4589 | 500c 85ed | 0f84 4808 | 0000 4489 
  0x0000026797b8f688: 5c24 3c48 | 8bd5 6690 

  0x0000026797b8f690: ;   {optimized virtual_call}
  0x0000026797b8f690: c5f8 77e8 

  0x0000026797b8f694: ; ImmutableOopMap {[32]=Oop [40]=Oop [56]=NarrowOop [64]=Oop [72]=Oop [80]=Oop [144]=NarrowOop [148]=NarrowOop }
                      ;*invokevirtual closeAll {reexecute=0 rethrow=0 return_oop=0}
                      ; - java.io.FileInputStream::close@65 (line 524)
                      ; - jdk.internal.loader.Resource::getBytes@183 (line 145)
                      ; - java.net.URLClassLoader::defineClass@179 (line 519)
                      ; - java.net.URLClassLoader$1::run@43 (line 427)
                      ; - java.net.URLClassLoader$1::run@1 (line 421)
  0x0000026797b8f694: a818 bbf8 

  0x0000026797b8f698: ;   {other}
  0x0000026797b8f698: 0f1f 8400 | 0884 00c7 | 448b 5c24 | 3ce9 07c7 | ffff 4c63 | d381 fb00 | 0010 000f | 87ef 0600 
  0x0000026797b8f6b8: 0048 8954 | 2460 8bc3 | 897c 2474 | 4889 7424 | 7844 895c | 246c 4489 | 4424 6848 | 8be9 4c89 
  0x0000026797b8f6d8: 4c24 584d | 8b9f b801 | 0000 4c89 | 9424 8000 | 0000 4983 | c217 4983 | e2f8 4d8b | c34d 03c2 
  0x0000026797b8f6f8: 4d3b 87c8 | 0100 000f | 83cd 0600 | 004d 8987 | b801 0000 | 410f 1880 | 0001 0000 | 49c7 0301 
  0x0000026797b8f718: 0000 0041 | 0f18 8040 

  0x0000026797b8f720: ;   {metadata({type array byte})}
  0x0000026797b8f720: 0100 0041 | c743 0818 | 2300 0041 | 895b 0c41 | 0f18 8080 | 0100 0049 | 8bd3 4883 | c210 498b 
  0x0000026797b8f740: db4c 8b94 | 2480 0000 | 0049 83c2 | 0749 c1ea | 0348 8b4c | 2460 4d8b | c2c5 f877 | 49ba 6074 
  0x0000026797b8f760: 3b97 6702 | 0000 41ff 

  0x0000026797b8f768: ;   {other}
  0x0000026797b8f768: d20f 1f84 | 0000 0000 | 004c 8bd3 | e925 f5ff | ff4c 894c | 2458 488b | e944 8944 | 2468 4889 
  0x0000026797b8f788: 5424 7089 | 7c24 6c8b | f344 895c | 2478 4889 | 4424 604c | 8994 2480 

  0x0000026797b8f7a0: ;   {metadata({type array byte})}
  0x0000026797b8f7a0: 0000 0048 | ba18 2300 | 9f67 0200 | 0044 8bc6 

  0x0000026797b8f7b0: ;   {runtime_call _new_array_nozero_Java}
  0x0000026797b8f7b0: c5f8 77e8 

  0x0000026797b8f7b4: ; ImmutableOopMap {rbp=Oop [96]=Derived_oop_rbp [32]=Oop [40]=Oop [56]=NarrowOop [64]=Oop [72]=Oop [80]=Oop [88]=Oop [112]=Oop [144]=NarrowOop [148]=NarrowOop }
                      ;*invokevirtual clone {reexecute=1 rethrow=0 return_oop=1}
                      ; - (reexecute) java.util.Arrays::copyOf@7 (line 3539)
                      ; - jdk.internal.loader.Resource::getBytes@94 (line 120)
                      ; - java.net.URLClassLoader::defineClass@179 (line 519)
                      ; - java.net.URLClassLoader$1::run@43 (line 427)
                      ; - java.net.URLClassLoader$1::run@1 (line 421)
  0x0000026797b8f7b4: c8b5 8fff 

  0x0000026797b8f7b8: ;   {other}
  0x0000026797b8f7b8: 0f1f 8400 | 2885 00c8 | 4c8b d8e9 | 82d5 ffff | 8944 2424 | 448b 5424 | 6444 8954 | 2420 488b 
  0x0000026797b8f7d8: ac24 8000 | 0000 ba45 | ffff ff4c | 8b54 2450 | 4c89 5424 | 2866 6690 

  0x0000026797b8f7f0: ;   {runtime_call UncommonTrapBlob}
  0x0000026797b8f7f0: c5f8 77e8 

  0x0000026797b8f7f4: ; ImmutableOopMap {rbp=Oop [40]=Oop [56]=NarrowOop [64]=Oop [72]=Oop [88]=Oop [144]=NarrowOop [148]=NarrowOop }
                      ;*ifge {reexecute=1 rethrow=0 return_oop=0}
                      ; - (reexecute) jdk.internal.loader.Resource::getBytes@135 (line 131)
                      ; - java.net.URLClassLoader::defineClass@179 (line 519)
                      ; - java.net.URLClassLoader$1::run@43 (line 427)
                      ; - java.net.URLClassLoader$1::run@1 (line 421)
  0x0000026797b8f7f4: 0842 84ff 

  0x0000026797b8f7f8: ;   {other}
  0x0000026797b8f7f8: 0f1f 8400 | 6885 00c9 | 4489 5c24 | 2489 7c24 | 2048 8be9 | ba45 ffff | ff4c 8b54 | 2450 4c89 
  0x0000026797b8f818: 5424 284c | 894c 2458 | 4489 4424 | 6066 6690 

  0x0000026797b8f828: ;   {runtime_call UncommonTrapBlob}
  0x0000026797b8f828: c5f8 77e8 

  0x0000026797b8f82c: ; ImmutableOopMap {rbp=Oop [40]=Oop [56]=NarrowOop [64]=Oop [72]=Oop [88]=Oop [144]=NarrowOop [148]=NarrowOop }
                      ;*ifge {reexecute=1 rethrow=0 return_oop=0}
                      ; - (reexecute) jdk.internal.loader.Resource::getBytes@78 (line 116)
                      ; - java.net.URLClassLoader::defineClass@179 (line 519)
                      ; - java.net.URLClassLoader$1::run@43 (line 427)
                      ; - java.net.URLClassLoader$1::run@1 (line 421)
  0x0000026797b8f82c: d041 84ff 

  0x0000026797b8f830: ;   {other}
  0x0000026797b8f830: 0f1f 8400 | a085 00ca | baf6 ffff | ff48 8b6c | 2450 4c8b | 4424 404c | 8944 2420 | 4489 5424 
  0x0000026797b8f850: 3c66 6690 

  0x0000026797b8f854: ;   {runtime_call UncommonTrapBlob}
  0x0000026797b8f854: c5f8 77e8 

  0x0000026797b8f858: ; ImmutableOopMap {rbp=Oop [32]=Oop [56]=NarrowOop [72]=Oop [88]=Oop [144]=NarrowOop [148]=NarrowOop }
                      ;*invokevirtual length {reexecute=0 rethrow=0 return_oop=0}
                      ; - jdk.internal.loader.URLClassPath$FileLoader$1::getContentLength@4 (line 1121)
                      ; - jdk.internal.loader.Resource::getBytes@10 (line 100)
                      ; - java.net.URLClassLoader::defineClass@179 (line 519)
                      ; - java.net.URLClassLoader$1::run@43 (line 427)
                      ; - java.net.URLClassLoader$1::run@1 (line 421)
  0x0000026797b8f858: a441 84ff 

  0x0000026797b8f85c: ;   {other}
  0x0000026797b8f85c: 0f1f 8400 | cc85 00cb | bac6 ffff | ff48 894c | 2438 4489 | 5c24 4890 

  0x0000026797b8f874: ;   {runtime_call UncommonTrapBlob}
  0x0000026797b8f874: c5f8 77e8 

  0x0000026797b8f878: ; ImmutableOopMap {[56]=Oop [64]=Oop [80]=Oop [144]=NarrowOop [148]=NarrowOop }
                      ;*invokevirtual getCodeSourceURL {reexecute=0 rethrow=0 return_oop=0}
                      ; - java.net.URLClassLoader::defineClass@13 (line 487)
                      ; - java.net.URLClassLoader$1::run@43 (line 427)
                      ; - java.net.URLClassLoader$1::run@1 (line 421)
  0x0000026797b8f878: 8441 84ff 

  0x0000026797b8f87c: ;   {other}
  0x0000026797b8f87c: 0f1f 8400 | ec85 00cc | bac6 ffff | ff66 6690 

  0x0000026797b8f88c: ;   {runtime_call UncommonTrapBlob}
  0x0000026797b8f88c: c5f8 77e8 

  0x0000026797b8f890: ; ImmutableOopMap {[56]=NarrowOop [64]=Oop [80]=Oop [144]=NarrowOop [148]=NarrowOop }
                      ;*invokevirtual getBytes {reexecute=0 rethrow=0 return_oop=0}
                      ; - java.net.URLClassLoader::defineClass@179 (line 519)
                      ; - java.net.URLClassLoader$1::run@43 (line 427)
                      ; - java.net.URLClassLoader$1::run@1 (line 421)
  0x0000026797b8f890: 6c41 84ff 

  0x0000026797b8f894: ;   {other}
  0x0000026797b8f894: 0f1f 8400 | 0486 00cd | 4c63 f3e9 | fccb ffff | 4983 c0fe | 498b c849 | 8bfb 4833 | c048 83f9 
  0x0000026797b8f8b4: 087f 1048 | ffc9 784f | 4889 04cf | 48ff c97d | f7eb 44c5 | fdef c0e9 | 0d00 0000 | c5fe 7f07 
  0x0000026797b8f8d4: c5fe 7f47 | 2048 83c7 | 4048 83e9 | 087d ed48 | 83c1 047c | 0cc5 fe7f | 0748 83c7 | 2048 83e9 
  0x0000026797b8f8f4: 0448 83c1 | 047e 1048 | ffc9 c5f9 | d607 4883 | c708 48ff | c97d f3e9 | abcc ffff | 418b e8e9 
  0x0000026797b8f914: 1fd8 ffff | 418b e8e9 | 1fd8 ffff | ba45 ffff | ff4c 8b54 | 2450 4c89 | 5424 204c | 8b54 2440 
  0x0000026797b8f934: 4c89 5424 | 2866 6690 

  0x0000026797b8f93c: ;   {runtime_call UncommonTrapBlob}
  0x0000026797b8f93c: c5f8 77e8 

  0x0000026797b8f940: ; ImmutableOopMap {[32]=Oop [40]=Oop [56]=NarrowOop [72]=Oop [88]=Oop [136]=Oop [144]=NarrowOop [148]=NarrowOop }
                      ;*ifeq {reexecute=1 rethrow=0 return_oop=0}
                      ; - (reexecute) java.lang.Thread::getAndClearInterrupt@6 (line 1783)
                      ; - java.lang.Thread::interrupted@3 (line 1746)
                      ; - jdk.internal.loader.Resource::getBytes@5 (line 96)
                      ; - java.net.URLClassLoader::defineClass@179 (line 519)
                      ; - java.net.URLClassLoader$1::run@43 (line 427)
                      ; - java.net.URLClassLoader$1::run@1 (line 421)
  0x0000026797b8f940: bc40 84ff 

  0x0000026797b8f944: ;   {other}
  0x0000026797b8f944: 0f1f 8400 | b486 00ce | ba45 ffff | ff48 8b6c | 2450 4c8b | 5424 404c | 8954 2420 | 4c8b 5424 
  0x0000026797b8f964: 484c 8954 | 2440 4889 | 4c24 484c | 8b54 2458 | 4c89 5424 | 5044 8944 | 2458 6690 

  0x0000026797b8f980: ;   {runtime_call UncommonTrapBlob}
  0x0000026797b8f980: c5f8 77e8 

  0x0000026797b8f984: ; ImmutableOopMap {rbp=Oop [32]=Oop [56]=NarrowOop [64]=Oop [72]=Oop [80]=Oop [144]=NarrowOop [148]=NarrowOop }
                      ;*if_icmpne {reexecute=1 rethrow=0 return_oop=0}
                      ; - (reexecute) jdk.internal.loader.Resource::getBytes@36 (line 110)
                      ; - java.net.URLClassLoader::defineClass@179 (line 519)
                      ; - java.net.URLClassLoader$1::run@43 (line 427)
                      ; - java.net.URLClassLoader$1::run@1 (line 421)
  0x0000026797b8f984: 7840 84ff 

  0x0000026797b8f988: ;   {other}
  0x0000026797b8f988: 0f1f 8400 | f886 00cf | 498b d349 | 8bda 4d8b | d04c 63c5 | 4d8d 5810 | 4d8b cb49 | 83e1 f848 
  0x0000026797b8f9a8: 8bfb 4903 | f949 c1eb | 034d 2bd3 | 498b ca48 | 33c0 4883 | f908 7f10 | 48ff c978 | 4f48 8904 
  0x0000026797b8f9c8: cf48 ffc9 | 7df7 eb44 | c5fd efc0 | e90d 0000 | 00c5 fe7f | 07c5 fe7f | 4720 4883 | c740 4883 
  0x0000026797b8f9e8: e908 7ded | 4883 c104 | 7c0c c5fe | 7f07 4883 | c720 4883 | e904 4883 | c104 7e10 | 48ff c9c5 
  0x0000026797b8fa08: f9d6 0748 | 83c7 0848 | ffc9 7df3 | 488b 8c24 | 8000 0000 | c5f8 7749 | bac0 6d3b | 9767 0200 
  0x0000026797b8fa28: 0041 ffd2 

  0x0000026797b8fa2c: ;   {other}
  0x0000026797b8fa2c: 0f1f 8400 | 0000 0000 | 4c8b d3e9 | 62f2 ffff | 4889 4c24 | 5844 8954 | 243c 4c89 | 5c24 4848 
  0x0000026797b8fa4c: 897c 2420 

  0x0000026797b8fa50: ;   {metadata('java/io/FileInputStream$1')}
  0x0000026797b8fa50: 48ba 00c0 | 1b9f 6702 | 0000 6690 

  0x0000026797b8fa5c: ;   {runtime_call _new_instance_Java}
  0x0000026797b8fa5c: c5f8 77e8 

  0x0000026797b8fa60: ; ImmutableOopMap {rbp=NarrowOop [32]=Oop [40]=Oop [56]=NarrowOop [64]=Oop [72]=Oop [80]=Oop [88]=Oop [144]=NarrowOop [148]=NarrowOop }
                      ;*new {reexecute=0 rethrow=0 return_oop=1}
                      ; - java.io.FileInputStream::close@57 (line 524)
                      ; - jdk.internal.loader.Resource::getBytes@183 (line 145)
                      ; - jdk.internal.loader.URLClassPath$JarLoader$2::getBytes@1 (line 862)
                      ; - java.net.URLClassLoader::defineClass@179 (line 519)
                      ; - java.net.URLClassLoader$1::run@43 (line 427)
                      ; - java.net.URLClassLoader$1::run@1 (line 421)
  0x0000026797b8fa60: 1c69 8fff 

  0x0000026797b8fa64: ;   {other}
  0x0000026797b8fa64: 0f1f 8400 | d487 00d0 | 488b 7c24 | 204c 8b5c | 2448 448b | 5424 3c48 | 8b4c 2458 | e958 d8ff 
  0x0000026797b8fa84: ffba c6ff | ffff 488b | 6c24 504c | 8b44 2440 | 4c89 4424 | 2048 897c | 2448 4c89 | 5c24 5044 
  0x0000026797b8faa4: 8954 243c | 4889 4c24 | 5866 6690 

  0x0000026797b8fab0: ;   {runtime_call UncommonTrapBlob}
  0x0000026797b8fab0: c5f8 77e8 

  0x0000026797b8fab4: ; ImmutableOopMap {rbp=Oop [32]=Oop [56]=NarrowOop [72]=Oop [80]=Oop [88]=Oop [144]=NarrowOop [148]=NarrowOop }
                      ;*invokevirtual close {reexecute=0 rethrow=0 return_oop=0}
                      ; - jdk.internal.loader.Resource::getBytes@183 (line 145)
                      ; - jdk.internal.loader.URLClassPath$JarLoader$2::getBytes@1 (line 862)
                      ; - java.net.URLClassLoader::defineClass@179 (line 519)
                      ; - java.net.URLClassLoader$1::run@43 (line 427)
                      ; - java.net.URLClassLoader$1::run@1 (line 421)
  0x0000026797b8fab4: 483f 84ff 

  0x0000026797b8fab8: ;   {other}
  0x0000026797b8fab8: 0f1f 8400 | 2888 00d1 | 4889 7c24 | 5848 894c | 2448 4c89 | 5c24 7844 | 894c 243c | 4489 5424 
  0x0000026797b8fad8: 6c89 5424 | 604c 896c | 2470 4489 | 4424 6848 | 8be8 4889 

  0x0000026797b8faec: ;   {metadata({type array byte})}
  0x0000026797b8faec: 5c24 2048 | ba18 2300 | 9f67 0200 | 0044 8bc6 

  0x0000026797b8fafc: ;   {runtime_call _new_array_nozero_Java}
  0x0000026797b8fafc: c5f8 77e8 

  0x0000026797b8fb00: ; ImmutableOopMap {[40]=Oop [56]=NarrowOop [64]=Oop [72]=Oop [80]=Oop [88]=Oop [112]=Oop [120]=Oop rbp=Derived_oop_[120] [136]=Oop [144]=NarrowOop [148]=NarrowOop }
                      ;*invokevirtual clone {reexecute=1 rethrow=0 return_oop=1}
                      ; - (reexecute) java.util.Arrays::copyOf@7 (line 3539)
                      ; - jdk.internal.loader.Resource::getBytes@94 (line 120)
                      ; - jdk.internal.loader.URLClassPath$JarLoader$2::getBytes@1 (line 862)
                      ; - java.net.URLClassLoader::defineClass@179 (line 519)
                      ; - java.net.URLClassLoader$1::run@43 (line 427)
                      ; - java.net.URLClassLoader$1::run@1 (line 421)
  0x0000026797b8fb00: 7cb2 8fff 

  0x0000026797b8fb04: ;   {other}
  0x0000026797b8fb04: 0f1f 8400 | 7488 00d2 | 4c8b c0e9 | c5d8 ffff | 488b ac24 | 8000 0000 | e992 daff | ff89 5424 
  0x0000026797b8fb24: 2041 8be8 | e9ad daff | ffba 76ff | ffff 488b | 6c24 504c | 8b54 2440 | 4c89 5424 | 2048 897c 
  0x0000026797b8fb44: 2448 4c89 | 5c24 5048 | 894c 2458 | 4489 4c24 | 6066 6690 

  0x0000026797b8fb58: ;   {runtime_call UncommonTrapBlob}
  0x0000026797b8fb58: c5f8 77e8 

  0x0000026797b8fb5c: ; ImmutableOopMap {rbp=Oop [32]=Oop [56]=NarrowOop [72]=Oop [80]=Oop [88]=Oop [144]=NarrowOop [148]=NarrowOop }
                      ;*if_icmpge {reexecute=1 rethrow=0 return_oop=0}
                      ; - (reexecute) jdk.internal.loader.Resource::getBytes@50 (line 112)
                      ; - jdk.internal.loader.URLClassPath$JarLoader$2::getBytes@1 (line 862)
                      ; - java.net.URLClassLoader::defineClass@179 (line 519)
                      ; - java.net.URLClassLoader$1::run@43 (line 427)
                      ; - java.net.URLClassLoader$1::run@1 (line 421)
  0x0000026797b8fb5c: a03e 84ff 

  0x0000026797b8fb60: ;   {other}
  0x0000026797b8fb60: 0f1f 8400 | d088 00d3 | 4c89 4c24 | 5848 894c | 2460 4489 | 4424 6844 | 895c 246c | 4489 5424 
  0x0000026797b8fb80: 7048 8974 | 2478 897c | 2474 4889 | 9424 8000 | 0000 4889 | 8424 8800 | 0000 4889 | 9c24 9800 
  0x0000026797b8fba0: ;   {metadata({type array byte})}
  0x0000026797b8fba0: 0000 48ba | 1823 009f | 6702 0000 | 448b 4424 | 7066 6690 

  0x0000026797b8fbb4: ;   {runtime_call _new_array_nozero_Java}
  0x0000026797b8fbb4: c5f8 77e8 

  0x0000026797b8fbb8: ; ImmutableOopMap {[32]=Oop [40]=Oop [56]=NarrowOop [64]=Oop [72]=Oop [80]=Oop [88]=Oop [96]=Oop [128]=Derived_oop_[96] [120]=Oop [144]=NarrowOop [148]=NarrowOop }
                      ;*newarray {reexecute=0 rethrow=0 return_oop=1}
                      ; - java.util.Arrays::copyOf@15 (line 3541)
                      ; - jdk.internal.loader.Resource::getBytes@94 (line 120)
                      ; - java.net.URLClassLoader::defineClass@179 (line 519)
                      ; - java.net.URLClassLoader$1::run@43 (line 427)
                      ; - java.net.URLClassLoader$1::run@1 (line 421)
  0x0000026797b8fbb8: c4b1 8fff 

  0x0000026797b8fbbc: ;   {other}
  0x0000026797b8fbbc: 0f1f 8400 | 2c89 00d4 | 4c8b c0e9 | 6ef0 ffff | baf6 ffff | ff48 8b6c | 2450 4c8b | 4424 404c 
  0x0000026797b8fbdc: 8944 2420 | 4889 7c24 | 484c 895c | 2450 4489 | 5424 3c48 | 894c 2458 

  0x0000026797b8fbf4: ;   {runtime_call UncommonTrapBlob}
  0x0000026797b8fbf4: c5f8 77e8 

  0x0000026797b8fbf8: ; ImmutableOopMap {rbp=Oop [32]=Oop [56]=NarrowOop [72]=Oop [80]=Oop [88]=Oop [144]=NarrowOop [148]=NarrowOop }
                      ;*monitorenter {reexecute=0 rethrow=0 return_oop=0}
                      ; - java.io.FileInputStream::close@14 (line 510)
                      ; - jdk.internal.loader.Resource::getBytes@183 (line 145)
                      ; - jdk.internal.loader.URLClassPath$JarLoader$2::getBytes@1 (line 862)
                      ; - java.net.URLClassLoader::defineClass@179 (line 519)
                      ; - java.net.URLClassLoader$1::run@43 (line 427)
                      ; - java.net.URLClassLoader$1::run@1 (line 421)
  0x0000026797b8fbf8: 043e 84ff 

  0x0000026797b8fbfc: ;   {other}
  0x0000026797b8fbfc: 0f1f 8400 | 6c89 00d5 | 4c89 4c24 | 5848 894c | 2448 4489 | 5424 3c4c | 895c 2420 | 488b ef49 
  0x0000026797b8fc1c: 8bd1 4c8d | 8424 d000 | 0000 6690 

  0x0000026797b8fc28: ;   {runtime_call _complete_monitor_locking_Java}
  0x0000026797b8fc28: c5f8 77e8 

  0x0000026797b8fc2c: ; ImmutableOopMap {rbp=Oop [32]=Oop [40]=Oop [56]=NarrowOop [64]=Oop [72]=Oop [80]=Oop [88]=Oop [144]=NarrowOop [148]=NarrowOop }
                      ;*monitorenter {reexecute=0 rethrow=0 return_oop=0}
                      ; - java.io.FileInputStream::close@14 (line 510)
                      ; - jdk.internal.loader.Resource::getBytes@183 (line 145)
                      ; - jdk.internal.loader.URLClassPath$JarLoader$2::getBytes@1 (line 862)
                      ; - java.net.URLClassLoader::defineClass@179 (line 519)
                      ; - java.net.URLClassLoader$1::run@43 (line 427)
                      ; - java.net.URLClassLoader$1::run@1 (line 421)
  0x0000026797b8fc2c: d0cd 8fff 

  0x0000026797b8fc30: ;   {other}
  0x0000026797b8fc30: 0f1f 8400 | a089 00d6 | 488b fd4c | 8b5c 2420 | 448b 5424 | 3c48 8b4c | 2448 4c8b | 4c24 58e9 
  0x0000026797b8fc50: 39c4 ffff | baf6 ffff | ff48 8b6c | 2450 4c8b | 4c24 404c | 894c 2420 | 4889 7c24 | 484c 895c 
  0x0000026797b8fc70: 2450 4489 | 5424 3c4c | 8944 2458 

  0x0000026797b8fc7c: ;   {runtime_call UncommonTrapBlob}
  0x0000026797b8fc7c: c5f8 77e8 

  0x0000026797b8fc80: ; ImmutableOopMap {rbp=Oop [32]=Oop [56]=NarrowOop [72]=Oop [80]=Oop [88]=Oop [144]=NarrowOop [148]=NarrowOop }
                      ;*invokevirtual closeAll {reexecute=0 rethrow=0 return_oop=0}
                      ; - java.io.FileInputStream::close@65 (line 524)
                      ; - jdk.internal.loader.Resource::getBytes@183 (line 145)
                      ; - jdk.internal.loader.URLClassPath$JarLoader$2::getBytes@1 (line 862)
                      ; - java.net.URLClassLoader::defineClass@179 (line 519)
                      ; - java.net.URLClassLoader$1::run@43 (line 427)
                      ; - java.net.URLClassLoader$1::run@1 (line 421)
  0x0000026797b8fc80: 7c3d 84ff 

  0x0000026797b8fc84: ;   {other}
  0x0000026797b8fc84: 0f1f 8400 | f489 00d7 | 488b e945 | 8bea 498b | f349 8bc9 | 488d 9424 | d000 0000 | 4d8b c7c5 
  0x0000026797b8fca4: f877 49ba | 707a eeb6 | f87f 0000 

  0x0000026797b8fcb0: ;   {other}
  0x0000026797b8fcb0: 41ff d20f | 1f84 0000 | 0000 004c | 8bde 458b | d548 8bcd | e994 d5ff | ff49 63c2 | e9ac eeff 
  0x0000026797b8fcd0: ff49 83c0 | fe49 8bc8 | 498b fb48 | 33c0 4883 | f908 7f10 | 48ff c978 | 4f48 8904 | cf48 ffc9 
  0x0000026797b8fcf0: 7df7 eb44 | c5fd efc0 | e90d 0000 | 00c5 fe7f | 07c5 fe7f | 4720 4883 | c740 4883 | e908 7ded 
  0x0000026797b8fd10: 4883 c104 | 7c0c c5fe | 7f07 4883 | c720 4883 | e904 4883 | c104 7e10 | 48ff c9c5 | f9d6 0748 
  0x0000026797b8fd30: 83c7 0848 | ffc9 7df3 | e961 efff | ff8b efe9 | c1f7 ffff | 8bef e9c8 | f7ff ff4c | 894c 2458 
  0x0000026797b8fd50: 4489 5c24 

  0x0000026797b8fd54: ;   {metadata('java/io/FileInputStream$1')}
  0x0000026797b8fd54: 3c48 ba00 | c01b 9f67 | 0200 0090 

  0x0000026797b8fd60: ;   {runtime_call _new_instance_Java}
  0x0000026797b8fd60: c5f8 77e8 

  0x0000026797b8fd64: ; ImmutableOopMap {rbp=NarrowOop [32]=Oop [40]=Oop [56]=NarrowOop [64]=Oop [72]=Oop [80]=Oop [88]=Oop [144]=NarrowOop [148]=NarrowOop }
                      ;*new {reexecute=0 rethrow=0 return_oop=1}
                      ; - java.io.FileInputStream::close@57 (line 524)
                      ; - jdk.internal.loader.Resource::getBytes@183 (line 145)
                      ; - java.net.URLClassLoader::defineClass@179 (line 519)
                      ; - java.net.URLClassLoader$1::run@43 (line 427)
                      ; - java.net.URLClassLoader$1::run@1 (line 421)
  0x0000026797b8fd64: 1866 8fff 

  0x0000026797b8fd68: ;   {other}
  0x0000026797b8fd68: 0f1f 8400 | d88a 00d8 | 448b 5c24 | 3c4c 8b4c | 2458 e9f5 | f8ff ffba | c6ff ffff | 488b 6c24 
  0x0000026797b8fd88: 504c 8b44 | 2440 4c89 | 4424 2844 | 895c 2444 

  0x0000026797b8fd98: ;   {runtime_call UncommonTrapBlob}
  0x0000026797b8fd98: c5f8 77e8 

  0x0000026797b8fd9c: ; ImmutableOopMap {rbp=Oop [32]=Oop [40]=Oop [56]=NarrowOop [72]=Oop [88]=Oop [144]=NarrowOop [148]=NarrowOop }
                      ;*invokevirtual close {reexecute=0 rethrow=0 return_oop=0}
                      ; - jdk.internal.loader.Resource::getBytes@183 (line 145)
                      ; - java.net.URLClassLoader::defineClass@179 (line 519)
                      ; - java.net.URLClassLoader$1::run@43 (line 427)
                      ; - java.net.URLClassLoader$1::run@1 (line 421)
  0x0000026797b8fd9c: 603c 84ff 

  0x0000026797b8fda0: ;   {other}
  0x0000026797b8fda0: 0f1f 8400 | 108b 00d9 | 4c89 4c24 | 5848 8be9 | 4489 4424 | 6844 895c | 246c 4889 | 7424 7889 
  0x0000026797b8fdc0: 7c24 748b | c348 8954 | 2460 4c89 | 9424 8000 

  0x0000026797b8fdd0: ;   {metadata({type array byte})}
  0x0000026797b8fdd0: 0000 48ba | 1823 009f | 6702 0000 | 448b c090 

  0x0000026797b8fde0: ;   {runtime_call _new_array_nozero_Java}
  0x0000026797b8fde0: c5f8 77e8 

  0x0000026797b8fde4: ; ImmutableOopMap {rbp=Oop [96]=Derived_oop_rbp [32]=Oop [40]=Oop [56]=NarrowOop [64]=Oop [72]=Oop [80]=Oop [88]=Oop [120]=Oop [144]=NarrowOop [148]=NarrowOop }
                      ;*invokevirtual clone {reexecute=1 rethrow=0 return_oop=1}
                      ; - (reexecute) java.util.Arrays::copyOf@7 (line 3539)
                      ; - jdk.internal.loader.Resource::getBytes@94 (line 120)
                      ; - java.net.URLClassLoader::defineClass@179 (line 519)
                      ; - java.net.URLClassLoader$1::run@43 (line 427)
                      ; - java.net.URLClassLoader$1::run@1 (line 421)
  0x0000026797b8fde4: 98af 8fff 

  0x0000026797b8fde8: ;   {other}
  0x0000026797b8fde8: 0f1f 8400 | 588b 00da | 4c8b d8e9 | 3ff9 ffff | 4489 4424 | 2444 8b54 | 2464 4489 | 5424 2048 
  0x0000026797b8fe08: 8bac 2498 | 0000 00e9 | caf9 ffff | 4489 5c24 | 2489 7c24 | 2048 8be9 | e9e7 f9ff | ffba 76ff 
  0x0000026797b8fe28: ffff 488b | 6c24 504c | 8b54 2440 | 4c89 5424 | 204c 8b54 | 2448 4c89 | 5424 4048 | 894c 2448 
  0x0000026797b8fe48: 4c89 4c24 | 5044 8944 | 245c 6690 

  0x0000026797b8fe54: ;   {runtime_call UncommonTrapBlob}
  0x0000026797b8fe54: c5f8 77e8 

  0x0000026797b8fe58: ; ImmutableOopMap {rbp=Oop [32]=Oop [56]=NarrowOop [64]=Oop [72]=Oop [80]=Oop [144]=NarrowOop [148]=NarrowOop }
                      ;*if_icmpge {reexecute=1 rethrow=0 return_oop=0}
                      ; - (reexecute) jdk.internal.loader.Resource::getBytes@50 (line 112)
                      ; - java.net.URLClassLoader::defineClass@179 (line 519)
                      ; - java.net.URLClassLoader$1::run@43 (line 427)
                      ; - java.net.URLClassLoader$1::run@1 (line 421)
  0x0000026797b8fe58: a43b 84ff 

  0x0000026797b8fe5c: ;   {other}
  0x0000026797b8fe5c: 0f1f 8400 | cc8b 00db | baf6 ffff | ff48 8b6c | 2450 4c8b | 5424 404c | 8954 2428 | 4489 5c24 
  0x0000026797b8fe7c: 444c 894c | 2450 6690 

  0x0000026797b8fe84: ;   {runtime_call UncommonTrapBlob}
  0x0000026797b8fe84: c5f8 77e8 

  0x0000026797b8fe88: ; ImmutableOopMap {rbp=Oop [32]=Oop [40]=Oop [56]=NarrowOop [72]=Oop [80]=Oop [144]=NarrowOop [148]=NarrowOop }
                      ;*monitorenter {reexecute=0 rethrow=0 return_oop=0}
                      ; - java.io.FileInputStream::close@14 (line 510)
                      ; - jdk.internal.loader.Resource::getBytes@183 (line 145)
                      ; - java.net.URLClassLoader::defineClass@179 (line 519)
                      ; - java.net.URLClassLoader$1::run@43 (line 427)
                      ; - java.net.URLClassLoader$1::run@1 (line 421)
  0x0000026797b8fe88: 743b 84ff 

  0x0000026797b8fe8c: ;   {other}
  0x0000026797b8fe8c: 0f1f 8400 | fc8b 00dc | 4c89 4424 | 604c 894c | 2458 418b | eb49 8bd0 | 4c8d 8424 | d000 0000 
  0x0000026797b8feac: ;   {runtime_call _complete_monitor_locking_Java}
  0x0000026797b8feac: c5f8 77e8 

  0x0000026797b8feb0: ; ImmutableOopMap {[32]=Oop [40]=Oop [56]=NarrowOop [64]=Oop [72]=Oop [80]=Oop [88]=Oop [96]=Oop [144]=NarrowOop [148]=NarrowOop }
                      ;*monitorenter {reexecute=0 rethrow=0 return_oop=0}
                      ; - java.io.FileInputStream::close@14 (line 510)
                      ; - jdk.internal.loader.Resource::getBytes@183 (line 145)
                      ; - java.net.URLClassLoader::defineClass@179 (line 519)
                      ; - java.net.URLClassLoader$1::run@43 (line 427)
                      ; - java.net.URLClassLoader$1::run@1 (line 421)
  0x0000026797b8feb0: 4ccb 8fff 

  0x0000026797b8feb4: ;   {other}
  0x0000026797b8feb4: 0f1f 8400 | 248c 00dd | 448b dd4c | 8b4c 2458 | 4c8b 4424 | 60e9 c1e9 | ffff baf6 | ffff ff48 
  0x0000026797b8fed4: 8b6c 2450 | 4c8b 5424 | 404c 8954 | 2428 4489 | 5c24 444c | 8944 2450 

  0x0000026797b8feec: ;   {runtime_call UncommonTrapBlob}
  0x0000026797b8feec: c5f8 77e8 

  0x0000026797b8fef0: ; ImmutableOopMap {rbp=Oop [32]=Oop [40]=Oop [56]=NarrowOop [72]=Oop [80]=Oop [144]=NarrowOop [148]=NarrowOop }
                      ;*invokevirtual closeAll {reexecute=0 rethrow=0 return_oop=0}
                      ; - java.io.FileInputStream::close@65 (line 524)
                      ; - jdk.internal.loader.Resource::getBytes@183 (line 145)
                      ; - java.net.URLClassLoader::defineClass@179 (line 519)
                      ; - java.net.URLClassLoader$1::run@43 (line 427)
                      ; - java.net.URLClassLoader$1::run@1 (line 421)
  0x0000026797b8fef0: 0c3b 84ff 

  0x0000026797b8fef4: ;   {other}
  0x0000026797b8fef4: 0f1f 8400 | 648c 00de | 498b f941 | 8bdb 498b | c848 8d94 | 24d0 0000 | 004d 8bc7 | c5f8 7749 
  0x0000026797b8ff14: ba70 7aee | b6f8 7f00 | 0041 ffd2 

  0x0000026797b8ff20: ;   {other}
  0x0000026797b8ff20: 0f1f 8400 | 0000 0000 | 448b db4c | 8bcf e9d2 | f6ff ffba | deff ffff | 48ff 7424 | 5048 8f44 
  0x0000026797b8ff40: 2420 48ff | 7424 4048 | 8f44 2428 | 4c89 6c24 | 404c 895c | 2460 4c89 | 4c24 6889 | 7424 704c 
  0x0000026797b8ff60: 895c 2478 

  0x0000026797b8ff64: ;   {runtime_call UncommonTrapBlob}
  0x0000026797b8ff64: c5f8 77e8 

  0x0000026797b8ff68: ; ImmutableOopMap {rbp=NarrowOop [32]=Oop [40]=Oop [64]=Oop [96]=Oop [104]=Oop [112]=NarrowOop [120]=Oop [144]=NarrowOop [148]=NarrowOop }
                      ;*checkcast {reexecute=0 rethrow=0 return_oop=0}
                      ; - java.lang.ClassLoader::getDefinedPackage@16 (line 2263)
                      ; - java.net.URLClassLoader::getAndVerifyPackage@2 (line 457)
                      ; - java.net.URLClassLoader::defineClass@46 (line 492)
                      ; - java.net.URLClassLoader$1::run@43 (line 427)
                      ; - java.net.URLClassLoader$1::run@1 (line 421)
  0x0000026797b8ff68: 943a 84ff 

  0x0000026797b8ff6c: ;   {other}
  0x0000026797b8ff6c: 0f1f 8400 | dc8c 00df | bade ffff | ff48 8b6c | 2450 4c8b | 5424 404c | 8954 2428 | 4c8b 5424 
  0x0000026797b8ff8c: 584c 8954 | 2440 4889 | 4424 7090 

  0x0000026797b8ff98: ;   {runtime_call UncommonTrapBlob}
  0x0000026797b8ff98: c5f8 77e8 

  0x0000026797b8ff9c: ; ImmutableOopMap {rbp=Oop [32]=NarrowOop [40]=Oop [64]=Oop [72]=Oop [96]=Oop [112]=Oop [144]=NarrowOop [148]=NarrowOop }
                      ;*checkcast {reexecute=0 rethrow=0 return_oop=0}
                      ; - java.lang.ClassLoader::definePackage@81 (line 2129)
                      ; - java.lang.ClassLoader::getDefinedPackage@32 (line 2267)
                      ; - java.net.URLClassLoader::getAndVerifyPackage@2 (line 457)
                      ; - java.net.URLClassLoader::defineClass@46 (line 492)
                      ; - java.net.URLClassLoader$1::run@43 (line 427)
                      ; - java.net.URLClassLoader$1::run@1 (line 421)
  0x0000026797b8ff9c: 603a 84ff 

  0x0000026797b8ffa0: ;   {other}
  0x0000026797b8ffa0: 0f1f 8400 | 108d 00e0 | bade ffff | ff48 ff74 | 2450 488f | 4424 2048 | ff74 2440 | 488f 4424 
  0x0000026797b8ffc0: 284c 896c | 2440 8974 | 2448 4c89 | 5c24 604c | 8954 2468 | 4c89 4c24 | 704c 894c | 2478 4889 
  0x0000026797b8ffe0: bc24 8000 | 0000 6690 

  0x0000026797b8ffe8: ;   {runtime_call UncommonTrapBlob}
  0x0000026797b8ffe8: c5f8 77e8 

  0x0000026797b8ffec: ; ImmutableOopMap {rbp=NarrowOop [32]=Oop [40]=Oop [64]=Oop [72]=NarrowOop [96]=Oop [104]=Oop [112]=Oop [120]=Oop [128]=Oop [144]=NarrowOop [148]=NarrowOop }
                      ;*checkcast {reexecute=0 rethrow=0 return_oop=0}
                      ; - java.util.jar.Manifest::getAttributes@10 (line 160)
                      ; - java.util.jar.Manifest::getTrustedAttributes@2 (line 177)
                      ; - java.util.jar.JavaUtilJarAccessImpl::getTrustedAttributes@2 (line 38)
                      ; - java.net.URLClassLoader::isSealed@18 (line 601)
                      ; - java.net.URLClassLoader::getAndVerifyPackage@68 (line 469)
                      ; - java.net.URLClassLoader::defineClass@46 (line 492)
                      ; - java.net.URLClassLoader$1::run@43 (line 427)
                      ; - java.net.URLClassLoader$1::run@1 (line 421)
  0x0000026797b8ffec: 103a 84ff 

  0x0000026797b8fff0: ;   {other}
  0x0000026797b8fff0: 0f1f 8400 | 608d 00e1 | bade ffff | ff48 ff74 | 2450 488f | 4424 2048 | ff74 2440 | 488f 4424 
  0x0000026797b90010: 284c 896c | 2440 8974 | 2448 4c89 | 4c24 584c | 895c 2460 | 4c89 5424 | 6866 6690 

  0x0000026797b9002c: ;   {runtime_call UncommonTrapBlob}
  0x0000026797b9002c: c5f8 77e8 

  0x0000026797b90030: ; ImmutableOopMap {rbp=NarrowOop [32]=Oop [40]=Oop [64]=Oop [72]=NarrowOop [88]=Oop [96]=Oop [104]=Oop [144]=NarrowOop [148]=NarrowOop }
                      ;*checkcast {reexecute=0 rethrow=0 return_oop=0}
                      ; - java.util.jar.Attributes::getValue@5 (line 142)
                      ; - java.net.URLClassLoader::isSealed@58 (line 608)
                      ; - java.net.URLClassLoader::getAndVerifyPackage@68 (line 469)
                      ; - java.net.URLClassLoader::defineClass@46 (line 492)
                      ; - java.net.URLClassLoader$1::run@43 (line 427)
                      ; - java.net.URLClassLoader$1::run@1 (line 421)
  0x0000026797b90030: cc39 84ff 

  0x0000026797b90034: ;   {other}
  0x0000026797b90034: 0f1f 8400 | a48d 00e2 | bade ffff | ff48 ff74 | 2450 488f | 4424 2048 | ff74 2440 | 488f 4424 
  0x0000026797b90054: 284c 896c | 2440 8974 | 2448 4889 | 4c24 5890 

  0x0000026797b90064: ;   {runtime_call UncommonTrapBlob}
  0x0000026797b90064: c5f8 77e8 

  0x0000026797b90068: ; ImmutableOopMap {rbp=NarrowOop [32]=Oop [40]=Oop [64]=Oop [72]=NarrowOop [88]=Oop [144]=NarrowOop [148]=NarrowOop [192]=Oop }
                      ;*checkcast {reexecute=0 rethrow=0 return_oop=0}
                      ; - java.util.jar.JarFile::getManifestFromReference@14 (line 409)
                      ; - java.util.jar.JarFile::getManifest@1 (line 405)
                      ; - jdk.internal.loader.URLClassPath$JarLoader$2::getManifest@22 (line 853)
                      ; - java.net.URLClassLoader::defineClass@34 (line 491)
                      ; - java.net.URLClassLoader$1::run@43 (line 427)
                      ; - java.net.URLClassLoader$1::run@1 (line 421)
  0x0000026797b90068: 9439 84ff 

  0x0000026797b9006c: ;   {other}
  0x0000026797b9006c: 0f1f 8400 | dc8d 00e3 | bade ffff | ff48 ff74 | 2450 488f | 4424 2048 | ff74 2440 | 488f 4424 
  0x0000026797b9008c: 284c 896c | 2440 4c89 | 5c24 604c | 894c 2468 | 8974 2470 | 4c89 5c24 | 7844 8994 | 2480 0000 
  0x0000026797b900ac: 0066 6690 

  0x0000026797b900b0: ;   {runtime_call UncommonTrapBlob}
  0x0000026797b900b0: c5f8 77e8 

  0x0000026797b900b4: ; ImmutableOopMap {rbp=NarrowOop [32]=Oop [40]=Oop [64]=Oop [96]=Oop [104]=Oop [112]=NarrowOop [120]=Oop [128]=NarrowOop [144]=NarrowOop [148]=NarrowOop }
                      ;*checkcast {reexecute=0 rethrow=0 return_oop=0}
                      ; - java.lang.ClassLoader::definePackage@50 (line 2125)
                      ; - java.lang.ClassLoader::getDefinedPackage@32 (line 2267)
                      ; - java.net.URLClassLoader::getAndVerifyPackage@2 (line 457)
                      ; - java.net.URLClassLoader::defineClass@46 (line 492)
                      ; - java.net.URLClassLoader$1::run@43 (line 427)
                      ; - java.net.URLClassLoader$1::run@1 (line 421)
  0x0000026797b900b4: 4839 84ff 

  0x0000026797b900b8: ;   {other}
  0x0000026797b900b8: 0f1f 8400 | 288e 00e4 | baf6 ffff | ff48 8b6c | 2450 6690 

  0x0000026797b900cc: ;   {runtime_call UncommonTrapBlob}
  0x0000026797b900cc: c5f8 77e8 

  0x0000026797b900d0: ; ImmutableOopMap {rbp=Oop }
                      ;*invokevirtual replace {reexecute=0 rethrow=0 return_oop=0}
                      ; - java.net.URLClassLoader$1::run@8 (line 423)
                      ; - java.net.URLClassLoader$1::run@1 (line 421)
  0x0000026797b900d0: 2c39 84ff 

  0x0000026797b900d4: ;   {other}
  0x0000026797b900d4: 0f1f 8400 | 448e 00e5 | baf6 ffff | ff48 8b6c | 2450 6690 

  0x0000026797b900e8: ;   {runtime_call UncommonTrapBlob}
  0x0000026797b900e8: c5f8 77e8 

  0x0000026797b900ec: ; ImmutableOopMap {rbp=Oop }
                      ;*arraylength {reexecute=0 rethrow=0 return_oop=0}
                      ; - java.lang.StringLatin1::replace@8 (line 295)
                      ; - java.lang.String::replace@18 (line 2933)
                      ; - java.net.URLClassLoader$1::run@8 (line 423)
                      ; - java.net.URLClassLoader$1::run@1 (line 421)
  0x0000026797b900ec: 1039 84ff 

  0x0000026797b900f0: ;   {other}
  0x0000026797b900f0: 0f1f 8400 | 608e 00e6 | baf6 ffff | ff48 8944 | 2420 6690 

  0x0000026797b90104: ;   {runtime_call UncommonTrapBlob}
  0x0000026797b90104: c5f8 77e8 

  0x0000026797b90108: ; ImmutableOopMap {[32]=Oop [80]=Oop }
                      ;*getfield ucp {reexecute=1 rethrow=0 return_oop=0}
                      ; - (reexecute) java.net.URLClassLoader$1::run@21 (line 424)
                      ; - java.net.URLClassLoader$1::run@1 (line 421)
  0x0000026797b90108: f438 84ff 

  0x0000026797b9010c: ;   {other}
  0x0000026797b9010c: 0f1f 8400 | 7c8e 00e7 | baf6 ffff | ff48 ff74 | 2440 488f | 4424 2090 

  0x0000026797b90124: ;   {runtime_call UncommonTrapBlob}
  0x0000026797b90124: c5f8 77e8 

  0x0000026797b90128: ; ImmutableOopMap {[32]=Oop [80]=Oop [144]=NarrowOop }
                      ;*invokevirtual lastIndexOf {reexecute=0 rethrow=0 return_oop=0}
                      ; - java.net.URLClassLoader::defineClass@7 (line 486)
                      ; - java.net.URLClassLoader$1::run@43 (line 427)
                      ; - java.net.URLClassLoader$1::run@1 (line 421)
  0x0000026797b90128: d438 84ff 

  0x0000026797b9012c: ;   {other}
  0x0000026797b9012c: 0f1f 8400 | 9c8e 00e8 | baf6 ffff | ff48 ff74 | 2440 488f | 4424 2090 

  0x0000026797b90144: ;   {runtime_call UncommonTrapBlob}
  0x0000026797b90144: c5f8 77e8 

  0x0000026797b90148: ; ImmutableOopMap {[32]=Oop [80]=Oop [144]=NarrowOop [148]=NarrowOop }
                      ;*arraylength {reexecute=0 rethrow=0 return_oop=0}
                      ; - java.lang.String::length@4 (line 1519)
                      ; - java.lang.String::lastIndexOf@3 (line 2535)
                      ; - java.net.URLClassLoader::defineClass@7 (line 486)
                      ; - java.net.URLClassLoader$1::run@43 (line 427)
                      ; - java.net.URLClassLoader$1::run@1 (line 421)
  0x0000026797b90148: b438 84ff 

  0x0000026797b9014c: ;   {other}
  0x0000026797b9014c: 0f1f 8400 | bc8e 00e9 | baf4 ffff | ff66 6690 

  0x0000026797b9015c: ;   {runtime_call UncommonTrapBlob}
  0x0000026797b9015c: c5f8 77e8 

  0x0000026797b90160: ; ImmutableOopMap {[56]=NarrowOop [64]=Oop [80]=Oop [144]=NarrowOop [148]=NarrowOop }
                      ;*instanceof {reexecute=0 rethrow=0 return_oop=0}
                      ; - jdk.internal.loader.Resource::getByteBuffer@6 (line 164)
                      ; - java.net.URLClassLoader::defineClass@132 (line 511)
                      ; - java.net.URLClassLoader$1::run@43 (line 427)
                      ; - java.net.URLClassLoader$1::run@1 (line 421)
  0x0000026797b90160: 9c38 84ff 

  0x0000026797b90164: ;   {other}
  0x0000026797b90164: 0f1f 8400 | d48e 00ea | baf6 ffff | ff4c 896c | 2438 6690 

  0x0000026797b90178: ;   {runtime_call UncommonTrapBlob}
  0x0000026797b90178: c5f8 77e8 

  0x0000026797b9017c: ; ImmutableOopMap {[32]=Oop [56]=Oop [64]=Oop [80]=Oop [144]=NarrowOop [148]=NarrowOop }
                      ;*invokevirtual get {reexecute=0 rethrow=0 return_oop=0}
                      ; - jdk.internal.perf.PerfCounter::get@5 (line 84)
                      ; - jdk.internal.perf.PerfCounter::add@1 (line 98)
                      ; - jdk.internal.perf.PerfCounter::addElapsedTimeFrom@6 (line 120)
                      ; - java.net.URLClassLoader::defineClass@207 (line 523)
                      ; - java.net.URLClassLoader$1::run@43 (line 427)
                      ; - java.net.URLClassLoader$1::run@1 (line 421)
  0x0000026797b9017c: 8038 84ff 

  0x0000026797b90180: ;   {other}
  0x0000026797b90180: 0f1f 8400 | f08e 00eb | baf6 ffff | ff48 ff74 | 2440 488f | 4424 204c | 896c 2438 | 8974 2440 
  0x0000026797b901a0: ;   {runtime_call UncommonTrapBlob}
  0x0000026797b901a0: c5f8 77e8 

  0x0000026797b901a4: ; ImmutableOopMap {[32]=Oop [56]=Oop [64]=NarrowOop [80]=Oop [144]=NarrowOop [148]=NarrowOop [192]=Oop }
                      ;*getfield jar {reexecute=1 rethrow=0 return_oop=0}
                      ; - (reexecute) jdk.internal.loader.URLClassPath$JarLoader$2::getManifest@7 (line 852)
                      ; - java.net.URLClassLoader::defineClass@34 (line 491)
                      ; - java.net.URLClassLoader$1::run@43 (line 427)
                      ; - java.net.URLClassLoader$1::run@1 (line 421)
  0x0000026797b901a4: 5838 84ff 

  0x0000026797b901a8: ;   {other}
  0x0000026797b901a8: 0f1f 8400 | 188f 00ec | baf6 ffff | ff48 ff74 | 2440 488f | 4424 204c | 896c 2438 | 8974 2440 
  0x0000026797b901c8: ;   {runtime_call UncommonTrapBlob}
  0x0000026797b901c8: c5f8 77e8 

  0x0000026797b901cc: ; ImmutableOopMap {[32]=Oop [56]=Oop [64]=NarrowOop [80]=Oop [144]=NarrowOop [148]=NarrowOop [192]=Oop }
                      ;*getfield jar {reexecute=1 rethrow=0 return_oop=0}
                      ; - (reexecute) jdk.internal.loader.URLClassPath$JarLoader$2::getManifest@19 (line 853)
                      ; - java.net.URLClassLoader::defineClass@34 (line 491)
                      ; - java.net.URLClassLoader$1::run@43 (line 427)
                      ; - java.net.URLClassLoader$1::run@1 (line 421)
  0x0000026797b901cc: 3038 84ff 

  0x0000026797b901d0: ;   {other}
  0x0000026797b901d0: 0f1f 8400 | 408f 00ed | baf6 ffff | ff48 ff74 | 2440 488f | 4424 204c | 896c 2438 | 8974 2440 
  0x0000026797b901f0: ;   {runtime_call UncommonTrapBlob}
  0x0000026797b901f0: c5f8 77e8 

  0x0000026797b901f4: ; ImmutableOopMap {[32]=Oop [56]=Oop [64]=NarrowOop [80]=Oop [144]=NarrowOop [148]=NarrowOop [192]=Oop }
                      ;*invokevirtual getManifest {reexecute=0 rethrow=0 return_oop=0}
                      ; - jdk.internal.loader.URLClassPath$JarLoader$2::getManifest@22 (line 853)
                      ; - java.net.URLClassLoader::defineClass@34 (line 491)
                      ; - java.net.URLClassLoader$1::run@43 (line 427)
                      ; - java.net.URLClassLoader$1::run@1 (line 421)
  0x0000026797b901f4: 0838 84ff 

  0x0000026797b901f8: ;   {other}
  0x0000026797b901f8: 0f1f 8400 | 688f 00ee | baf6 ffff | ff48 ff74 | 2440 488f | 4424 2048 | 894c 2438 | 4489 5c24 
  0x0000026797b90218: 4066 6690 

  0x0000026797b9021c: ;   {runtime_call UncommonTrapBlob}
  0x0000026797b9021c: c5f8 77e8 

  0x0000026797b90220: ; ImmutableOopMap {[32]=Oop [56]=Oop [80]=Oop [144]=NarrowOop [148]=NarrowOop }
                      ;*getfield csu {reexecute=1 rethrow=0 return_oop=0}
                      ; - (reexecute) jdk.internal.loader.URLClassPath$JarLoader$2::getCodeSourceURL@4 (line 846)
                      ; - java.net.URLClassLoader::defineClass@13 (line 487)
                      ; - java.net.URLClassLoader$1::run@43 (line 427)
                      ; - java.net.URLClassLoader$1::run@1 (line 421)
  0x0000026797b90220: dc37 84ff 

  0x0000026797b90224: ;   {other}
  0x0000026797b90224: 0f1f 8400 | 948f 00ef | baf6 ffff | ff48 8b6c | 2450 4c8b | 5424 404c | 8954 2420 | 4889 7c24 
  0x0000026797b90244: 5048 897c | 2458 6690 

  0x0000026797b9024c: ;   {runtime_call UncommonTrapBlob}
  0x0000026797b9024c: c5f8 77e8 

  0x0000026797b90250: ; ImmutableOopMap {rbp=Oop [32]=Oop [56]=NarrowOop [72]=Oop [80]=Oop [88]=Oop [144]=NarrowOop [148]=NarrowOop }
                      ;*invokevirtual getSize {reexecute=0 rethrow=0 return_oop=0}
                      ; - jdk.internal.loader.URLClassPath$JarLoader$2::getContentLength@4 (line 850)
                      ; - jdk.internal.loader.Resource::getBytes@10 (line 100)
                      ; - jdk.internal.loader.URLClassPath$JarLoader$2::getBytes@1 (line 862)
                      ; - java.net.URLClassLoader::defineClass@179 (line 519)
                      ; - java.net.URLClassLoader$1::run@43 (line 427)
                      ; - java.net.URLClassLoader$1::run@1 (line 421)
  0x0000026797b90250: ac37 84ff 

  0x0000026797b90254: ;   {other}
  0x0000026797b90254: 0f1f 8400 | c48f 00f0 | baf6 ffff | ff48 8b6c | 2450 4c8b | 4424 404c | 8944 2420 | 4889 7c24 
  0x0000026797b90274: 484c 895c | 2450 4489 | 5424 3c90 

  0x0000026797b90280: ;   {runtime_call UncommonTrapBlob}
  0x0000026797b90280: c5f8 77e8 

  0x0000026797b90284: ; ImmutableOopMap {rbp=Oop [32]=Oop [56]=NarrowOop [72]=Oop [80]=Oop [144]=NarrowOop [148]=NarrowOop }
                      ;*invokevirtual close {reexecute=0 rethrow=0 return_oop=0}
                      ; - jdk.internal.loader.Resource::getBytes@183 (line 145)
                      ; - jdk.internal.loader.URLClassPath$JarLoader$2::getBytes@1 (line 862)
                      ; - java.net.URLClassLoader::defineClass@179 (line 519)
                      ; - java.net.URLClassLoader$1::run@43 (line 427)
                      ; - java.net.URLClassLoader$1::run@1 (line 421)
  0x0000026797b90284: 7837 84ff 

  0x0000026797b90288: ;   {other}
  0x0000026797b90288: 0f1f 8400 | f88f 00f1 | baf6 ffff | ff4c 8b54 | 2440 4c89 | 5424 2048 | 897c 2440 

  0x0000026797b902a4: ;   {runtime_call UncommonTrapBlob}
  0x0000026797b902a4: c5f8 77e8 

  0x0000026797b902a8: ; ImmutableOopMap {[32]=Oop [56]=NarrowOop [64]=Oop [80]=Oop [144]=NarrowOop [148]=NarrowOop }
                      ;*invokevirtual getCrc {reexecute=0 rethrow=0 return_oop=0}
                      ; - jdk.internal.loader.URLClassPath$JarLoader$2::getBytes@26 (line 865)
                      ; - java.net.URLClassLoader::defineClass@179 (line 519)
                      ; - java.net.URLClassLoader$1::run@43 (line 427)
                      ; - java.net.URLClassLoader$1::run@1 (line 421)
  0x0000026797b902a8: 5437 84ff 

  0x0000026797b902ac: ;   {other}
  0x0000026797b902ac: 0f1f 8400 | 1c90 00f2 | baf6 ffff | ff48 ff74 | 2440 488f | 4424 2890 

  0x0000026797b902c4: ;   {runtime_call UncommonTrapBlob}
  0x0000026797b902c4: c5f8 77e8 

  0x0000026797b902c8: ; ImmutableOopMap {[32]=Oop [40]=Oop [56]=NarrowOop [80]=Oop [144]=NarrowOop [148]=NarrowOop }
                      ;*invokevirtual getCodeSigners {reexecute=0 rethrow=0 return_oop=0}
                      ; - jdk.internal.loader.URLClassPath$JarLoader$2::getCodeSigners@4 (line 858)
                      ; - java.net.URLClassLoader::defineClass@185 (line 521)
                      ; - java.net.URLClassLoader$1::run@43 (line 427)
                      ; - java.net.URLClassLoader$1::run@1 (line 421)
  0x0000026797b902c8: 3437 84ff 

  0x0000026797b902cc: ;   {other}
  0x0000026797b902cc: 0f1f 8400 | 3c90 00f3 | baf6 ffff | ff48 ff74 | 2440 488f | 4424 284c | 894c 2448 

  0x0000026797b902e8: ;   {runtime_call UncommonTrapBlob}
  0x0000026797b902e8: c5f8 77e8 

  0x0000026797b902ec: ; ImmutableOopMap {[32]=Oop [40]=Oop [56]=NarrowOop [72]=Oop [80]=Oop [144]=NarrowOop [148]=NarrowOop }
                      ;*invokevirtual maybeInstantiateVerifier {reexecute=0 rethrow=0 return_oop=0}
                      ; - java.util.jar.JarFile$JarFileEntry::getCodeSigners@4 (line 670)
                      ; - jdk.internal.loader.URLClassPath$JarLoader$2::getCodeSigners@4 (line 858)
                      ; - java.net.URLClassLoader::defineClass@185 (line 521)
                      ; - java.net.URLClassLoader$1::run@43 (line 427)
                      ; - java.net.URLClassLoader$1::run@1 (line 421)
  0x0000026797b902ec: 1037 84ff 

  0x0000026797b902f0: ;   {other}
  0x0000026797b902f0: 0f1f 8400 | 6090 00f4 | baf6 ffff | ff4c 895c | 2428 4c89 | 4c24 4890 

  0x0000026797b90308: ;   {runtime_call UncommonTrapBlob}
  0x0000026797b90308: c5f8 77e8 

  0x0000026797b9030c: ; ImmutableOopMap {[32]=Oop [40]=Oop [56]=NarrowOop [72]=Oop [80]=Oop [144]=NarrowOop [148]=NarrowOop }
                      ;*getfield jv {reexecute=1 rethrow=0 return_oop=0}
                      ; - (reexecute) java.util.jar.JarFile$JarFileEntry::getCodeSigners@31 (line 674)
                      ; - jdk.internal.loader.URLClassPath$JarLoader$2::getCodeSigners@4 (line 858)
                      ; - java.net.URLClassLoader::defineClass@185 (line 521)
                      ; - java.net.URLClassLoader$1::run@43 (line 427)
                      ; - java.net.URLClassLoader$1::run@1 (line 421)
  0x0000026797b9030c: f036 84ff 

  0x0000026797b90310: ;   {other}
  0x0000026797b90310: 0f1f 8400 | 8090 00f5 | baf6 ffff | ff48 8b6c | 2450 48ff | 7424 4048 | 8f44 2420 | 4c89 6c24 
  0x0000026797b90330: 3889 7424 | 404c 895c | 2448 4c89 | 4c24 5090 

  0x0000026797b90340: ;   {runtime_call UncommonTrapBlob}
  0x0000026797b90340: c5f8 77e8 

  0x0000026797b90344: ; ImmutableOopMap {rbp=Oop [32]=Oop [56]=Oop [64]=NarrowOop [72]=Oop [80]=Oop [144]=NarrowOop [148]=NarrowOop }
                      ;*arraylength {reexecute=0 rethrow=0 return_oop=0}
                      ; - java.lang.String::isEmpty@4 (line 1532)
                      ; - java.lang.ClassLoader::definePackage@1 (line 2120)
                      ; - java.lang.ClassLoader::getDefinedPackage@32 (line 2267)
                      ; - java.net.URLClassLoader::getAndVerifyPackage@2 (line 457)
                      ; - java.net.URLClassLoader::defineClass@46 (line 492)
                      ; - java.net.URLClassLoader$1::run@43 (line 427)
                      ; - java.net.URLClassLoader$1::run@1 (line 421)
  0x0000026797b90344: b836 84ff 

  0x0000026797b90348: ;   {other}
  0x0000026797b90348: 0f1f 8400 | b890 00f6 | baf6 ffff | ff48 8b6c | 2450 48ff | 7424 4048 | 8f44 2420 | 4c89 6c24 
  0x0000026797b90368: 3889 7424 | 404c 895c | 2448 4c89 | 4c24 5090 

  0x0000026797b90378: ;   {runtime_call UncommonTrapBlob}
  0x0000026797b90378: c5f8 77e8 

  0x0000026797b9037c: ; ImmutableOopMap {rbp=Oop [32]=Oop [56]=Oop [64]=NarrowOop [72]=Oop [80]=Oop [144]=NarrowOop [148]=NarrowOop }
                      ;*invokevirtual isNamed {reexecute=0 rethrow=0 return_oop=0}
                      ; - java.lang.Package::isSealed@4 (line 235)
                      ; - java.net.URLClassLoader::getAndVerifyPackage@14 (line 460)
                      ; - java.net.URLClassLoader::defineClass@46 (line 492)
                      ; - java.net.URLClassLoader$1::run@43 (line 427)
                      ; - java.net.URLClassLoader$1::run@1 (line 421)
  0x0000026797b9037c: 8036 84ff 

  0x0000026797b90380: ;   {other}
  0x0000026797b90380: 0f1f 8400 | f090 00f7 | baf6 ffff | ff48 8b6c | 2450 48ff | 7424 4048 | 8f44 2420 | 4c89 6c24 
  0x0000026797b903a0: 3889 7424 | 404c 895c | 2448 4c89 | 4c24 5090 

  0x0000026797b903b0: ;   {runtime_call UncommonTrapBlob}
  0x0000026797b903b0: c5f8 77e8 

  0x0000026797b903b4: ; ImmutableOopMap {rbp=Oop [32]=Oop [56]=Oop [64]=NarrowOop [72]=Oop [80]=Oop [144]=NarrowOop [148]=NarrowOop }
                      ;*getfield sealBase {reexecute=1 rethrow=0 return_oop=0}
                      ; - (reexecute) java.lang.Package::isSealed@14 (line 235)
                      ; - java.net.URLClassLoader::getAndVerifyPackage@14 (line 460)
                      ; - java.net.URLClassLoader::defineClass@46 (line 492)
                      ; - java.net.URLClassLoader$1::run@43 (line 427)
                      ; - java.net.URLClassLoader$1::run@1 (line 421)
  0x0000026797b903b4: 4836 84ff 

  0x0000026797b903b8: ;   {other}
  0x0000026797b903b8: 0f1f 8400 | 2891 00f8 | baf6 ffff | ff48 8b6c | 2450 48ff | 7424 4048 | 8f44 2420 | 4c89 6c24 
  0x0000026797b903d8: 3889 7424 | 404c 895c | 2448 4c89 | 4c24 5090 

  0x0000026797b903e8: ;   {runtime_call UncommonTrapBlob}
  0x0000026797b903e8: c5f8 77e8 

  0x0000026797b903ec: ; ImmutableOopMap {rbp=Oop [32]=Oop [56]=Oop [64]=NarrowOop [72]=Oop [80]=Oop [144]=NarrowOop [148]=NarrowOop }
                      ;*arraylength {reexecute=0 rethrow=0 return_oop=0}
                      ; - java.lang.StringLatin1::replace@8 (line 295)
                      ; - java.lang.String::replace@18 (line 2933)
                      ; - java.net.URLClassLoader::isSealed@9 (line 601)
                      ; - java.net.URLClassLoader::getAndVerifyPackage@68 (line 469)
                      ; - java.net.URLClassLoader::defineClass@46 (line 492)
                      ; - java.net.URLClassLoader$1::run@43 (line 427)
                      ; - java.net.URLClassLoader$1::run@1 (line 421)
  0x0000026797b903ec: 1036 84ff 

  0x0000026797b903f0: ;   {other}
  0x0000026797b903f0: 0f1f 8400 | 6091 00f9 | baf6 ffff | ff48 8b6c | 2450 48ff | 7424 4048 | 8f44 2420 | 4c89 6c24 
  0x0000026797b90410: 3889 7424 | 404c 895c | 2448 4c89 | 4c24 5048 | 8944 2458 

  0x0000026797b90424: ;   {runtime_call UncommonTrapBlob}
  0x0000026797b90424: c5f8 77e8 

  0x0000026797b90428: ; ImmutableOopMap {rbp=Oop [32]=Oop [56]=Oop [64]=NarrowOop [72]=Oop [80]=Oop [88]=Oop [144]=NarrowOop [148]=NarrowOop }
                      ;*invokeinterface get {reexecute=0 rethrow=0 return_oop=0}
                      ; - java.util.jar.Manifest::getAttributes@5 (line 160)
                      ; - java.util.jar.Manifest::getTrustedAttributes@2 (line 177)
                      ; - java.util.jar.JavaUtilJarAccessImpl::getTrustedAttributes@2 (line 38)
                      ; - java.net.URLClassLoader::isSealed@18 (line 601)
                      ; - java.net.URLClassLoader::getAndVerifyPackage@68 (line 469)
                      ; - java.net.URLClassLoader::defineClass@46 (line 492)
                      ; - java.net.URLClassLoader$1::run@43 (line 427)
                      ; - java.net.URLClassLoader$1::run@1 (line 421)
  0x0000026797b90428: d435 84ff 

  0x0000026797b9042c: ;   {other}
  0x0000026797b9042c: 0f1f 8400 | 9c91 00fa | baf6 ffff | ff48 8b6c | 2450 48ff | 7424 4048 | 8f44 2420 | 4c89 6c24 
  0x0000026797b9044c: 3889 7424 | 404c 895c | 2448 4c89 | 4c24 5090 

  0x0000026797b9045c: ;   {runtime_call UncommonTrapBlob}
  0x0000026797b9045c: c5f8 77e8 

  0x0000026797b90460: ; ImmutableOopMap {rbp=Oop [32]=Oop [56]=Oop [64]=NarrowOop [72]=Oop [80]=Oop [144]=NarrowOop [148]=NarrowOop }
                      ;*invokeinterface get {reexecute=0 rethrow=0 return_oop=0}
                      ; - java.util.jar.Attributes::get@5 (line 106)
                      ; - java.util.jar.Attributes::getValue@2 (line 142)
                      ; - java.net.URLClassLoader::isSealed@58 (line 608)
                      ; - java.net.URLClassLoader::getAndVerifyPackage@68 (line 469)
                      ; - java.net.URLClassLoader::defineClass@46 (line 492)
                      ; - java.net.URLClassLoader$1::run@43 (line 427)
                      ; - java.net.URLClassLoader$1::run@1 (line 421)
  0x0000026797b90460: 9c35 84ff 

  0x0000026797b90464: ;   {other}
  0x0000026797b90464: 0f1f 8400 | d491 00fb | ba45 ffff | ff48 8b6c | 2450 48ff | 7424 4048 | 8f44 2420 | 8974 2440 
  0x0000026797b90484: 4c89 6c24 | 5044 895c | 2458 6690 

  0x0000026797b90490: ;   {runtime_call UncommonTrapBlob}
  0x0000026797b90490: c5f8 77e8 

  0x0000026797b90494: ; ImmutableOopMap {rbp=Oop [32]=Oop [64]=NarrowOop [80]=Oop [88]=NarrowOop [144]=NarrowOop [148]=NarrowOop [192]=Oop }
                      ;*ifnonnull {reexecute=1 rethrow=0 return_oop=0}
                      ; - (reexecute) jdk.internal.access.SharedSecrets::javaUtilJarAccess@5 (line 139)
                      ; - jdk.internal.loader.URLClassPath$JarLoader$2::getManifest@0 (line 852)
                      ; - java.net.URLClassLoader::defineClass@34 (line 491)
                      ; - java.net.URLClassLoader$1::run@43 (line 427)
                      ; - java.net.URLClassLoader$1::run@1 (line 421)
  0x0000026797b90494: 6835 84ff 

  0x0000026797b90498: ;   {other}
  0x0000026797b90498: 0f1f 8400 | 0892 00fc | ba45 ffff | ff48 ff74 | 2450 488f | 4424 2048 | ff74 2440 | 488f 4424 
  0x0000026797b904b8: 284c 896c | 2440 8974 | 2448 4889 | 4c24 5890 

  0x0000026797b904c8: ;   {runtime_call UncommonTrapBlob}
  0x0000026797b904c8: c5f8 77e8 

  0x0000026797b904cc: ; ImmutableOopMap {rbp=NarrowOop [32]=Oop [40]=Oop [64]=Oop [72]=NarrowOop [88]=Oop [144]=NarrowOop [148]=NarrowOop [192]=Oop }
                      ;*ifnull {reexecute=1 rethrow=0 return_oop=0}
                      ; - (reexecute) java.lang.ref.SoftReference::get@6 (line 114)
                      ; - java.util.jar.JarFile::getManifestFromReference@11 (line 409)
                      ; - java.util.jar.JarFile::getManifest@1 (line 405)
                      ; - jdk.internal.loader.URLClassPath$JarLoader$2::getManifest@22 (line 853)
                      ; - java.net.URLClassLoader::defineClass@34 (line 491)
                      ; - java.net.URLClassLoader$1::run@43 (line 427)
                      ; - java.net.URLClassLoader$1::run@1 (line 421)
  0x0000026797b904cc: 3035 84ff 

  0x0000026797b904d0: ;   {other}
  0x0000026797b904d0: 0f1f 8400 | 4092 00fd | ba45 ffff | ff48 8b6c | 2450 48ff | 7424 4048 | 8f44 2420 | 4c89 6c24 
  0x0000026797b904f0: 3889 7424 | 404c 895c | 2458 4c89 | 5424 604c | 895c 2468 | 4c89 4c24 | 7044 8944 | 2478 6690 
  0x0000026797b90510: ;   {runtime_call UncommonTrapBlob}
  0x0000026797b90510: c5f8 77e8 

  0x0000026797b90514: ; ImmutableOopMap {rbp=Oop [32]=Oop [56]=Oop [64]=NarrowOop [88]=Oop [96]=Oop [104]=Oop [112]=Oop [120]=NarrowOop [144]=NarrowOop [148]=NarrowOop }
                      ;*ifnonnull {reexecute=1 rethrow=0 return_oop=0}
                      ; - (reexecute) jdk.internal.access.SharedSecrets::javaUtilJarAccess@5 (line 139)
                      ; - java.net.URLClassLoader::isSealed@0 (line 600)
                      ; - java.net.URLClassLoader::getAndVerifyPackage@68 (line 469)
                      ; - java.net.URLClassLoader::defineClass@46 (line 492)
                      ; - java.net.URLClassLoader$1::run@43 (line 427)
                      ; - java.net.URLClassLoader$1::run@1 (line 421)
  0x0000026797b90514: e834 84ff 

  0x0000026797b90518: ;   {other}
  0x0000026797b90518: 0f1f 8400 | 8892 00fe | ba45 ffff | ff48 8b6c | 2450 48ff | 7424 4048 | 8f44 2420 | 4c89 6c24 
  0x0000026797b90538: 3889 7424 | 404c 894c | 2450 4c89 | 5c24 584c | 8954 2460 | 4489 4424 | 6866 6690 

  0x0000026797b90554: ;   {runtime_call UncommonTrapBlob}
  0x0000026797b90554: c5f8 77e8 

  0x0000026797b90558: ; ImmutableOopMap {rbp=Oop [32]=Oop [56]=Oop [64]=NarrowOop [80]=Oop [88]=Oop [96]=Oop [104]=NarrowOop [144]=NarrowOop [148]=NarrowOop }
                      ;*ifnull {reexecute=1 rethrow=0 return_oop=0}
                      ; - (reexecute) java.net.URLClassLoader::isSealed@51 (line 607)
                      ; - java.net.URLClassLoader::getAndVerifyPackage@68 (line 469)
                      ; - java.net.URLClassLoader::defineClass@46 (line 492)
                      ; - java.net.URLClassLoader$1::run@43 (line 427)
                      ; - java.net.URLClassLoader$1::run@1 (line 421)
  0x0000026797b90558: a434 84ff 

  0x0000026797b9055c: ;   {other}
  0x0000026797b9055c: 0f1f 8400 | cc92 00ff | baf4 ffff | ff48 8b6c | 2450 4c8b | 5424 404c | 8954 2428 | 4c8b 5424 
  0x0000026797b9057c: 584c 8954 | 2440 6690 

  0x0000026797b90584: ;   {runtime_call UncommonTrapBlob}
  0x0000026797b90584: c5f8 77e8 

  0x0000026797b90588: ; ImmutableOopMap {rbp=Oop [32]=NarrowOop [40]=Oop [64]=Oop [72]=Oop [96]=Oop [144]=NarrowOop [148]=NarrowOop }
                      ;*checkcast {reexecute=0 rethrow=0 return_oop=0}
                      ; - java.lang.ClassLoader::definePackage@81 (line 2129)
                      ; - java.lang.ClassLoader::getDefinedPackage@32 (line 2267)
                      ; - java.net.URLClassLoader::getAndVerifyPackage@2 (line 457)
                      ; - java.net.URLClassLoader::defineClass@46 (line 492)
                      ; - java.net.URLClassLoader$1::run@43 (line 427)
                      ; - java.net.URLClassLoader$1::run@1 (line 421)
  0x0000026797b90588: 7434 84ff 

  0x0000026797b9058c: ;   {other}
  0x0000026797b9058c: 0f1f 8400 | 0000 0000 | baf6 ffff | ff48 8b6c | 2450 48ff | 7424 4048 | 8f44 2420 | 4c89 6c24 
  0x0000026797b905ac: 3889 7424 | 404c 895c | 2448 4c89 | 4c24 5090 

  0x0000026797b905bc: ;   {runtime_call UncommonTrapBlob}
  0x0000026797b905bc: c5f8 77e8 

  0x0000026797b905c0: ; ImmutableOopMap {rbp=Oop [32]=Oop [56]=Oop [64]=NarrowOop [72]=Oop [80]=Oop [144]=NarrowOop [148]=NarrowOop }
                      ;*arraylength {reexecute=0 rethrow=0 return_oop=0}
                      ; - java.lang.String::length@4 (line 1519)
                      ; - java.lang.String::equalsIgnoreCase@14 (line 1992)
                      ; - java.net.URLClassLoader::isSealed@68 (line 611)
                      ; - java.net.URLClassLoader::getAndVerifyPackage@68 (line 469)
                      ; - java.net.URLClassLoader::defineClass@46 (line 492)
                      ; - java.net.URLClassLoader$1::run@43 (line 427)
                      ; - java.net.URLClassLoader$1::run@1 (line 421)
  0x0000026797b905c0: 3c34 84ff 

  0x0000026797b905c4: ;   {other}
  0x0000026797b905c4: 0f1f 8400 | 0000 0000 | ba45 ffff | ff48 ff74 | 2450 488f | 4424 2048 | ff74 2440 | 488f 4424 
  0x0000026797b905e4: 284c 896c | 2440 4c89 | 5c24 604c | 894c 2468 | 8974 2470 | 4c89 5c24 | 7844 8984 | 2488 0000 
  0x0000026797b90604: 0044 8994 | 248c 0000 | 0066 6690 

  0x0000026797b90610: ;   {runtime_call UncommonTrapBlob}
  0x0000026797b90610: c5f8 77e8 

  0x0000026797b90614: ; ImmutableOopMap {rbp=NarrowOop [32]=Oop [40]=Oop [64]=Oop [96]=Oop [104]=Oop [112]=NarrowOop [120]=Oop [136]=NarrowOop [144]=NarrowOop [148]=NarrowOop }
                      ;*ifnull {reexecute=1 rethrow=0 return_oop=0}
                      ; - (reexecute) java.util.concurrent.ConcurrentHashMap::get@67 (line 940)
                      ; - java.lang.ClassLoader::getDefinedPackage@13 (line 2263)
                      ; - java.net.URLClassLoader::getAndVerifyPackage@2 (line 457)
                      ; - java.net.URLClassLoader::defineClass@46 (line 492)
                      ; - java.net.URLClassLoader$1::run@43 (line 427)
                      ; - java.net.URLClassLoader$1::run@1 (line 421)
  0x0000026797b90614: e833 84ff 

  0x0000026797b90618: ;   {other}
  0x0000026797b90618: 0f1f 8400 | 0000 0000 | ba45 ffff | ff48 ff74 | 2450 488f | 4424 2048 | ff74 2440 | 488f 4424 
  0x0000026797b90638: 284c 896c | 2440 4889 | 4424 f88b | 8424 9000 | 0000 8944 | 244c 488b | 4424 f84c | 895c 2460 
  0x0000026797b90658: 4c89 4c24 | 6889 7424 | 7048 8944 | 24f8 8b84 | 2490 0000 | 0089 4424 | 7448 8b44 | 24f8 4c89 
  0x0000026797b90678: 5c24 7844 | 8994 2480 | 0000 0089 | 8424 8400 | 0000 4489 | 8424 9000 | 0000 6690 

  0x0000026797b90694: ;   {runtime_call UncommonTrapBlob}
  0x0000026797b90694: c5f8 77e8 

  0x0000026797b90698: ; ImmutableOopMap {rbp=NarrowOop [32]=Oop [40]=Oop [64]=Oop [76]=NarrowOop [96]=Oop [104]=Oop [112]=NarrowOop [116]=NarrowOop [120]=Oop [128]=NarrowOop [132]=NarrowOop [148]=NarrowOop }
                      ;*ifnull {reexecute=1 rethrow=0 return_oop=0}
                      ; - (reexecute) java.util.concurrent.ConcurrentHashMap::get@67 (line 940)
                      ; - java.lang.ClassLoader::definePackage@47 (line 2125)
                      ; - java.lang.ClassLoader::getDefinedPackage@32 (line 2267)
                      ; - java.net.URLClassLoader::getAndVerifyPackage@2 (line 457)
                      ; - java.net.URLClassLoader::defineClass@46 (line 492)
                      ; - java.net.URLClassLoader$1::run@43 (line 427)
                      ; - java.net.URLClassLoader$1::run@1 (line 421)
  0x0000026797b90698: 6433 84ff 

  0x0000026797b9069c: ;   {other}
  0x0000026797b9069c: 0f1f 8400 | 0000 0000 | baf6 ffff | ff48 8b6c | 2450 4c8b | 5424 404c | 8954 2420 | 448b 5424 
  0x0000026797b906bc: 3844 8954 | 2428 448b | 5c24 3c44 | 895c 242c | 4c8b 5424 | 684c 8954 | 2438 448b | 5424 4844 
  0x0000026797b906dc: 8954 2440 | 4c8b 9424 | 9000 0000 | 4c89 5424 | 604c 8b54 | 2470 4c89 | 5424 6890 

  0x0000026797b906f8: ;   {runtime_call UncommonTrapBlob}
  0x0000026797b906f8: c5f8 77e8 

  0x0000026797b906fc: ; ImmutableOopMap {rbp=Oop [32]=Oop [40]=NarrowOop [44]=NarrowOop [56]=Oop [64]=NarrowOop [96]=Oop [104]=Oop [128]=Oop [144]=Oop [152]=Oop [192]=Oop }
                      ;*arraylength {reexecute=0 rethrow=0 return_oop=0}
                      ; - java.io.ByteArrayInputStream::<init>@21 (line 109)
                      ; - java.util.jar.JarFile::getManifestFromReference@114 (line 429)
                      ; - java.util.jar.JarFile::getManifest@1 (line 405)
                      ; - jdk.internal.loader.URLClassPath$JarLoader$2::getManifest@22 (line 853)
                      ; - java.net.URLClassLoader::defineClass@34 (line 491)
                      ; - java.net.URLClassLoader$1::run@43 (line 427)
                      ; - java.net.URLClassLoader$1::run@1 (line 421)
  0x0000026797b906fc: 0033 84ff 

  0x0000026797b90700: ;   {other}
  0x0000026797b90700: 0f1f 8400 | 0000 0000 | ba45 ffff | ff48 8b6c | 2450 4c8b | 5424 404c | 8954 2420 | 448b 4c24 
  0x0000026797b90720: 3844 894c | 2428 448b | 5424 3c44 | 8954 242c | 4c8b 5424 | 684c 8954 | 2438 448b | 5424 4844 
  0x0000026797b90740: 8954 2440 | 4c89 5c24 | 6866 6690 

  0x0000026797b9074c: ;   {runtime_call UncommonTrapBlob}
  0x0000026797b9074c: c5f8 77e8 

  0x0000026797b90750: ; ImmutableOopMap {rbp=Oop [32]=Oop [40]=NarrowOop [44]=NarrowOop [56]=Oop [64]=NarrowOop [104]=Oop [112]=Oop [120]=Oop [128]=Oop [192]=Oop }
                      ;*ifnull {reexecute=1 rethrow=0 return_oop=0}
                      ; - (reexecute) java.util.jar.JarFile::getManifestFromReference@148 (line 433)
                      ; - java.util.jar.JarFile::getManifest@1 (line 405)
                      ; - jdk.internal.loader.URLClassPath$JarLoader$2::getManifest@22 (line 853)
                      ; - java.net.URLClassLoader::defineClass@34 (line 491)
                      ; - java.net.URLClassLoader$1::run@43 (line 427)
                      ; - java.net.URLClassLoader$1::run@1 (line 421)
  0x0000026797b90750: ac32 84ff 

  0x0000026797b90754: ;   {other}
  0x0000026797b90754: 0f1f 8400 | 0000 0000 | baf6 ffff | ff48 ff74 | 2440 488f | 4424 2048 | 894c 2438 | 4489 5c24 
  0x0000026797b90774: 4066 6690 

  0x0000026797b90778: ;   {runtime_call UncommonTrapBlob}
  0x0000026797b90778: c5f8 77e8 

  0x0000026797b9077c: ; ImmutableOopMap {[32]=Oop [56]=Oop [80]=Oop [144]=NarrowOop [148]=NarrowOop }
                      ;*invokevirtual getBaseURL {reexecute=0 rethrow=0 return_oop=0}
                      ; - jdk.internal.loader.URLClassPath$FileLoader$1::getCodeSourceURL@4 (line 1117)
                      ; - java.net.URLClassLoader::defineClass@13 (line 487)
                      ; - java.net.URLClassLoader$1::run@43 (line 427)
                      ; - java.net.URLClassLoader$1::run@1 (line 421)
  0x0000026797b9077c: 8032 84ff 

  0x0000026797b90780: ;   {other}
  0x0000026797b90780: 0f1f 8400 | 0000 0000 | baf6 ffff | ff4c 8b54 | 2440 4c89 | 5424 2844 | 895c 2444 

  0x0000026797b9079c: ;   {runtime_call UncommonTrapBlob}
  0x0000026797b9079c: c5f8 77e8 

  0x0000026797b907a0: ; ImmutableOopMap {[32]=Oop [40]=Oop [56]=NarrowOop [72]=Oop [80]=Oop [144]=NarrowOop [148]=NarrowOop }
                      ;*invokevirtual close {reexecute=0 rethrow=0 return_oop=0}
                      ; - jdk.internal.loader.Resource::getBytes@183 (line 145)
                      ; - java.net.URLClassLoader::defineClass@179 (line 519)
                      ; - java.net.URLClassLoader$1::run@43 (line 427)
                      ; - java.net.URLClassLoader$1::run@1 (line 421)
  0x0000026797b907a0: 5c32 84ff 

  0x0000026797b907a4: ;   {other}
  0x0000026797b907a4: 0f1f 8400 | 0000 0000 | ba97 ffff | ff48 ff74 | 2450 488f | 4424 2090 

  0x0000026797b907bc: ;   {runtime_call UncommonTrapBlob}
  0x0000026797b907bc: c5f8 77e8 

  0x0000026797b907c0: ; ImmutableOopMap {rbp=NarrowOop [32]=Oop [56]=NarrowOop [64]=Oop [88]=Oop [144]=NarrowOop [148]=NarrowOop }
                      ;*invokevirtual clone {reexecute=1 rethrow=0 return_oop=0}
                      ; - (reexecute) java.util.Arrays::copyOfRange@18 (line 3856)
                      ; - java.lang.StringLatin1::newString@16 (line 752)
                      ; - java.lang.String::substring@41 (line 2839)
                      ; - java.net.URLClassLoader::defineClass@28 (line 489)
                      ; - java.net.URLClassLoader$1::run@43 (line 427)
                      ; - java.net.URLClassLoader$1::run@1 (line 421)
  0x0000026797b907c0: 3c32 84ff 

  0x0000026797b907c4: ;   {other}
  0x0000026797b907c4: 0f1f 8400 | 0000 0000 | 448b 5c24 | 6044 895c | 2420 8b6c | 2468 eb0e | 448b 5424 | 7044 8954 
  0x0000026797b907e4: 2420 8b6c | 2468 ba97 | ffff ff4c | 8b54 2450 | 4c89 5424 | 2844 8b5c | 246c 4489 | 5c24 5490 
  0x0000026797b90804: ;   {runtime_call UncommonTrapBlob}
  0x0000026797b90804: c5f8 77e8 

  0x0000026797b90808: ; ImmutableOopMap {[40]=Oop [56]=NarrowOop [64]=Oop [72]=Oop [88]=Oop [120]=Oop [144]=NarrowOop [148]=NarrowOop }
                      ;*invokevirtual clone {reexecute=1 rethrow=0 return_oop=0}
                      ; - (reexecute) java.util.Arrays::copyOf@7 (line 3539)
                      ; - jdk.internal.loader.Resource::getBytes@94 (line 120)
                      ; - jdk.internal.loader.URLClassPath$JarLoader$2::getBytes@1 (line 862)
                      ; - java.net.URLClassLoader::defineClass@179 (line 519)
                      ; - java.net.URLClassLoader$1::run@43 (line 427)
                      ; - java.net.URLClassLoader$1::run@1 (line 421)
  0x0000026797b90808: f431 84ff 

  0x0000026797b9080c: ;   {other}
  0x0000026797b9080c: 0f1f 8400 | 0000 0000 | 4c8b d0e9 | 9400 0000 | e9fc 0000 | 004c 8bd0 | e9ed 0900 | 00e9 ad00 
  0x0000026797b9082c: 0000 488b | d8e9 8205 | 0000 e92d | 0100 0048 | 8bd8 e975 | 0500 004c | 8bd0 e9f0 | 0100 0048 
  0x0000026797b9084c: 8bd8 448b | 5008 49bb | 0000 009f | 6702 0000 | 4d03 da4d 

  0x0000026797b90860: ;   {metadata('java/io/InterruptedIOException')}
  0x0000026797b90860: 8b53 5049 | b8a0 3d16 | a067 0200 | 004d 3bd0 | 0f84 e004 | 0000 4d8b 

  0x0000026797b90878: ;   {metadata('java/io/IOException')}
  0x0000026797b90878: 5348 49bb | 9852 04a0 | 6702 0000 | 4d3b d30f | 855e 0a00 | 0044 8b5c | 243c 4585 | db0f 85bb 
  0x0000026797b90898: 0400 00e9 | cc04 0000 | 488b d8e9 | 430a 0000 | 4c8b d0eb | 034c 8bd0 | 498b da45 | 8b42 0849 
  0x0000026797b908b8: ba00 0000 | 9f67 0200 | 004d 03d0 | e9d3 0200 | 00e9 ab03 | 0000 488b | d8e9 150a | 0000 e901 
  0x0000026797b908d8: 0200 0048 | 8be8 e947 | 0400 004c | 8bd0 e992 | 0900 00e9 | d403 0000 | 488b e8e9 | 3204 0000 
  0x0000026797b908f8: eb23 eb21 | 4889 4424 | 7048 8b54 | 2468 6690 

  0x0000026797b90908: ;   {static_call}
  0x0000026797b90908: c5f8 77e8 

  0x0000026797b9090c: ; ImmutableOopMap {rbp=Oop [32]=Oop [40]=Oop [56]=NarrowOop [64]=Oop [72]=Oop [80]=Oop [88]=Oop [112]=Oop [144]=NarrowOop [148]=NarrowOop [152]=Oop }
                      ;*invokestatic end {reexecute=0 rethrow=0 return_oop=0}
                      ; - java.io.FileInputStream::read@26 (line 289)
                      ; - jdk.internal.loader.Resource::getBytes@117 (line 126)
                      ; - java.net.URLClassLoader::defineClass@179 (line 519)
                      ; - java.net.URLClassLoader$1::run@43 (line 427)
                      ; - java.net.URLClassLoader$1::run@1 (line 421)
  0x0000026797b9090c: 70e4 83ff 

  0x0000026797b90910: ;   {other}
  0x0000026797b90910: 0f1f 8400 | 0000 0000 | 488b 4424 | 7044 8b58 | 0849 ba00 | 0000 9f67 | 0200 004d | 03d3 4d8b 
  0x0000026797b90930: ;   {metadata('java/io/InterruptedIOException')}
  0x0000026797b90930: 5250 49bb | a03d 16a0 | 6702 0000 | 4d3b d30f | 85e2 0300 | 0066 6690 

  0x0000026797b90948: ;   {static_call}
  0x0000026797b90948: c5f8 77e8 

  0x0000026797b9094c: ; ImmutableOopMap {rbp=Oop [32]=Oop [40]=Oop [56]=NarrowOop [64]=Oop [72]=Oop [80]=Oop [88]=Oop [144]=NarrowOop [148]=NarrowOop [152]=Oop }
                      ;*invokestatic interrupted {reexecute=0 rethrow=0 return_oop=0}
                      ; - jdk.internal.loader.Resource::getBytes@127 (line 128)
                      ; - java.net.URLClassLoader::defineClass@179 (line 519)
                      ; - java.net.URLClassLoader$1::run@43 (line 427)
                      ; - java.net.URLClassLoader$1::run@1 (line 421)
  0x0000026797b9094c: 30e4 83ff 

  0x0000026797b90950: ;   {other}
  0x0000026797b90950: 0f1f 8400 | 0000 0000 | 448b 5424 | 6441 bb01 | 0000 00e9 | dbe3 ffff | 488b e8e9 | ba03 0000 
  0x0000026797b90970: 488b d8e9 | 4004 0000 | 488b 5424 | 784c 8bc0 | 4c8b 5424 | 584c 8954 | 2438 4c8b | 5424 684c 
  0x0000026797b90990: 8954 2458 

  0x0000026797b90994: ;   {optimized virtual_call}
  0x0000026797b90994: c5f8 77e8 

  0x0000026797b90998: ; ImmutableOopMap {[40]=Oop [56]=Oop [64]=Oop [72]=NarrowOop [80]=Oop [88]=Oop [120]=Oop [192]=Oop }
                      ;*invokevirtual addSuppressed {reexecute=0 rethrow=0 return_oop=0}
                      ; - java.util.jar.JarFile::getManifestFromReference@177 (line 431)
                      ; - java.util.jar.JarFile::getManifest@1 (line 405)
                      ; - jdk.internal.loader.URLClassPath$JarLoader$2::getManifest@22 (line 853)
                      ; - java.net.URLClassLoader::defineClass@34 (line 491)
                      ; - java.net.URLClassLoader$1::run@43 (line 427)
                      ; - java.net.URLClassLoader$1::run@1 (line 421)
  0x0000026797b90998: e4dd 83ff 

  0x0000026797b9099c: ;   {other}
  0x0000026797b9099c: 0f1f 8400 | 0000 0000 | e903 0700 | 00e9 c806 | 0000 4889 | 4424 78e9 | c306 0000 | e9b9 0600 
  0x0000026797b909bc: 0048 8bd8 | 448b 5008 | 49bb 0000 | 009f 6702 | 0000 4d03 | da4d 8b53 

  0x0000026797b909d4: ;   {metadata('java/io/InterruptedIOException')}
  0x0000026797b909d4: 5049 b8a0 | 3d16 a067 | 0200 004d | 3bd0 0f84 | e608 0000 | 4d8b 5348 

  0x0000026797b909ec: ;   {metadata('java/io/IOException')}
  0x0000026797b909ec: 49bb 9852 | 04a0 6702 | 0000 4d3b | d30f 85ec | 0800 0044 | 8b5c 2420 | 4585 db0f | 85c1 0800 
  0x0000026797b90a0c: 00e9 d608 | 0000 488b | d844 8b50 | 0849 b800 | 0000 9f67 | 0200 004d | 03c2 e9d1 | 0800 0048 
  0x0000026797b90a2c: 8bd8 e9b8 | 0800 004c | 8bd0 eb03 | 4c8b d049 | 8bda 458b | 5a08 49ba | 0000 009f | 6702 0000 
  0x0000026797b90a4c: 4d03 d3e9 | 1b07 0000 | 4c8b d0e9 | ba07 0000 | 4c8b d0e9 | b207 0000 | 4c8b d0e9 | aa07 0000 
  0x0000026797b90a6c: 4c8b d0e9 | a207 0000 | 4c8b d0e9 | 9a07 0000 | 4c8b d0e9 | 9207 0000 | 4c8b d0e9 | 8a07 0000 
  0x0000026797b90a8c: 4c8b d0e9 | 8207 0000 | 4c8b d0e9 | 7a07 0000 | 4c8b d0e9 | 7207 0000 | 4c8b d0e9 | 6a07 0000 
  0x0000026797b90aac: 4c8b d0e9 | 6207 0000 | 4c8b d0e9 | 5a07 0000 | 4c8b d0e9 | 5207 0000 | 4c8b d0e9 | 4a07 0000 
  0x0000026797b90acc: 4c8b d0e9 | 4207 0000 | 4c8b d0e9 | 3a07 0000 | 488b e844 | 8b5c 2464 | e9b7 0700 

  0x0000026797b90ae8: ;   {no_reloc}
  0x0000026797b90ae8: 0048 8be8 | 488b 5424 | 784c 8b54 | 2460 4c89 | 5424 3890 

  0x0000026797b90afc: ;   {static_call}
  0x0000026797b90afc: c5f8 77e8 

  0x0000026797b90b00: ; ImmutableOopMap {rbp=Oop [56]=Oop [64]=Oop [72]=NarrowOop [80]=Oop [88]=Oop [104]=Oop [112]=Oop [192]=Oop }
                      ;*invokestatic endInit {reexecute=0 rethrow=0 return_oop=0}
                      ; - java.util.jar.JarFile::ensureInitialization@53 (line 1074)
                      ; - java.util.jar.JavaUtilJarAccessImpl::ensureInitialization@1 (line 42)
                      ; - jdk.internal.loader.URLClassPath$JarLoader$2::getManifest@10 (line 852)
                      ; - java.net.URLClassLoader::defineClass@34 (line 491)
                      ; - java.net.URLClassLoader$1::run@43 (line 427)
                      ; - java.net.URLClassLoader$1::run@1 (line 421)
  0x0000026797b90b00: 7ce2 83ff 

  0x0000026797b90b04: ;   {other}
  0x0000026797b90b04: 0f1f 8400 | 0000 0000 | 488b dde9 | a402 0000 | 488b d8e9 | 9c02 0000 | 4c8b d0e9 | 5907 0000 
  0x0000026797b90b24: 4c8b d0e9 | 5002 0000 | 4c8b d0e9 | 4907 0000 | 4c8b d0e9 | 4107 0000 | 488b d8e9 | 4808 0000 
  0x0000026797b90b44: 488b d8e9 | 4008 0000 | 488b d8e9 | 3808 0000 | 4c8b d0e9 | 2107 0000 | 4c8b d0e9 | 1907 0000 
  0x0000026797b90b64: 488b e845 | 33db e931 | 0700 0048 | 8bd8 448b | 5808 49b8 | 0000 009f | 6702 0000 | 4d03 c3e9 
  0x0000026797b90b84: 7407 0000 | 488b d844 | 8b58 0849 | ba00 0000 | 9f67 0200 | 004d 03d3 | 4d8b 5a50 

  0x0000026797b90ba0: ;   {metadata('java/io/InterruptedIOException')}
  0x0000026797b90ba0: 49b8 a03d | 16a0 6702 | 0000 4d3b | d80f 847c | 0800 004d 

  0x0000026797b90bb4: ;   {metadata('java/io/IOException')}
  0x0000026797b90bb4: 8b52 4849 | bb98 5204 | a067 0200 | 004d 3bd3 | 0f85 2107 | 0000 448b | 5c24 3c45 | 85db 0f84 
  0x0000026797b90bd4: 4c7c ffff | e9dd b1ff | ff48 8bd8 | 448b 5808 | 49ba 0000 | 009f 6702 | 0000 4d03 | d34d 8b52 
  0x0000026797b90bf4: ;   {metadata('java/io/InterruptedIOException')}
  0x0000026797b90bf4: 5049 bba0 | 3d16 a067 | 0200 004d | 3bd3 0f85 | e306 0000 

  0x0000026797b90c08: ;   {static_call}
  0x0000026797b90c08: c5f8 77e8 

  0x0000026797b90c0c: ; ImmutableOopMap {[32]=Oop [40]=Oop [56]=NarrowOop [64]=Oop [72]=Oop [80]=Oop [88]=Oop [144]=NarrowOop [148]=NarrowOop }
                      ;*invokestatic interrupted {reexecute=0 rethrow=0 return_oop=0}
                      ; - jdk.internal.loader.Resource::getBytes@20 (line 103)
                      ; - java.net.URLClassLoader::defineClass@179 (line 519)
                      ; - java.net.URLClassLoader$1::run@43 (line 427)
                      ; - java.net.URLClassLoader$1::run@1 (line 421)
  0x0000026797b90c0c: 70e1 83ff 

  0x0000026797b90c10: ;   {other}
  0x0000026797b90c10: 0f1f 8400 | 0000 0000 | 4d8b 9750 

  0x0000026797b90c1c: ; ImmutableOopMap {[32]=Oop [40]=Oop [56]=NarrowOop [64]=Oop [72]=Oop [80]=Oop [88]=Oop [144]=NarrowOop [148]=NarrowOop }
                      ;*goto {reexecute=1 rethrow=0 return_oop=0}
                      ; - (reexecute) jdk.internal.loader.Resource::getBytes@26 (line 105)
                      ; - java.net.URLClassLoader::defineClass@179 (line 519)
                      ; - java.net.URLClassLoader$1::run@43 (line 427)
                      ; - java.net.URLClassLoader$1::run@1 (line 421)
                      ;   {poll}
  0x0000026797b90c1c: 0400 0041 | 8502 41ba | 0100 0000 | 4c8b 4c24 | 20e9 a7ae | ffff 4c8b | d0eb 034c | 8bd0 498b 
  0x0000026797b90c3c: da45 8b5a | 0849 b800 | 0000 9f67 | 0200 004d | 03c3 e9a9 | 0600 00eb | 24eb 2248 | 8944 2470 
  0x0000026797b90c5c: 488b 5424 | 6866 6690 

  0x0000026797b90c64: ;   {static_call}
  0x0000026797b90c64: c5f8 77e8 

  0x0000026797b90c68: ; ImmutableOopMap {rbp=Oop [40]=Oop [56]=NarrowOop [64]=Oop [72]=Oop [80]=Oop [88]=Oop [112]=Oop [128]=Oop [136]=Oop [144]=NarrowOop [148]=NarrowOop }
                      ;*invokestatic end {reexecute=0 rethrow=0 return_oop=0}
                      ; - java.io.FileInputStream::read@26 (line 289)
                      ; - jdk.internal.loader.Resource::getBytes@117 (line 126)
                      ; - jdk.internal.loader.URLClassPath$JarLoader$2::getBytes@1 (line 862)
                      ; - java.net.URLClassLoader::defineClass@179 (line 519)
                      ; - java.net.URLClassLoader$1::run@43 (line 427)
                      ; - java.net.URLClassLoader$1::run@1 (line 421)
  0x0000026797b90c68: 14e1 83ff 

  0x0000026797b90c6c: ;   {other}
  0x0000026797b90c6c: 0f1f 8400 | 0000 0000 | 488b 4424 | 7044 8b58 | 0849 ba00 | 0000 9f67 | 0200 004d | 03d3 4d8b 
  0x0000026797b90c8c: ;   {metadata('java/io/InterruptedIOException')}
  0x0000026797b90c8c: 5250 49bb | a03d 16a0 | 6702 0000 | 4d3b d30f | 85f7 0500 | 0066 6690 

  0x0000026797b90ca4: ;   {static_call}
  0x0000026797b90ca4: c5f8 77e8 

  0x0000026797b90ca8: ; ImmutableOopMap {rbp=Oop [40]=Oop [56]=NarrowOop [64]=Oop [72]=Oop [80]=Oop [88]=Oop [128]=Oop [136]=Oop [144]=NarrowOop [148]=NarrowOop }
                      ;*invokestatic interrupted {reexecute=0 rethrow=0 return_oop=0}
                      ; - jdk.internal.loader.Resource::getBytes@127 (line 128)
                      ; - jdk.internal.loader.URLClassPath$JarLoader$2::getBytes@1 (line 862)
                      ; - java.net.URLClassLoader::defineClass@179 (line 519)
                      ; - java.net.URLClassLoader$1::run@43 (line 427)
                      ; - java.net.URLClassLoader$1::run@1 (line 421)
  0x0000026797b90ca8: d4e0 83ff 

  0x0000026797b90cac: ;   {other}
  0x0000026797b90cac: 0f1f 8400 | 0000 0000 | 448b 5c24 | 2041 ba01 | 0000 00e9 | afb9 ffff | 488b e844 | 8b5c 246c 
  0x0000026797b90ccc: e9cf 0500 | 004c 8bd0 | eb03 4c8b | d049 8bda | e9ab 0600 | 0044 8b50 | 0849 bb00 | 0000 9f67 
  0x0000026797b90cec: 0200 004d | 03da 4d8b 

  0x0000026797b90cf4: ;   {metadata('java/io/InterruptedIOException')}
  0x0000026797b90cf4: 5350 49bb | a03d 16a0 | 6702 0000 | 4d3b d375 | 2266 6690 

  0x0000026797b90d08: ;   {static_call}
  0x0000026797b90d08: c5f8 77e8 

  0x0000026797b90d0c: ; ImmutableOopMap {rbp=Oop [32]=Oop [40]=Oop [56]=NarrowOop [64]=Oop [72]=Oop [80]=Oop [88]=Oop [128]=Oop [144]=NarrowOop [148]=NarrowOop }
                      ;*invokestatic interrupted {reexecute=0 rethrow=0 return_oop=0}
                      ; - jdk.internal.loader.Resource::getBytes@127 (line 128)
                      ; - java.net.URLClassLoader::defineClass@179 (line 519)
                      ; - java.net.URLClassLoader$1::run@43 (line 427)
                      ; - java.net.URLClassLoader$1::run@1 (line 421)
  0x0000026797b90d0c: 70e0 83ff 

  0x0000026797b90d10: ;   {other}
  0x0000026797b90d10: 0f1f 8400 | 0000 0000 | 8b44 2464 | 41bb 0100 | 0000 e932 | b0ff ff48 | 8be8 488b | 5424 5866 
  0x0000026797b90d30: 6690 c5f8 | 7748 b8ff | ffff ffff 

  0x0000026797b90d3c: ;   {virtual_call}
  0x0000026797b90d3c: ffff ffe8 

  0x0000026797b90d40: ; ImmutableOopMap {rbp=Oop [32]=Oop [40]=Oop [56]=NarrowOop [64]=Oop [72]=Oop [80]=Oop [144]=NarrowOop }
                      ;*invokevirtual close {reexecute=0 rethrow=0 return_oop=0}
                      ; - jdk.internal.loader.Resource::getBytes@214 (line 145)
                      ; - java.net.URLClassLoader::defineClass@179 (line 519)
                      ; - java.net.URLClassLoader$1::run@43 (line 427)
                      ; - java.net.URLClassLoader$1::run@1 (line 421)
  0x0000026797b90d40: 3cdd 83ff 

  0x0000026797b90d44: ;   {other}
  0x0000026797b90d44: 0f1f 8400 | 0000 0000 | 448b 5424 | 3c45 85d2 | 7416 488b | 5424 2090 

  0x0000026797b90d5c: ;   {optimized virtual_call}
  0x0000026797b90d5c: c5f8 77e8 

  0x0000026797b90d60: ; ImmutableOopMap {rbp=Oop [40]=Oop [56]=NarrowOop [64]=Oop [72]=Oop [80]=Oop [144]=NarrowOop }
                      ;*invokevirtual interrupt {reexecute=0 rethrow=0 return_oop=0}
                      ; - jdk.internal.loader.Resource::getBytes@236 (line 151)
                      ; - java.net.URLClassLoader::defineClass@179 (line 519)
                      ; - java.net.URLClassLoader$1::run@43 (line 427)
                      ; - java.net.URLClassLoader$1::run@1 (line 421)
  0x0000026797b90d60: 1cda 83ff 

  0x0000026797b90d64: ;   {other}
  0x0000026797b90d64: 0f1f 8400 | 0000 0000 | 488b dde9 | 7705 0000 | 4c8b d0eb | 034c 8bd0 | 498b dae9 | 0806 0000 
  0x0000026797b90d84: 488b d844 | 8b50 0849 | b800 0000 | 9f67 0200 | 004d 03c2 | 4d8b 5050 | 4c3b d50f | 8557 0500 
  0x0000026797b90da4: 0045 33c9 | e937 0300 | 0048 8bd8 | e936 0500 | 0048 8bd8 | 4c8b 5c24 | 7048 8d84 | 24d0 0000 
  0x0000026797b90dc4: 0048 8338 | 000f 8479 | 0000 004d | 8b13 41f6 | c202 0f84 | 6200 0000 | 4983 ba86 | 0000 0000 
  0x0000026797b90de4: 7409 49ff | 8a86 0000 | 00eb 4b49 | 8b82 9600 | 0000 490b | 828e 0000 | 0075 0a49 | c742 3e00 
  0x0000026797b90e04: 0000 00eb | 3d49 83ba | 9e00 0000 | 0074 2248 | 33c0 49c7 | 423e 0000 | 0000 f083 | 0424 0049 
  0x0000026797b90e24: 83ba 9e00 | 0000 0075 | 0df0 4d0f | b17a 3e75 | 0583 c801 | eb0c a800 | eb08 4c8b | 10f0 4d0f 
  0x0000026797b90e44: b113 750a | 49ff 8f48 | 0500 0045 | 33d2 0f84 | c103 0000 | 488b 4c24 | 7048 8d94 

  0x0000026797b90e60: ;   {no_reloc}
  0x0000026797b90e60: 24d0 0000 | 004d 8bc7 | c5f8 7749 | ba70 7aee | b6f8 7f00 | 0041 ffd2 

  0x0000026797b90e78: ;   {other}
  0x0000026797b90e78: 0f1f 8400 | 0000 0000 | e994 0300 | 004c 8bd0 | e9f0 0300 | 004c 8bd0 | e9e8 0300 | 004c 8bd0 
  0x0000026797b90e98: e979 0300 | 004c 8bd0 | e971 0300 | 0048 8bd8 | 448b 5808 | 49ba 0000 | 009f 6702 | 0000 4d03 
  0x0000026797b90eb8: d34d 8b52 

  0x0000026797b90ebc: ;   {metadata('java/io/IOException')}
  0x0000026797b90ebc: 4849 bb98 | 5204 a067 | 0200 004d | 3bd3 0f85 | e8fe ffff | 4c8b d849 | 8b87 b801 | 0000 4c8b 
  0x0000026797b90edc: d049 83c2 | 284d 3b97 | c801 0000 | 0f83 ca04 | 0000 4d89 | 97b8 0100 | 0041 0f18 | 8200 0100 
  0x0000026797b90efc: 0048 c700 | 0100 0000 

  0x0000026797b90f04: ;   {metadata('java/lang/RuntimeException')}
  0x0000026797b90f04: c740 08b8 | d205 0044 | 8960 0c4c | 8960 104c | 8960 184c | 8960 2048 | 8be8 488b | d54d 8bc3 
  0x0000026797b90f24: 4c8b 5424 | 604c 8954 | 2438 6690 

  0x0000026797b90f30: ;   {optimized virtual_call}
  0x0000026797b90f30: c5f8 77e8 

  0x0000026797b90f34: ; ImmutableOopMap {rbp=Oop [56]=Oop [64]=Oop [72]=NarrowOop [80]=Oop [88]=Oop [104]=Oop [112]=Oop [192]=Oop }
                      ;*invokespecial <init> {reexecute=0 rethrow=0 return_oop=0}
                      ; - java.util.jar.JarFile::ensureInitialization@13 (line 1066)
                      ; - java.util.jar.JavaUtilJarAccessImpl::ensureInitialization@1 (line 42)
                      ; - jdk.internal.loader.URLClassPath$JarLoader$2::getManifest@10 (line 852)
                      ; - java.net.URLClassLoader::defineClass@34 (line 491)
                      ; - java.net.URLClassLoader$1::run@43 (line 427)
                      ; - java.net.URLClassLoader$1::run@1 (line 421)
  0x0000026797b90f34: 48d8 83ff 

  0x0000026797b90f38: ;   {other}
  0x0000026797b90f38: 0f1f 8400 | 0000 0000 | 4c8b 5c24 | 7048 8d84 | 24d0 0000 | 0048 8338 | 000f 8479 | 0000 004d 
  0x0000026797b90f58: 8b13 41f6 | c202 0f84 | 6200 0000 | 4983 ba86 | 0000 0000 | 7409 49ff | 8a86 0000 | 00eb 4b49 
  0x0000026797b90f78: 8b82 9600 | 0000 490b | 828e 0000 | 0075 0a49 | c742 3e00 | 0000 00eb | 3d49 83ba | 9e00 0000 
  0x0000026797b90f98: 0074 2248 | 33c0 49c7 | 423e 0000 | 0000 f083 | 0424 0049 | 83ba 9e00 | 0000 0075 | 0df0 4d0f 
  0x0000026797b90fb8: b17a 3e75 | 0583 c801 | eb0c a800 | eb08 4c8b | 10f0 4d0f | b113 750a | 49ff 8f48 | 0500 0045 
  0x0000026797b90fd8: 33d2 0f85 | 2404 0000 | 488b d5e9 | a703 0000 | 488b d844 | 8b58 0849 | b800 0000 | 9f67 0200 
  0x0000026797b90ff8: 004d 03c3 | 4d8b 5048 

  0x0000026797b91000: ;   {metadata('java/io/IOException')}
  0x0000026797b91000: 49bb 9852 | 04a0 6702 | 0000 4d3b | d30f 85e9 | 0200 0048 | 8be8 ba2a | 0000 0090 

  0x0000026797b9101c: ;   {runtime_call UncommonTrapBlob}
  0x0000026797b9101c: c5f8 77e8 

  0x0000026797b91020: ; ImmutableOopMap {rbp=Oop [32]=Oop [56]=NarrowOop [64]=Oop [80]=Oop [144]=NarrowOop [148]=NarrowOop }
                      ;*new {reexecute=0 rethrow=0 return_oop=0}
                      ; - java.util.jar.JarFile$JarFileEntry::getCodeSigners@11 (line 672)
                      ; - jdk.internal.loader.URLClassPath$JarLoader$2::getCodeSigners@4 (line 858)
                      ; - java.net.URLClassLoader::defineClass@185 (line 521)
                      ; - java.net.URLClassLoader$1::run@43 (line 427)
                      ; - java.net.URLClassLoader$1::run@1 (line 421)
  0x0000026797b91020: dc29 84ff 

  0x0000026797b91024: ;   {other}
  0x0000026797b91024: 0f1f 8400 | 0000 0000 | 4c8b d0e9 | e201 0000 | 4c8b d0e9 | da01 0000 | 4c8b d0e9 | d201 0000 
  0x0000026797b91044: 4c8b d0e9 | ca01 0000 | 4c8b d0e9 | c201 0000 | 4c8b d0e9 | ba01 0000 | 4c8b d0e9 | b201 0000 
  0x0000026797b91064: 4c8b d0e9 | 1102 0000 | 4c8b d0e9 | 0902 0000 | eb00 4889 | 4424 784c | 8b54 2470 | 4d85 d274 
  0x0000026797b91084: 2749 8bd2 | 4c8b 5424 | 604c 8954 | 2428 c5f8 | 7748 b8ff | ffff ffff 

  0x0000026797b9109c: ;   {virtual_call}
  0x0000026797b9109c: ffff ffe8 

  0x0000026797b910a0: ; ImmutableOopMap {[40]=Oop [64]=Oop [72]=NarrowOop [80]=Oop [88]=Oop [104]=Oop [120]=Oop [192]=Oop }
                      ;*invokevirtual close {reexecute=0 rethrow=0 return_oop=0}
                      ; - java.util.jar.JarFile::getManifestFromReference@165 (line 431)
                      ; - java.util.jar.JarFile::getManifest@1 (line 405)
                      ; - jdk.internal.loader.URLClassPath$JarLoader$2::getManifest@22 (line 853)
                      ; - java.net.URLClassLoader::defineClass@34 (line 491)
                      ; - java.net.URLClassLoader$1::run@43 (line 427)
                      ; - java.net.URLClassLoader$1::run@1 (line 421)
  0x0000026797b910a0: dcd9 83ff 

  0x0000026797b910a4: ;   {other}
  0x0000026797b910a4: 0f1f 8400 | 0000 0000 | 4c8b 5424 | 78e9 6001 | 0000 4c8b | d0e9 bf01 | 0000 488b | d844 8b58 
  0x0000026797b910c4: 0849 b800 | 0000 9f67 | 0200 004d | 03c3 4d8b | 5050 4c3b | d50f 851d | 0200 004c | 8b4c 2420 
  0x0000026797b910e4: 448b 9424 | 9000 0000 | 498b d24c | 8b44 2458 | 488b 7c24 | 6866 6690 

  0x0000026797b910fc: ;   {optimized virtual_call}
  0x0000026797b910fc: c5f8 77e8 

  0x0000026797b91100: ; ImmutableOopMap {[56]=NarrowOop [64]=Oop [72]=Oop [80]=Oop [88]=Oop [96]=Oop [136]=Oop [144]=NarrowOop [148]=NarrowOop }
                      ;*invokevirtual getAndVerifyPackage {reexecute=0 rethrow=0 return_oop=1}
                      ; - java.net.URLClassLoader::defineClass@97 (line 502)
                      ; - java.net.URLClassLoader$1::run@43 (line 427)
                      ; - java.net.URLClassLoader$1::run@1 (line 421)
  0x0000026797b91100: 7cd6 83ff 

  0x0000026797b91104: ;   {other}
  0x0000026797b91104: 0f1f 8400 | 0000 0000 | 4885 c00f | 84da 0200 | 008b 7424 | 384c 8b74 | 2448 e906 | 73ff ff4c 
  0x0000026797b91124: 8bd0 e952 | 0100 004c | 8bd0 e94a | 0100 004c | 8bd0 e942 | 0100 004c | 8bd0 e93a | 0100 004c 
  0x0000026797b91144: 8bd0 e932 | 0100 004c | 8bd0 e92a | 0100 004c | 8bd0 e922 | 0100 0048 | 8bd8 448b | 5808 49ba 
  0x0000026797b91164: 0000 009f | 6702 0000 | 4d03 d34d 

  0x0000026797b91170: ;   {metadata('java/io/InterruptedIOException')}
  0x0000026797b91170: 8b5a 5049 | b8a0 3d16 | a067 0200 | 004d 3bd8 | 0f84 26cf | ffff 4d8b 

  0x0000026797b91188: ;   {metadata('java/io/IOException')}
  0x0000026797b91188: 5248 49bb | 9852 04a0 | 6702 0000 | 4d3b d30f | 854e 0100 | 0044 8b54 | 243c 4585 | d20f 8535 
  0x0000026797b911a8: 0200 0048 | 8b7c 2420 | 4c8b 5c24 | 48e9 1676 | ffff 4c8b | d0e9 bb00 | 0000 4c8b | d0e9 b300 
  0x0000026797b911c8: 0000 448b | 5008 49bb | 0000 009f | 6702 0000 | 4d03 da4d 

  0x0000026797b911dc: ;   {metadata('java/io/InterruptedIOException')}
  0x0000026797b911dc: 8b53 5049 | bba0 3d16 | a067 0200 | 004d 3bd3 | 0f85 a600 | 0000 6690 

  0x0000026797b911f4: ;   {static_call}
  0x0000026797b911f4: c5f8 77e8 

  0x0000026797b911f8: ; ImmutableOopMap {[32]=Oop [40]=Oop [56]=NarrowOop [64]=Oop [72]=Oop [80]=Oop [88]=Oop [120]=Oop [136]=Oop [144]=NarrowOop [148]=NarrowOop }
                      ;*invokestatic interrupted {reexecute=0 rethrow=0 return_oop=0}
                      ; - jdk.internal.loader.Resource::getBytes@127 (line 128)
                      ; - jdk.internal.loader.URLClassPath$JarLoader$2::getBytes@1 (line 862)
                      ; - java.net.URLClassLoader::defineClass@179 (line 519)
                      ; - java.net.URLClassLoader$1::run@43 (line 427)
                      ; - java.net.URLClassLoader$1::run@1 (line 421)
  0x0000026797b911f8: 84db 83ff 

  0x0000026797b911fc: ;   {other}
  0x0000026797b911fc: 0f1f 8400 | 0000 0000 | 8b44 2460 | 41ba 0100 | 0000 e94e | 75ff ff4c | 8bd0 498b | da44 8b5b 
  0x0000026797b9121c: 0849 b800 | 0000 9f67 | 0200 004d | 03c3 e9cd | 0000 0048 | 8bd8 448b | 5808 49b8 | 0000 009f 
  0x0000026797b9123c: 6702 0000 | 4d03 c3e9 | b400 0000 | 488b d844 | 8b58 0849 | b800 0000 | 9f67 0200 | 004d 03c3 
  0x0000026797b9125c: e99b 0000 | 0048 8bd8 | 448b 5808 | 49b8 0000 | 009f 6702 | 0000 4d03 | c3e9 8200 | 0000 4c8b 
  0x0000026797b9127c: d049 8bda | 458b 5a08 | 49b8 0000 | 009f 6702 | 0000 4d03 | c3eb 6948 | 8bd8 eb53 | 488b e844 
  0x0000026797b9129c: 8b5c 2464 | 4489 5c24 | 2048 8b54 | 2448 c5f8 | 7748 b8ff | ffff ffff 

  0x0000026797b912b4: ;   {virtual_call}
  0x0000026797b912b4: ffff ffe8 

  0x0000026797b912b8: ; ImmutableOopMap {rbp=Oop [40]=Oop [56]=NarrowOop [64]=Oop [80]=Oop [88]=Oop [136]=Oop [144]=NarrowOop }
                      ;*invokevirtual close {reexecute=0 rethrow=0 return_oop=0}
                      ; - jdk.internal.loader.Resource::getBytes@214 (line 145)
                      ; - jdk.internal.loader.URLClassPath$JarLoader$2::getBytes@1 (line 862)
                      ; - java.net.URLClassLoader::defineClass@179 (line 519)
                      ; - java.net.URLClassLoader$1::run@43 (line 427)
                      ; - java.net.URLClassLoader$1::run@1 (line 421)
  0x0000026797b912b8: c4d7 83ff 

  0x0000026797b912bc: ;   {other}
  0x0000026797b912bc: 0f1f 8400 | 0000 0000 | 448b 5424 | 2045 85d2 | 741a 488b | 9424 8800 | 0000 6690 

  0x0000026797b912d8: ;   {optimized virtual_call}
  0x0000026797b912d8: c5f8 77e8 

  0x0000026797b912dc: ; ImmutableOopMap {rbp=Oop [40]=Oop [56]=NarrowOop [64]=Oop [80]=Oop [88]=Oop [144]=NarrowOop }
                      ;*invokevirtual interrupt {reexecute=0 rethrow=0 return_oop=0}
                      ; - jdk.internal.loader.Resource::getBytes@236 (line 151)
                      ; - jdk.internal.loader.URLClassPath$JarLoader$2::getBytes@1 (line 862)
                      ; - java.net.URLClassLoader::defineClass@179 (line 519)
                      ; - java.net.URLClassLoader$1::run@43 (line 427)
                      ; - java.net.URLClassLoader$1::run@1 (line 421)
  0x0000026797b912dc: a0d4 83ff 

  0x0000026797b912e0: ;   {other}
  0x0000026797b912e0: 0f1f 8400 | 0000 0000 | 488b dd44 | 8b5b 0849 | b800 0000 | 9f67 0200 | 004d 03c3 | 4d8b 5048 
  0x0000026797b91300: ;   {metadata('java/io/IOException')}
  0x0000026797b91300: 49bb 9852 | 04a0 6702 | 0000 4d3b | d30f 848c | 0000 004d 

  0x0000026797b91314: ;   {metadata('java/lang/ClassFormatError')}
  0x0000026797b91314: 8b50 5049 | bb90 7b44 | a067 0200 | 004d 3bd3 | 7566 488b | eb48 8b54 | 2440 c5f8 | 7748 b8ff 
  0x0000026797b91334: ffff ffff 

  0x0000026797b91338: ;   {virtual_call}
  0x0000026797b91338: ffff ffe8 

  0x0000026797b9133c: ; ImmutableOopMap {rbp=Oop [64]=Oop }
                      ;*invokevirtual getDataError {reexecute=0 rethrow=0 return_oop=1}
                      ; - java.net.URLClassLoader$1::run@63 (line 431)
                      ; - java.net.URLClassLoader$1::run@1 (line 421)
  0x0000026797b9133c: 40d7 83ff 

  0x0000026797b91340: ;   {other}
  0x0000026797b91340: 0f1f 8400 | 0000 0000 | 4885 c074 | 3748 8b54 | 2440 c5f8 | 7748 b8ff | ffff ffff 

  0x0000026797b9135c: ;   {virtual_call}
  0x0000026797b9135c: ffff ffe8 

  0x0000026797b91360: ; ImmutableOopMap {rbp=Oop }
                      ;*invokevirtual getDataError {reexecute=0 rethrow=0 return_oop=1}
                      ; - java.net.URLClassLoader$1::run@71 (line 432)
                      ; - java.net.URLClassLoader$1::run@1 (line 421)
  0x0000026797b91360: 1cd7 83ff 

  0x0000026797b91364: ;   {other}
  0x0000026797b91364: 0f1f 8400 | 0000 0000 | 488b d54c | 8bc0 6690 

  0x0000026797b91374: ;   {optimized virtual_call}
  0x0000026797b91374: c5f8 77e8 

  0x0000026797b91378: ; ImmutableOopMap {rbp=Oop }
                      ;*invokevirtual addSuppressed {reexecute=0 rethrow=0 return_oop=0}
                      ; - java.net.URLClassLoader$1::run@74 (line 432)
                      ; - java.net.URLClassLoader$1::run@1 (line 421)
  0x0000026797b91378: 04d4 83ff 

  0x0000026797b9137c: ;   {other}
  0x0000026797b9137c: 0f1f 8400 | 0000 0000 | 488b d5eb | 0648 8bd8 | 488b d3c5 | f877 4881 | c4f0 0000 

  0x0000026797b91398: ;   {runtime_call _rethrow_Java}
  0x0000026797b91398: 005d e9e1 | 0190 ff48 | 8beb ba2f | 0000 0090 

  0x0000026797b913a8: ;   {runtime_call UncommonTrapBlob}
  0x0000026797b913a8: c5f8 77e8 

  0x0000026797b913ac: ; ImmutableOopMap {rbp=Oop [80]=Oop }
                      ;*new {reexecute=0 rethrow=0 return_oop=0}
                      ; - java.net.URLClassLoader$1::run@48 (line 429)
                      ; - java.net.URLClassLoader$1::run@1 (line 421)
  0x0000026797b913ac: 5026 84ff 

  0x0000026797b913b0: ;   {other}
  0x0000026797b913b0: 0f1f 8400 | 0000 0000 

  0x0000026797b913b8: ;   {metadata('java/lang/RuntimeException')}
  0x0000026797b913b8: 498b eb48 | bab8 d205 | 9f67 0200 | 0066 6690 

  0x0000026797b913c8: ;   {runtime_call _new_instance_Java}
  0x0000026797b913c8: c5f8 77e8 

  0x0000026797b913cc: ; ImmutableOopMap {rbp=Oop [64]=Oop [72]=NarrowOop [80]=Oop [88]=Oop [96]=Oop [104]=Oop [112]=Oop [192]=Oop }
                      ;*new {reexecute=0 rethrow=0 return_oop=1}
                      ; - java.util.jar.JarFile::ensureInitialization@8 (line 1066)
                      ; - java.util.jar.JavaUtilJarAccessImpl::ensureInitialization@1 (line 42)
                      ; - jdk.internal.loader.URLClassPath$JarLoader$2::getManifest@10 (line 852)
                      ; - java.net.URLClassLoader::defineClass@34 (line 491)
                      ; - java.net.URLClassLoader$1::run@43 (line 427)
                      ; - java.net.URLClassLoader$1::run@1 (line 421)
  0x0000026797b913cc: b04f 8fff 

  0x0000026797b913d0: ;   {other}
  0x0000026797b913d0: 0f1f 8400 | 0000 0000 | 4c8b dde9 | 3bfb ffff | 488b 7c24 | 204c 8b5c | 2448 e9cd | ccff ffba 
  0x0000026797b913f0: fd00 0000 

  0x0000026797b913f4: ;   {runtime_call UncommonTrapBlob}
  0x0000026797b913f4: c5f8 77e8 

  0x0000026797b913f8: ; ImmutableOopMap {[64]=Oop [80]=Oop [88]=Oop }
                      ;*new {reexecute=0 rethrow=0 return_oop=0}
                      ; - java.net.URLClassLoader::defineClass@103 (line 504)
                      ; - java.net.URLClassLoader$1::run@43 (line 427)
                      ; - java.net.URLClassLoader$1::run@1 (line 421)
  0x0000026797b913f8: 0426 84ff 

  0x0000026797b913fc: ;   {other}
  0x0000026797b913fc: 0f1f 8400 | 0000 0000 | 498b cb48 | 8d94 24d0 | 0000 004d | 8bc7 c5f8 | 7749 ba70 | 7aee b6f8 
  0x0000026797b9141c: 7f00 0041 

  0x0000026797b91420: ;   {other}
  0x0000026797b91420: ffd2 0f1f | 8400 0000 | 0000 e9b1 | fbff ff41 | bb01 0000 | 00e9 80a9 | ffff 4889 | 6c24 2844 
  0x0000026797b91440: 8b54 246c | 4489 5424 | 208b 6c24 | 74eb 1348 | 896c 2428 | 448b 5c24 | 7844 895c | 2420 8b6c 
  0x0000026797b91460: 246c ba97 | ffff ff90 

  0x0000026797b91468: ;   {runtime_call UncommonTrapBlob}
  0x0000026797b91468: c5f8 77e8 

  0x0000026797b9146c: ; ImmutableOopMap {[40]=Oop [56]=NarrowOop [64]=Oop [72]=Oop [80]=Oop [88]=Oop [144]=NarrowOop [148]=NarrowOop }
                      ;*invokevirtual clone {reexecute=1 rethrow=0 return_oop=0}
                      ; - (reexecute) java.util.Arrays::copyOf@7 (line 3539)
                      ; - jdk.internal.loader.Resource::getBytes@94 (line 120)
                      ; - java.net.URLClassLoader::defineClass@179 (line 519)
                      ; - java.net.URLClassLoader$1::run@43 (line 427)
                      ; - java.net.URLClassLoader$1::run@1 (line 421)
  0x0000026797b9146c: 9025 84ff 

  0x0000026797b91470: ;   {other}
  0x0000026797b91470: 0f1f 8400 | 0000 0000 

  0x0000026797b91478: ;   {internal_word}
  0x0000026797b91478: 49ba c78a | b897 6702 | 0000 4d89 | 9760 0400 

  0x0000026797b91488: ;   {runtime_call SafepointBlob}
  0x0000026797b91488: 00e9 7236 

  0x0000026797b9148c: ;   {runtime_call StubRoutines (final stubs)}
  0x0000026797b9148c: 84ff e84d | 7582 ffe9 | 4669 ffff 
[Stub Code]
  0x0000026797b91498: ;   {no_reloc}
  0x0000026797b91498: 48bb 0000 | 0000 0000 

  0x0000026797b914a0: ;   {runtime_call nmethod}
  0x0000026797b914a0: 0000 e9fb 

  0x0000026797b914a4: ;   {static_stub}
  0x0000026797b914a4: ffff ff48 | bb00 0000 | 0000 0000 

  0x0000026797b914b0: ;   {runtime_call nmethod}
  0x0000026797b914b0: 00e9 fbff 

  0x0000026797b914b4: ;   {static_stub}
  0x0000026797b914b4: ffff 48bb | 78be 319f | 6702 0000 

  0x0000026797b914c0: ;   {runtime_call I2C/C2I adapters}
  0x0000026797b914c0: e929 3883 

  0x0000026797b914c4: ;   {static_stub}
  0x0000026797b914c4: ff48 bb00 | 0000 0000 

  0x0000026797b914cc: ;   {runtime_call nmethod}
  0x0000026797b914cc: 0000 00e9 | fbff ffff 

  0x0000026797b914d4: ;   {static_stub}
  0x0000026797b914d4: 48bb 0000 | 0000 0000 

  0x0000026797b914dc: ;   {runtime_call nmethod}
  0x0000026797b914dc: 0000 e9fb 

  0x0000026797b914e0: ;   {static_stub}
  0x0000026797b914e0: ffff ff48 | bb00 0000 | 0000 0000 

  0x0000026797b914ec: ;   {runtime_call nmethod}
  0x0000026797b914ec: 00e9 fbff 

  0x0000026797b914f0: ;   {static_stub}
  0x0000026797b914f0: ffff 48bb | 0000 0000 | 0000 0000 

  0x0000026797b914fc: ;   {runtime_call nmethod}
  0x0000026797b914fc: e9fb ffff 

  0x0000026797b91500: ;   {static_stub}
  0x0000026797b91500: ff48 bb00 | 0000 0000 

  0x0000026797b91508: ;   {runtime_call nmethod}
  0x0000026797b91508: 0000 00e9 | fbff ffff 

  0x0000026797b91510: ;   {static_stub}
  0x0000026797b91510: 48bb 0000 | 0000 0000 

  0x0000026797b91518: ;   {runtime_call nmethod}
  0x0000026797b91518: 0000 e9fb 

  0x0000026797b9151c: ;   {static_stub}
  0x0000026797b9151c: ffff ff48 | bb00 0000 | 0000 0000 

  0x0000026797b91528: ;   {runtime_call nmethod}
  0x0000026797b91528: 00e9 fbff 

  0x0000026797b9152c: ;   {static_stub}
  0x0000026797b9152c: ffff 48bb | 0000 0000 | 0000 0000 

  0x0000026797b91538: ;   {runtime_call nmethod}
  0x0000026797b91538: e9fb ffff 

  0x0000026797b9153c: ;   {static_stub}
  0x0000026797b9153c: ff48 bbf0 | 2905 9f67 

  0x0000026797b91544: ;   {runtime_call I2C/C2I adapters}
  0x0000026797b91544: 0200 00e9 | 97c6 83ff 

  0x0000026797b9154c: ;   {static_stub}
  0x0000026797b9154c: 48bb 0000 | 0000 0000 

  0x0000026797b91554: ;   {runtime_call nmethod}
  0x0000026797b91554: 0000 e9fb 

  0x0000026797b91558: ;   {static_stub}
  0x0000026797b91558: ffff ff48 | bb00 0000 | 0000 0000 

  0x0000026797b91564: ;   {runtime_call nmethod}
  0x0000026797b91564: 00e9 fbff 

  0x0000026797b91568: ;   {static_stub}
  0x0000026797b91568: ffff 48bb | 0000 0000 | 0000 0000 

  0x0000026797b91574: ;   {runtime_call nmethod}
  0x0000026797b91574: e9fb ffff 

  0x0000026797b91578: ;   {static_stub}
  0x0000026797b91578: ff48 bb00 | 0000 0000 

  0x0000026797b91580: ;   {runtime_call nmethod}
  0x0000026797b91580: 0000 00e9 | fbff ffff 

  0x0000026797b91588: ;   {static_stub}
  0x0000026797b91588: 48bb 0000 | 0000 0000 

  0x0000026797b91590: ;   {runtime_call nmethod}
  0x0000026797b91590: 0000 e9fb 

  0x0000026797b91594: ;   {static_stub}
  0x0000026797b91594: ffff ff48 | bb00 0000 | 0000 0000 

  0x0000026797b915a0: ;   {runtime_call nmethod}
  0x0000026797b915a0: 00e9 fbff 

  0x0000026797b915a4: ;   {static_stub}
  0x0000026797b915a4: ffff 48bb | 0000 0000 | 0000 0000 

  0x0000026797b915b0: ;   {runtime_call nmethod}
  0x0000026797b915b0: e9fb ffff 

  0x0000026797b915b4: ;   {static_stub}
  0x0000026797b915b4: ff48 bb00 | 0000 0000 

  0x0000026797b915bc: ;   {runtime_call nmethod}
  0x0000026797b915bc: 0000 00e9 | fbff ffff 

  0x0000026797b915c4: ;   {static_stub}
  0x0000026797b915c4: 48bb 0000 | 0000 0000 

  0x0000026797b915cc: ;   {runtime_call nmethod}
  0x0000026797b915cc: 0000 e9fb 

  0x0000026797b915d0: ;   {static_stub}
  0x0000026797b915d0: ffff ff48 | bb00 0000 | 0000 0000 

  0x0000026797b915dc: ;   {runtime_call nmethod}
  0x0000026797b915dc: 00e9 fbff 

  0x0000026797b915e0: ;   {static_stub}
  0x0000026797b915e0: ffff 48bb | 0000 0000 | 0000 0000 

  0x0000026797b915ec: ;   {runtime_call nmethod}
  0x0000026797b915ec: e9fb ffff 

  0x0000026797b915f0: ;   {static_stub}
  0x0000026797b915f0: ff48 bb00 | 0000 0000 

  0x0000026797b915f8: ;   {runtime_call nmethod}
  0x0000026797b915f8: 0000 00e9 | fbff ffff 

  0x0000026797b91600: ;   {static_stub}
  0x0000026797b91600: 48bb 0000 | 0000 0000 

  0x0000026797b91608: ;   {runtime_call nmethod}
  0x0000026797b91608: 0000 e9fb 

  0x0000026797b9160c: ;   {static_stub}
  0x0000026797b9160c: ffff ff48 | bb00 0000 | 0000 0000 

  0x0000026797b91618: ;   {runtime_call nmethod}
  0x0000026797b91618: 00e9 fbff 

  0x0000026797b9161c: ;   {static_stub}
  0x0000026797b9161c: ffff 48bb | 0000 0000 | 0000 0000 

  0x0000026797b91628: ;   {runtime_call nmethod}
  0x0000026797b91628: e9fb ffff 

  0x0000026797b9162c: ;   {static_stub}
  0x0000026797b9162c: ff48 bb00 | 0000 0000 

  0x0000026797b91634: ;   {runtime_call nmethod}
  0x0000026797b91634: 0000 00e9 | fbff ffff 

  0x0000026797b9163c: ;   {static_stub}
  0x0000026797b9163c: 48bb 0000 | 0000 0000 

  0x0000026797b91644: ;   {runtime_call nmethod}
  0x0000026797b91644: 0000 e9fb 

  0x0000026797b91648: ;   {static_stub}
  0x0000026797b91648: ffff ff48 | bb00 0000 | 0000 0000 

  0x0000026797b91654: ;   {runtime_call nmethod}
  0x0000026797b91654: 00e9 fbff 

  0x0000026797b91658: ;   {static_stub}
  0x0000026797b91658: ffff 48bb | 0000 0000 | 0000 0000 

  0x0000026797b91664: ;   {runtime_call nmethod}
  0x0000026797b91664: e9fb ffff 

  0x0000026797b91668: ;   {static_stub}
  0x0000026797b91668: ff48 bb00 | 0000 0000 

  0x0000026797b91670: ;   {runtime_call nmethod}
  0x0000026797b91670: 0000 00e9 | fbff ffff 

  0x0000026797b91678: ;   {static_stub}
  0x0000026797b91678: 48bb 0000 | 0000 0000 

  0x0000026797b91680: ;   {runtime_call nmethod}
  0x0000026797b91680: 0000 e9fb 

  0x0000026797b91684: ;   {static_stub}
  0x0000026797b91684: ffff ff48 | bb00 0000 | 0000 0000 

  0x0000026797b91690: ;   {runtime_call nmethod}
  0x0000026797b91690: 00e9 fbff 

  0x0000026797b91694: ;   {static_stub}
  0x0000026797b91694: ffff 48bb | 0000 0000 | 0000 0000 

  0x0000026797b916a0: ;   {runtime_call nmethod}
  0x0000026797b916a0: e9fb ffff 

  0x0000026797b916a4: ;   {static_stub}
  0x0000026797b916a4: ff48 bb00 | 0000 0000 

  0x0000026797b916ac: ;   {runtime_call nmethod}
  0x0000026797b916ac: 0000 00e9 | fbff ffff 

  0x0000026797b916b4: ;   {static_stub}
  0x0000026797b916b4: 48bb 0000 | 0000 0000 

  0x0000026797b916bc: ;   {runtime_call nmethod}
  0x0000026797b916bc: 0000 e9fb 

  0x0000026797b916c0: ;   {static_stub}
  0x0000026797b916c0: ffff ff48 | bb00 0000 | 0000 0000 

  0x0000026797b916cc: ;   {runtime_call nmethod}
  0x0000026797b916cc: 00e9 fbff 

  0x0000026797b916d0: ;   {static_stub}
  0x0000026797b916d0: ffff 48bb | 0000 0000 | 0000 0000 

  0x0000026797b916dc: ;   {runtime_call nmethod}
  0x0000026797b916dc: e9fb ffff 

  0x0000026797b916e0: ;   {static_stub}
  0x0000026797b916e0: ff48 bb00 | 0000 0000 

  0x0000026797b916e8: ;   {runtime_call nmethod}
  0x0000026797b916e8: 0000 00e9 | fbff ffff 

  0x0000026797b916f0: ;   {static_stub}
  0x0000026797b916f0: 48bb 0000 | 0000 0000 

  0x0000026797b916f8: ;   {runtime_call nmethod}
  0x0000026797b916f8: 0000 e9fb 

  0x0000026797b916fc: ;   {static_stub}
  0x0000026797b916fc: ffff ff48 | bb00 0000 | 0000 0000 

  0x0000026797b91708: ;   {runtime_call nmethod}
  0x0000026797b91708: 00e9 fbff 

  0x0000026797b9170c: ;   {static_stub}
  0x0000026797b9170c: ffff 48bb | 0000 0000 | 0000 0000 

  0x0000026797b91718: ;   {runtime_call nmethod}
  0x0000026797b91718: e9fb ffff 

  0x0000026797b9171c: ;   {runtime_call ExceptionBlob}
  0x0000026797b9171c: ffe9 5e52 | 8fff e800 | 0000 0048 | 832c 2405 

  0x0000026797b9172c: ;   {runtime_call DeoptimizationBlob}
  0x0000026797b9172c: e96f 2684 | fff4 f4f4 | f4f4 f4f4 
[/MachCode]


---------------  P R O C E S S  ---------------

Threads class SMR info:
_java_thread_list=0x00000267b57eab10, length=72, elements={
0x0000026785348a00, 0x00000267878050d0, 0x0000026787809a60, 0x000002678753f8a0,
0x0000026787542040, 0x0000026787544e10, 0x000002678754e960, 0x0000026787553210,
0x00000267875542d0, 0x00000267877dcfc0, 0x00000267b1143e70, 0x00000267b1d040c0,
0x00000267b1cd07f0, 0x00000267b2b3ab40, 0x00000267b2e02370, 0x00000267b2e029d0,
0x00000267b2c07e20, 0x00000267b2c08480, 0x00000267b2c15d20, 0x00000267b2c135c0,
0x00000267b2c14970, 0x00000267b2c15000, 0x00000267b2c15690, 0x00000267b2c16a40,
0x00000267b2c13c50, 0x00000267b2c142e0, 0x00000267b2c163b0, 0x00000267b42c5530,
0x00000267b42c4810, 0x00000267b42c4180, 0x00000267b42c6250, 0x00000267b42c3af0,
0x00000267b42c68e0, 0x00000267b42c3460, 0x00000267b42c6f70, 0x00000267b42c7600,
0x00000267b42c7c90, 0x00000267b42c8320, 0x00000267b42c4ea0, 0x00000267b42c96d0,
0x00000267b42c9d60, 0x00000267b42c89b0, 0x00000267b42ca3f0, 0x00000267b42caa80,
0x00000267b42c9040, 0x00000267b3b27c70, 0x00000267b3b28300, 0x00000267b3b275e0,
0x00000267b3b26230, 0x00000267b3b296b0, 0x00000267b3b28990, 0x00000267b3b29020,
0x00000267b3b268c0, 0x00000267b3b2a3d0, 0x00000267b3b26f50, 0x00000267b3b2d850,
0x00000267b3b2be10, 0x00000267b3b2aa60, 0x00000267b3b2b780, 0x00000267b3b2b0f0,
0x00000267b3b2c4a0, 0x00000267b3b2d1c0, 0x00000267b7e937f0, 0x00000267b7e94ba0,
0x00000267b7e94510, 0x00000267b7e965e0, 0x00000267b7e95230, 0x00000267b7e93e80,
0x00000267b7e958c0, 0x00000267b7e95f50, 0x00000267b7e93010, 0x00000267b74a17d0
}

Java Threads: ( => current thread )
  0x0000026785348a00 JavaThread "main"                              [_thread_blocked, id=6212, stack(0x000000e31fc00000,0x000000e31fd00000) (1024K)]
  0x00000267878050d0 JavaThread "Reference Handler"          daemon [_thread_blocked, id=13620, stack(0x000000e31ff00000,0x000000e320000000) (1024K)]
  0x0000026787809a60 JavaThread "Finalizer"                  daemon [_thread_blocked, id=14256, stack(0x000000e320000000,0x000000e320100000) (1024K)]
  0x000002678753f8a0 JavaThread "Signal Dispatcher"          daemon [_thread_blocked, id=2592, stack(0x000000e320100000,0x000000e320200000) (1024K)]
  0x0000026787542040 JavaThread "Attach Listener"            daemon [_thread_blocked, id=5572, stack(0x000000e320200000,0x000000e320300000) (1024K)]
  0x0000026787544e10 JavaThread "Service Thread"             daemon [_thread_blocked, id=18836, stack(0x000000e320300000,0x000000e320400000) (1024K)]
  0x000002678754e960 JavaThread "Monitor Deflation Thread"   daemon [_thread_blocked, id=6320, stack(0x000000e320400000,0x000000e320500000) (1024K)]
  0x0000026787553210 JavaThread "C2 CompilerThread0"         daemon [_thread_in_native, id=9960, stack(0x000000e320500000,0x000000e320600000) (1024K)]
  0x00000267875542d0 JavaThread "C1 CompilerThread0"         daemon [_thread_blocked, id=12068, stack(0x000000e320600000,0x000000e320700000) (1024K)]
  0x00000267877dcfc0 JavaThread "Common-Cleaner"             daemon [_thread_blocked, id=14116, stack(0x000000e320700000,0x000000e320800000) (1024K)]
  0x00000267b1143e70 JavaThread "Notification Thread"        daemon [_thread_blocked, id=15816, stack(0x000000e320800000,0x000000e320900000) (1024K)]
  0x00000267b1d040c0 JavaThread "Daemon health stats"               [_thread_blocked, id=16948, stack(0x000000e320a00000,0x000000e320b00000) (1024K)]
  0x00000267b1cd07f0 JavaThread "Incoming local TCP Connector on port 62134"        [_thread_in_native, id=19104, stack(0x000000e320b00000,0x000000e320c00000) (1024K)]
  0x00000267b2b3ab40 JavaThread "Daemon periodic checks"            [_thread_blocked, id=13612, stack(0x000000e320c00000,0x000000e320d00000) (1024K)]
  0x00000267b2e02370 JavaThread "Daemon"                            [_thread_blocked, id=10092, stack(0x000000e320d00000,0x000000e320e00000) (1024K)]
  0x00000267b2e029d0 JavaThread "Handler for socket connection from /127.0.0.1:62134 to /127.0.0.1:62135"        [_thread_in_native, id=5536, stack(0x000000e320e00000,0x000000e320f00000) (1024K)]
  0x00000267b2c07e20 JavaThread "Cancel handler"                    [_thread_blocked, id=17020, stack(0x000000e320f00000,0x000000e321000000) (1024K)]
  0x00000267b2c08480 JavaThread "Daemon worker"                     [_thread_blocked, id=2804, stack(0x000000e321000000,0x000000e321100000) (1024K)]
  0x00000267b2c15d20 JavaThread "Stdin handler"                     [_thread_blocked, id=1512, stack(0x000000e321200000,0x000000e321300000) (1024K)]
  0x00000267b2c135c0 JavaThread "Daemon client event forwarder"        [_thread_blocked, id=5840, stack(0x000000e321300000,0x000000e321400000) (1024K)]
  0x00000267b2c14970 JavaThread "Cache worker for journal cache (C:\Users\ibraa\.gradle\caches\journal-1)"        [_thread_blocked, id=10352, stack(0x000000e320900000,0x000000e320a00000) (1024K)]
  0x00000267b2c15000 JavaThread "File lock request listener"        [_thread_in_native, id=8168, stack(0x000000e321400000,0x000000e321500000) (1024K)]
  0x00000267b2c15690 JavaThread "Cache worker for file hash cache (C:\Users\ibraa\.gradle\caches\9.3.0\fileHashes)"        [_thread_blocked, id=10472, stack(0x000000e321500000,0x000000e321600000) (1024K)]
  0x00000267b2c16a40 JavaThread "Cache worker for file hash cache (C:\Users\ibraa\project\blps_mts_service\mts_service\.gradle\9.3.0\fileHashes)"        [_thread_blocked, id=9036, stack(0x000000e321700000,0x000000e321800000) (1024K)]
  0x00000267b2c13c50 JavaThread "Cache worker for Build Output Cleanup Cache (C:\Users\ibraa\project\blps_mts_service\mts_service\.gradle\buildOutputCleanup)"        [_thread_blocked, id=6992, stack(0x000000e321800000,0x000000e321900000) (1024K)]
  0x00000267b2c142e0 JavaThread "File watcher server"        daemon [_thread_in_native, id=7180, stack(0x000000e321900000,0x000000e321a00000) (1024K)]
  0x00000267b2c163b0 JavaThread "File watcher consumer"      daemon [_thread_blocked, id=18964, stack(0x000000e321a00000,0x000000e321b00000) (1024K)]
  0x00000267b42c5530 JavaThread "Cache worker for checksums cache (C:\Users\ibraa\project\blps_mts_service\mts_service\.gradle\9.3.0\checksums)"        [_thread_blocked, id=6908, stack(0x000000e321600000,0x000000e321700000) (1024K)]
  0x00000267b42c4810 JavaThread "Cache worker for file content cache (C:\Users\ibraa\.gradle\caches\9.3.0\fileContent)"        [_thread_blocked, id=17204, stack(0x000000e321c00000,0x000000e321d00000) (1024K)]
  0x00000267b42c4180 JavaThread "Cache worker for cache directory md-supplier (C:\Users\ibraa\.gradle\caches\9.3.0\md-supplier)"        [_thread_blocked, id=2104, stack(0x000000e321d00000,0x000000e321e00000) (1024K)]
  0x00000267b42c6250 JavaThread "Cache worker for cache directory md-rule (C:\Users\ibraa\.gradle\caches\9.3.0\md-rule)"        [_thread_blocked, id=18320, stack(0x000000e321e00000,0x000000e321f00000) (1024K)]
  0x00000267b42c3af0 JavaThread "jar transforms"                    [_thread_blocked, id=18472, stack(0x000000e321f00000,0x000000e322000000) (1024K)]
  0x00000267b42c68e0 JavaThread "jar transforms Thread 2"           [_thread_blocked, id=16520, stack(0x000000e322000000,0x000000e322100000) (1024K)]
  0x00000267b42c3460 JavaThread "jar transforms Thread 3"           [_thread_blocked, id=1276, stack(0x000000e322100000,0x000000e322200000) (1024K)]
  0x00000267b42c6f70 JavaThread "Unconstrained build operations"        [_thread_blocked, id=8036, stack(0x000000e322200000,0x000000e322300000) (1024K)]
  0x00000267b42c7600 JavaThread "Unconstrained build operations Thread 2"        [_thread_blocked, id=4260, stack(0x000000e322300000,0x000000e322400000) (1024K)]
  0x00000267b42c7c90 JavaThread "Unconstrained build operations Thread 3"        [_thread_blocked, id=16040, stack(0x000000e322400000,0x000000e322500000) (1024K)]
  0x00000267b42c8320 JavaThread "Memory manager"                    [_thread_blocked, id=17148, stack(0x000000e322500000,0x000000e322600000) (1024K)]
  0x00000267b42c4ea0 JavaThread "jar transforms Thread 4"           [_thread_blocked, id=16560, stack(0x000000e322600000,0x000000e322700000) (1024K)]
  0x00000267b42c96d0 JavaThread "Problems report writer"            [_thread_blocked, id=14120, stack(0x000000e322700000,0x000000e322800000) (1024K)]
  0x00000267b42c9d60 JavaThread "ForkJoinPool.commonPool-worker-1" daemon [_thread_blocked, id=3484, stack(0x000000e322800000,0x000000e322900000) (1024K)]
  0x00000267b42c89b0 JavaThread "ForkJoinPool.commonPool-worker-2" daemon [_thread_blocked, id=16512, stack(0x000000e322900000,0x000000e322a00000) (1024K)]
  0x00000267b42ca3f0 JavaThread "ForkJoinPool.commonPool-worker-3" daemon [_thread_blocked, id=17384, stack(0x000000e322a00000,0x000000e322b00000) (1024K)]
  0x00000267b42caa80 JavaThread "ForkJoinPool.commonPool-worker-4" daemon [_thread_blocked, id=16572, stack(0x000000e322b00000,0x000000e322c00000) (1024K)]
  0x00000267b42c9040 JavaThread "ForkJoinPool.commonPool-worker-5" daemon [_thread_blocked, id=13608, stack(0x000000e322c00000,0x000000e322d00000) (1024K)]
  0x00000267b3b27c70 JavaThread "ForkJoinPool.commonPool-worker-6" daemon [_thread_blocked, id=7268, stack(0x000000e322d00000,0x000000e322e00000) (1024K)]
  0x00000267b3b28300 JavaThread "ForkJoinPool.commonPool-worker-7" daemon [_thread_blocked, id=15692, stack(0x000000e322e00000,0x000000e322f00000) (1024K)]
  0x00000267b3b275e0 JavaThread "Exec process"               daemon [_thread_blocked, id=9476, stack(0x000000e322f00000,0x000000e323000000) (1024K)]
  0x00000267b3b26230 JavaThread "Exec process Thread 2"      daemon [_thread_blocked, id=6480, stack(0x000000e323000000,0x000000e323100000) (1024K)]
  0x00000267b3b296b0 JavaThread "Exec process Thread 3"      daemon [_thread_blocked, id=9056, stack(0x000000e323100000,0x000000e323200000) (1024K)]
  0x00000267b3b28990 JavaThread "Unconstrained build operations Thread 4"        [_thread_blocked, id=16632, stack(0x000000e323200000,0x000000e323300000) (1024K)]
  0x00000267b3b29020 JavaThread "Unconstrained build operations Thread 5"        [_thread_blocked, id=19440, stack(0x000000e323300000,0x000000e323400000) (1024K)]
  0x00000267b3b268c0 JavaThread "Unconstrained build operations Thread 6"        [_thread_blocked, id=8396, stack(0x000000e323400000,0x000000e323500000) (1024K)]
  0x00000267b3b2a3d0 JavaThread "Unconstrained build operations Thread 7"        [_thread_blocked, id=18212, stack(0x000000e323500000,0x000000e323600000) (1024K)]
  0x00000267b3b26f50 JavaThread "Unconstrained build operations Thread 8"        [_thread_blocked, id=9900, stack(0x000000e323600000,0x000000e323700000) (1024K)]
  0x00000267b3b2d850 JavaThread "Unconstrained build operations Thread 9"        [_thread_blocked, id=9764, stack(0x000000e323700000,0x000000e323800000) (1024K)]
  0x00000267b3b2be10 JavaThread "Unconstrained build operations Thread 10"        [_thread_blocked, id=1328, stack(0x000000e323800000,0x000000e323900000) (1024K)]
  0x00000267b3b2aa60 JavaThread "included builds"                   [_thread_blocked, id=1892, stack(0x000000e323900000,0x000000e323a00000) (1024K)]
  0x00000267b3b2b780 JavaThread "Cache worker for execution history cache (C:\Users\ibraa\project\blps_mts_service\mts_service\.gradle\9.3.0\executionHistory)"        [_thread_blocked, id=19388, stack(0x000000e323a00000,0x000000e323b00000) (1024K)]
  0x00000267b3b2b0f0 JavaThread "Cache worker for Java compile cache (C:\Users\ibraa\.gradle\caches\9.3.0\javaCompile)"        [_thread_blocked, id=18420, stack(0x000000e323b00000,0x000000e323c00000) (1024K)]
  0x00000267b3b2c4a0 JavaThread "Incoming local TCP Connector on port 50061"        [_thread_blocked, id=7424, stack(0x000000e323c00000,0x000000e323d00000) (1024K)]
  0x00000267b3b2d1c0 JavaThread "Exec process"                      [_thread_blocked, id=18968, stack(0x000000e323d00000,0x000000e323e00000) (1024K)]
  0x00000267b7e937f0 JavaThread "Exec process Thread 2"             [_thread_blocked, id=18712, stack(0x000000e323f00000,0x000000e324000000) (1024K)]
  0x00000267b7e94ba0 JavaThread "Exec process Thread 3"             [_thread_blocked, id=6372, stack(0x000000e324000000,0x000000e324100000) (1024K)]
=>0x00000267b7e94510 JavaThread "Exec process Thread 4"             [_thread_in_vm, id=16680, stack(0x000000e324100000,0x000000e324200000) (1024K)]
  0x00000267b7e965e0 JavaThread "/127.0.0.1:50061 to /127.0.0.1:50062 workers"        [_thread_blocked, id=19136, stack(0x000000e321b00000,0x000000e321c00000) (1024K)]
  0x00000267b7e95230 JavaThread "/127.0.0.1:50061 to /127.0.0.1:50062 workers Thread 2"        [_thread_blocked, id=11620, stack(0x000000e323e00000,0x000000e323f00000) (1024K)]
  0x00000267b7e93e80 JavaThread "/127.0.0.1:50061 to /127.0.0.1:50062 workers Thread 3"        [_thread_blocked, id=18864, stack(0x000000e324200000,0x000000e324300000) (1024K)]
  0x00000267b7e958c0 JavaThread "/127.0.0.1:50061 to /127.0.0.1:50062 workers Thread 4"        [_thread_blocked, id=3260, stack(0x000000e324300000,0x000000e324400000) (1024K)]
  0x00000267b7e95f50 JavaThread "/127.0.0.1:50061 to /127.0.0.1:50062 workers Thread 5"        [_thread_blocked, id=10996, stack(0x000000e324400000,0x000000e324500000) (1024K)]
  0x00000267b7e93010 JavaThread "C2 CompilerThread1"         daemon [_thread_in_native, id=19180, stack(0x000000e324500000,0x000000e324600000) (1024K)]
  0x00000267b74a17d0 JavaThread "C2 CompilerThread2"         daemon [_thread_blocked, id=11504, stack(0x000000e324600000,0x000000e324700000) (1024K)]
Total: 72

Other Threads:
  0x00000267877ee5b0 VMThread "VM Thread"                           [id=14140, stack(0x000000e31fe00000,0x000000e31ff00000) (1024K)] _threads_hazard_ptr=0x00000267b57eab10
  0x000002678753ba00 WatcherThread "VM Periodic Task Thread"        [id=6976, stack(0x000000e31fd00000,0x000000e31fe00000) (1024K)]
Total: 2

Threads with active compile tasks:
C2 CompilerThread0  32264 11157       4       org.gradle.internal.logging.text.AbstractLineChoppingStyledTextOutput$1::execute (9 bytes)
C2 CompilerThread1  32264 11158       4       org.gradle.internal.logging.text.AbstractLineChoppingStyledTextOutput$1::execute (140 bytes)
Total: 2

VM state: synchronizing (normal execution)

VM Mutex/Monitor currently owned by a thread:  ([mutex/lock_event])
[0x00007ff8b746a7c8] Threads_lock - owner thread: 0x00000267877ee5b0

OutOfMemory and StackOverflow Exception counts:
OutOfMemoryError java_heap_errors=1
LinkageErrors=233

Heap address: 0x00000000c0000000, size: 1024 MB, Compressed Oops mode: 32-bit

CDS archive(s) mapped at: [0x000002679f000000-0x000002679fc80000-0x000002679fc80000), size 13107200, SharedBaseAddress: 0x000002679f000000, ArchiveRelocationMode: 1.
Compressed class space mapped at: 0x00000267a0000000-0x00000267ad000000, reserved size: 218103808
Narrow klass base: 0x000002679f000000, Narrow klass shift: 0, Narrow klass range: 0x100000000

GC Precious Log:
 CardTable entry size: 512
 CPUs: 8 total, 8 available
 Memory: 7103M
 Large Page Support: Disabled
 NUMA Support: Disabled
 Compressed Oops: Enabled (32-bit)
 Heap Min Capacity: 256M
 Heap Initial Capacity: 256M
 Heap Max Capacity: 1G
 Pre-touch: Disabled

Heap:
 def new generation   total 78912K, used 47582K [0x00000000c0000000, 0x00000000c5590000, 0x00000000d5550000)
  eden space 70208K,  57% used [0x00000000c0000000, 0x00000000c2723eb0, 0x00000000c4490000)
  from space 8704K,  86% used [0x00000000c4d10000, 0x00000000c5463bc0, 0x00000000c5590000)
  to   space 8704K,   0% used [0x00000000c4490000, 0x00000000c4490000, 0x00000000c4d10000)
 tenured generation   total 174784K, used 64688K [0x00000000d5550000, 0x00000000e0000000, 0x0000000100000000)
   the space 174784K,  37% used [0x00000000d5550000, 0x00000000d947c0f8, 0x00000000d947c200, 0x00000000e0000000)
 Metaspace       used 63029K, committed 65344K, reserved 278528K
  class space    used 9156K, committed 10304K, reserved 212992K

Card table byte_map: [0x00000267870f0000,0x0000026787300000] _byte_map_base: 0x0000026786af0000

Polling page: 0x0000026785570000

Metaspace:

Usage:
  Non-class:     52.61 MB used.
      Class:      8.94 MB used.
       Both:     61.55 MB used.

Virtual space:
  Non-class space:       64.00 MB reserved,      53.75 MB ( 84%) committed,  1 nodes.
      Class space:      208.00 MB reserved,      10.06 MB (  5%) committed,  1 nodes.
             Both:      272.00 MB reserved,      63.81 MB ( 23%) committed. 

Chunk freelists:
   Non-Class:  10.03 MB
       Class:  6.00 MB
        Both:  16.03 MB

MaxMetaspaceSize: 256.00 MB
CompressedClassSpaceSize: 208.00 MB
Initial GC threshold: 21.00 MB
Current GC threshold: 97.31 MB
CDS: on
 - commit_granule_bytes: 65536.
 - commit_granule_words: 8192.
 - virtual_space_node_default_size: 8388608.
 - enlarge_chunks_in_place: 1.
 - use_allocation_guard: 0.


Internal statistics:

num_allocs_failed_limit: 9.
num_arena_births: 4218.
num_arena_deaths: 0.
num_vsnodes_births: 2.
num_vsnodes_deaths: 0.
num_space_committed: 1021.
num_space_uncommitted: 0.
num_chunks_returned_to_freelist: 9.
num_chunks_taken_from_freelist: 7576.
num_chunk_merges: 6.
num_chunk_splits: 4791.
num_chunks_enlarged: 2760.
num_inconsistent_stats: 0.

CodeHeap 'non-profiled nmethods': size=120000Kb used=6332Kb max_used=6332Kb free=113667Kb
 bounds [0x0000026797920000, 0x0000026797f50000, 0x000002679ee50000]
CodeHeap 'profiled nmethods': size=120000Kb used=20191Kb max_used=20191Kb free=99808Kb
 bounds [0x000002678fe50000, 0x0000026791210000, 0x0000026797380000]
CodeHeap 'non-nmethods': size=5760Kb used=1729Kb max_used=1801Kb free=4030Kb
 bounds [0x0000026797380000, 0x00000267975f0000, 0x0000026797920000]
CodeCache: size=245760Kb, used=28252Kb, max_used=28324Kb, free=217505Kb
 total_blobs=11246, nmethods=10476, adapters=676, full_count=0
Compilation: enabled, stopped_count=0, restarted_count=0

Compilation events (20 events):
Event: 27.063 Thread 0x00000267875542d0 11146       3       java.nio.ByteBuffer::rewind (7 bytes)
Event: 27.064 Thread 0x00000267875542d0 nmethod 11146 0x0000026791202590 code [0x0000026791202740, 0x00000267912028b8]
Event: 27.064 Thread 0x00000267875542d0 11147       3       java.nio.Buffer::rewind (12 bytes)
Event: 27.064 Thread 0x00000267875542d0 nmethod 11147 0x0000026791202990 code [0x0000026791202b20, 0x0000026791202c40]
Event: 27.068 Thread 0x00000267875542d0 11148       3       java.nio.MappedByteBuffer::rewind (5 bytes)
Event: 27.068 Thread 0x00000267875542d0 nmethod 11148 0x0000026791202d10 code [0x0000026791202ec0, 0x00000267912030f8]
Event: 27.068 Thread 0x00000267875542d0 11149       3       java.nio.MappedByteBuffer::rewind (7 bytes)
Event: 27.068 Thread 0x00000267875542d0 nmethod 11149 0x0000026791203210 code [0x00000267912033c0, 0x0000026791203598]
Event: 27.098 Thread 0x00000267875542d0 11150       3       java.security.ProtectionDomain$Key::<init> (5 bytes)
Event: 27.098 Thread 0x00000267875542d0 nmethod 11150 0x0000026791203690 code [0x0000026791203840, 0x00000267912039a8]
Event: 27.372 Thread 0x00000267875542d0 11151       3       sun.management.MemoryPoolImpl::getType (15 bytes)
Event: 27.372 Thread 0x00000267875542d0 nmethod 11151 0x0000026791203a90 code [0x0000026791203c40, 0x0000026791203dc0]
Event: 27.695 Thread 0x0000026787553210 11152       4       java.util.concurrent.locks.AbstractQueuedSynchronizer$ConditionObject::canReacquire (38 bytes)
Event: 27.697 Thread 0x0000026787553210 nmethod 11152 0x0000026797f4c510 code [0x0000026797f4c6a0, 0x0000026797f4c780]
Event: 28.370 Thread 0x00000267875542d0 11153       3       java.lang.management.ManagementFactory$$Lambda/0x00000267a0073330::apply (12 bytes)
Event: 28.370 Thread 0x00000267875542d0 nmethod 11153 0x0000026791203e90 code [0x0000026791204060, 0x0000026791204470]
Event: 28.370 Thread 0x00000267875542d0 11154       3       java.lang.management.ManagementFactory::lambda$getPlatformMXBeans$3 (13 bytes)
Event: 28.371 Thread 0x00000267875542d0 nmethod 11154 0x0000026791204590 code [0x0000026791204760, 0x00000267912049e0]
Event: 28.371 Thread 0x00000267875542d0 11155       3       sun.management.spi.PlatformMBeanProvider$PlatformComponent::getMBeans (87 bytes)
Event: 28.373 Thread 0x00000267875542d0 nmethod 11155 0x0000026791204b10 code [0x0000026791204e80, 0x0000026791206478]

GC Heap History (20 events):
Event: 6.593 GC heap before
{Heap before GC invocations=3 (full 0):
 def new generation   total 78656K, used 6590K [0x00000000c0000000, 0x00000000c5550000, 0x00000000d5550000)
  eden space 69952K,   3% used [0x00000000c0000000, 0x00000000c02b4f18, 0x00000000c4450000)
  from space 8704K,  43% used [0x00000000c4cd0000, 0x00000000c508ab28, 0x00000000c5550000)
  to   space 8704K,   0% used [0x00000000c4450000, 0x00000000c4450000, 0x00000000c4cd0000)
 tenured generation   total 174784K, used 17716K [0x00000000d5550000, 0x00000000e0000000, 0x0000000100000000)
   the space 174784K,  10% used [0x00000000d5550000, 0x00000000d669d340, 0x00000000d669d400, 0x00000000e0000000)
 Metaspace       used 20926K, committed 21504K, reserved 278528K
  class space    used 2867K, committed 3136K, reserved 212992K
}
Event: 6.634 GC heap after
{Heap after GC invocations=4 (full 1):
 def new generation   total 78784K, used 0K [0x00000000c0000000, 0x00000000c5570000, 0x00000000d5550000)
  eden space 70080K,   0% used [0x00000000c0000000, 0x00000000c0000000, 0x00000000c4470000)
  from space 8704K,   0% used [0x00000000c4470000, 0x00000000c4470000, 0x00000000c4cf0000)
  to   space 8704K,   0% used [0x00000000c4cf0000, 0x00000000c4cf0000, 0x00000000c5570000)
 tenured generation   total 174784K, used 21582K [0x00000000d5550000, 0x00000000e0000000, 0x0000000100000000)
   the space 174784K,  12% used [0x00000000d5550000, 0x00000000d6a63968, 0x00000000d6a63a00, 0x00000000e0000000)
 Metaspace       used 20926K, committed 21504K, reserved 278528K
  class space    used 2867K, committed 3136K, reserved 212992K
}
Event: 8.966 GC heap before
{Heap before GC invocations=4 (full 1):
 def new generation   total 78784K, used 70080K [0x00000000c0000000, 0x00000000c5570000, 0x00000000d5550000)
  eden space 70080K, 100% used [0x00000000c0000000, 0x00000000c4470000, 0x00000000c4470000)
  from space 8704K,   0% used [0x00000000c4470000, 0x00000000c4470000, 0x00000000c4cf0000)
  to   space 8704K,   0% used [0x00000000c4cf0000, 0x00000000c4cf0000, 0x00000000c5570000)
 tenured generation   total 174784K, used 21582K [0x00000000d5550000, 0x00000000e0000000, 0x0000000100000000)
   the space 174784K,  12% used [0x00000000d5550000, 0x00000000d6a63968, 0x00000000d6a63a00, 0x00000000e0000000)
 Metaspace       used 29783K, committed 30976K, reserved 278528K
  class space    used 4325K, committed 4928K, reserved 212992K
}
Event: 8.984 GC heap after
{Heap after GC invocations=5 (full 1):
 def new generation   total 78784K, used 3791K [0x00000000c0000000, 0x00000000c5570000, 0x00000000d5550000)
  eden space 70080K,   0% used [0x00000000c0000000, 0x00000000c0000000, 0x00000000c4470000)
  from space 8704K,  43% used [0x00000000c4cf0000, 0x00000000c50a3e00, 0x00000000c5570000)
  to   space 8704K,   0% used [0x00000000c4470000, 0x00000000c4470000, 0x00000000c4cf0000)
 tenured generation   total 174784K, used 21582K [0x00000000d5550000, 0x00000000e0000000, 0x0000000100000000)
   the space 174784K,  12% used [0x00000000d5550000, 0x00000000d6a63968, 0x00000000d6a63a00, 0x00000000e0000000)
 Metaspace       used 29783K, committed 30976K, reserved 278528K
  class space    used 4325K, committed 4928K, reserved 212992K
}
Event: 9.859 GC heap before
{Heap before GC invocations=5 (full 1):
 def new generation   total 78784K, used 37255K [0x00000000c0000000, 0x00000000c5570000, 0x00000000d5550000)
  eden space 70080K,  47% used [0x00000000c0000000, 0x00000000c20adec0, 0x00000000c4470000)
  from space 8704K,  43% used [0x00000000c4cf0000, 0x00000000c50a3e00, 0x00000000c5570000)
  to   space 8704K,   0% used [0x00000000c4470000, 0x00000000c4470000, 0x00000000c4cf0000)
 tenured generation   total 174784K, used 21582K [0x00000000d5550000, 0x00000000e0000000, 0x0000000100000000)
   the space 174784K,  12% used [0x00000000d5550000, 0x00000000d6a63968, 0x00000000d6a63a00, 0x00000000e0000000)
 Metaspace       used 34518K, committed 35840K, reserved 278528K
  class space    used 4921K, committed 5568K, reserved 212992K
}
Event: 9.929 GC heap after
{Heap after GC invocations=6 (full 2):
 def new generation   total 78848K, used 0K [0x00000000c0000000, 0x00000000c5580000, 0x00000000d5550000)
  eden space 70144K,   0% used [0x00000000c0000000, 0x00000000c0000000, 0x00000000c4480000)
  from space 8704K,   0% used [0x00000000c4480000, 0x00000000c4480000, 0x00000000c4d00000)
  to   space 8704K,   0% used [0x00000000c4d00000, 0x00000000c4d00000, 0x00000000c5580000)
 tenured generation   total 174784K, used 27601K [0x00000000d5550000, 0x00000000e0000000, 0x0000000100000000)
   the space 174784K,  15% used [0x00000000d5550000, 0x00000000d70447d8, 0x00000000d7044800, 0x00000000e0000000)
 Metaspace       used 34518K, committed 35840K, reserved 278528K
  class space    used 4921K, committed 5568K, reserved 212992K
}
Event: 12.441 GC heap before
{Heap before GC invocations=6 (full 2):
 def new generation   total 78848K, used 70144K [0x00000000c0000000, 0x00000000c5580000, 0x00000000d5550000)
  eden space 70144K, 100% used [0x00000000c0000000, 0x00000000c4480000, 0x00000000c4480000)
  from space 8704K,   0% used [0x00000000c4480000, 0x00000000c4480000, 0x00000000c4d00000)
  to   space 8704K,   0% used [0x00000000c4d00000, 0x00000000c4d00000, 0x00000000c5580000)
 tenured generation   total 174784K, used 27601K [0x00000000d5550000, 0x00000000e0000000, 0x0000000100000000)
   the space 174784K,  15% used [0x00000000d5550000, 0x00000000d70447d8, 0x00000000d7044800, 0x00000000e0000000)
 Metaspace       used 42853K, committed 44608K, reserved 278528K
  class space    used 6310K, committed 7168K, reserved 212992K
}
Event: 12.484 GC heap after
{Heap after GC invocations=7 (full 2):
 def new generation   total 78848K, used 4976K [0x00000000c0000000, 0x00000000c5580000, 0x00000000d5550000)
  eden space 70144K,   0% used [0x00000000c0000000, 0x00000000c0000000, 0x00000000c4480000)
  from space 8704K,  57% used [0x00000000c4d00000, 0x00000000c51dc2a8, 0x00000000c5580000)
  to   space 8704K,   0% used [0x00000000c4480000, 0x00000000c4480000, 0x00000000c4d00000)
 tenured generation   total 174784K, used 27601K [0x00000000d5550000, 0x00000000e0000000, 0x0000000100000000)
   the space 174784K,  15% used [0x00000000d5550000, 0x00000000d70447d8, 0x00000000d7044800, 0x00000000e0000000)
 Metaspace       used 42853K, committed 44608K, reserved 278528K
  class space    used 6310K, committed 7168K, reserved 212992K
}
Event: 15.897 GC heap before
{Heap before GC invocations=7 (full 2):
 def new generation   total 78848K, used 75120K [0x00000000c0000000, 0x00000000c5580000, 0x00000000d5550000)
  eden space 70144K, 100% used [0x00000000c0000000, 0x00000000c4480000, 0x00000000c4480000)
  from space 8704K,  57% used [0x00000000c4d00000, 0x00000000c51dc2a8, 0x00000000c5580000)
  to   space 8704K,   0% used [0x00000000c4480000, 0x00000000c4480000, 0x00000000c4d00000)
 tenured generation   total 174784K, used 27601K [0x00000000d5550000, 0x00000000e0000000, 0x0000000100000000)
   the space 174784K,  15% used [0x00000000d5550000, 0x00000000d70447d8, 0x00000000d7044800, 0x00000000e0000000)
 Metaspace       used 49161K, committed 51008K, reserved 278528K
  class space    used 7275K, committed 8192K, reserved 212992K
}
Event: 15.928 GC heap after
{Heap after GC invocations=8 (full 2):
 def new generation   total 78848K, used 3970K [0x00000000c0000000, 0x00000000c5580000, 0x00000000d5550000)
  eden space 70144K,   0% used [0x00000000c0000000, 0x00000000c0000000, 0x00000000c4480000)
  from space 8704K,  45% used [0x00000000c4480000, 0x00000000c4860978, 0x00000000c4d00000)
  to   space 8704K,   0% used [0x00000000c4d00000, 0x00000000c4d00000, 0x00000000c5580000)
 tenured generation   total 174784K, used 32509K [0x00000000d5550000, 0x00000000e0000000, 0x0000000100000000)
   the space 174784K,  18% used [0x00000000d5550000, 0x00000000d750f5a8, 0x00000000d750f600, 0x00000000e0000000)
 Metaspace       used 49161K, committed 51008K, reserved 278528K
  class space    used 7275K, committed 8192K, reserved 212992K
}
Event: 17.646 GC heap before
{Heap before GC invocations=8 (full 2):
 def new generation   total 78848K, used 74114K [0x00000000c0000000, 0x00000000c5580000, 0x00000000d5550000)
  eden space 70144K, 100% used [0x00000000c0000000, 0x00000000c4480000, 0x00000000c4480000)
  from space 8704K,  45% used [0x00000000c4480000, 0x00000000c4860978, 0x00000000c4d00000)
  to   space 8704K,   0% used [0x00000000c4d00000, 0x00000000c4d00000, 0x00000000c5580000)
 tenured generation   total 174784K, used 32509K [0x00000000d5550000, 0x00000000e0000000, 0x0000000100000000)
   the space 174784K,  18% used [0x00000000d5550000, 0x00000000d750f5a8, 0x00000000d750f600, 0x00000000e0000000)
 Metaspace       used 54608K, committed 56704K, reserved 278528K
  class space    used 8103K, committed 9152K, reserved 212992K
}
Event: 17.689 GC heap after
{Heap after GC invocations=9 (full 2):
 def new generation   total 78848K, used 8703K [0x00000000c0000000, 0x00000000c5580000, 0x00000000d5550000)
  eden space 70144K,   0% used [0x00000000c0000000, 0x00000000c0000000, 0x00000000c4480000)
  from space 8704K,  99% used [0x00000000c4d00000, 0x00000000c557fff8, 0x00000000c5580000)
  to   space 8704K,   0% used [0x00000000c4480000, 0x00000000c4480000, 0x00000000c4d00000)
 tenured generation   total 174784K, used 35234K [0x00000000d5550000, 0x00000000e0000000, 0x0000000100000000)
   the space 174784K,  20% used [0x00000000d5550000, 0x00000000d77b8960, 0x00000000d77b8a00, 0x00000000e0000000)
 Metaspace       used 54608K, committed 56704K, reserved 278528K
  class space    used 8103K, committed 9152K, reserved 212992K
}
Event: 19.579 GC heap before
{Heap before GC invocations=9 (full 2):
 def new generation   total 78848K, used 54446K [0x00000000c0000000, 0x00000000c5580000, 0x00000000d5550000)
  eden space 70144K,  65% used [0x00000000c0000000, 0x00000000c2caba80, 0x00000000c4480000)
  from space 8704K,  99% used [0x00000000c4d00000, 0x00000000c557fff8, 0x00000000c5580000)
  to   space 8704K,   0% used [0x00000000c4480000, 0x00000000c4480000, 0x00000000c4d00000)
 tenured generation   total 174784K, used 35234K [0x00000000d5550000, 0x00000000e0000000, 0x0000000100000000)
   the space 174784K,  20% used [0x00000000d5550000, 0x00000000d77b8960, 0x00000000d77b8a00, 0x00000000e0000000)
 Metaspace       used 57699K, committed 59776K, reserved 278528K
  class space    used 8465K, committed 9472K, reserved 212992K
}
Event: 19.746 GC heap after
{Heap after GC invocations=10 (full 3):
 def new generation   total 78912K, used 0K [0x00000000c0000000, 0x00000000c5590000, 0x00000000d5550000)
  eden space 70208K,   0% used [0x00000000c0000000, 0x00000000c0000000, 0x00000000c4490000)
  from space 8704K,   0% used [0x00000000c4490000, 0x00000000c4490000, 0x00000000c4d10000)
  to   space 8704K,   0% used [0x00000000c4d10000, 0x00000000c4d10000, 0x00000000c5590000)
 tenured generation   total 174784K, used 47911K [0x00000000d5550000, 0x00000000e0000000, 0x0000000100000000)
   the space 174784K,  27% used [0x00000000d5550000, 0x00000000d8419c10, 0x00000000d8419e00, 0x00000000e0000000)
 Metaspace       used 57699K, committed 59776K, reserved 278528K
  class space    used 8465K, committed 9472K, reserved 212992K
}
Event: 21.390 GC heap before
{Heap before GC invocations=10 (full 3):
 def new generation   total 78912K, used 70208K [0x00000000c0000000, 0x00000000c5590000, 0x00000000d5550000)
  eden space 70208K, 100% used [0x00000000c0000000, 0x00000000c4490000, 0x00000000c4490000)
  from space 8704K,   0% used [0x00000000c4490000, 0x00000000c4490000, 0x00000000c4d10000)
  to   space 8704K,   0% used [0x00000000c4d10000, 0x00000000c4d10000, 0x00000000c5590000)
 tenured generation   total 174784K, used 47911K [0x00000000d5550000, 0x00000000e0000000, 0x0000000100000000)
   the space 174784K,  27% used [0x00000000d5550000, 0x00000000d8419c10, 0x00000000d8419e00, 0x00000000e0000000)
 Metaspace       used 58706K, committed 60864K, reserved 278528K
  class space    used 8527K, committed 9600K, reserved 212992K
}
Event: 21.429 GC heap after
{Heap after GC invocations=11 (full 3):
 def new generation   total 78912K, used 8704K [0x00000000c0000000, 0x00000000c5590000, 0x00000000d5550000)
  eden space 70208K,   0% used [0x00000000c0000000, 0x00000000c0000000, 0x00000000c4490000)
  from space 8704K, 100% used [0x00000000c4d10000, 0x00000000c5590000, 0x00000000c5590000)
  to   space 8704K,   0% used [0x00000000c4490000, 0x00000000c4490000, 0x00000000c4d10000)
 tenured generation   total 174784K, used 48365K [0x00000000d5550000, 0x00000000e0000000, 0x0000000100000000)
   the space 174784K,  27% used [0x00000000d5550000, 0x00000000d848b670, 0x00000000d848b800, 0x00000000e0000000)
 Metaspace       used 58706K, committed 60864K, reserved 278528K
  class space    used 8527K, committed 9600K, reserved 212992K
}
Event: 22.401 GC heap before
{Heap before GC invocations=11 (full 3):
 def new generation   total 78912K, used 78912K [0x00000000c0000000, 0x00000000c5590000, 0x00000000d5550000)
  eden space 70208K, 100% used [0x00000000c0000000, 0x00000000c4490000, 0x00000000c4490000)
  from space 8704K, 100% used [0x00000000c4d10000, 0x00000000c5590000, 0x00000000c5590000)
  to   space 8704K,   0% used [0x00000000c4490000, 0x00000000c4490000, 0x00000000c4d10000)
 tenured generation   total 174784K, used 48365K [0x00000000d5550000, 0x00000000e0000000, 0x0000000100000000)
   the space 174784K,  27% used [0x00000000d5550000, 0x00000000d848b670, 0x00000000d848b800, 0x00000000e0000000)
 Metaspace       used 59324K, committed 61504K, reserved 278528K
  class space    used 8568K, committed 9664K, reserved 212992K
}
Event: 22.448 GC heap after
{Heap after GC invocations=12 (full 3):
 def new generation   total 78912K, used 7669K [0x00000000c0000000, 0x00000000c5590000, 0x00000000d5550000)
  eden space 70208K,   0% used [0x00000000c0000000, 0x00000000c0000000, 0x00000000c4490000)
  from space 8704K,  88% used [0x00000000c4490000, 0x00000000c4c0d610, 0x00000000c4d10000)
  to   space 8704K,   0% used [0x00000000c4d10000, 0x00000000c4d10000, 0x00000000c5590000)
 tenured generation   total 174784K, used 57028K [0x00000000d5550000, 0x00000000e0000000, 0x0000000100000000)
   the space 174784K,  32% used [0x00000000d5550000, 0x00000000d8d01128, 0x00000000d8d01200, 0x00000000e0000000)
 Metaspace       used 59324K, committed 61504K, reserved 278528K
  class space    used 8568K, committed 9664K, reserved 212992K
}
Event: 23.381 GC heap before
{Heap before GC invocations=12 (full 3):
 def new generation   total 78912K, used 77877K [0x00000000c0000000, 0x00000000c5590000, 0x00000000d5550000)
  eden space 70208K, 100% used [0x00000000c0000000, 0x00000000c4490000, 0x00000000c4490000)
  from space 8704K,  88% used [0x00000000c4490000, 0x00000000c4c0d610, 0x00000000c4d10000)
  to   space 8704K,   0% used [0x00000000c4d10000, 0x00000000c4d10000, 0x00000000c5590000)
 tenured generation   total 174784K, used 57028K [0x00000000d5550000, 0x00000000e0000000, 0x0000000100000000)
   the space 174784K,  32% used [0x00000000d5550000, 0x00000000d8d01128, 0x00000000d8d01200, 0x00000000e0000000)
 Metaspace       used 60655K, committed 62912K, reserved 278528K
  class space    used 8758K, committed 9856K, reserved 212992K
}
Event: 23.430 GC heap after
{Heap after GC invocations=13 (full 3):
 def new generation   total 78912K, used 7502K [0x00000000c0000000, 0x00000000c5590000, 0x00000000d5550000)
  eden space 70208K,   0% used [0x00000000c0000000, 0x00000000c0000000, 0x00000000c4490000)
  from space 8704K,  86% used [0x00000000c4d10000, 0x00000000c5463bc0, 0x00000000c5590000)
  to   space 8704K,   0% used [0x00000000c4490000, 0x00000000c4490000, 0x00000000c4d10000)
 tenured generation   total 174784K, used 64688K [0x00000000d5550000, 0x00000000e0000000, 0x0000000100000000)
   the space 174784K,  37% used [0x00000000d5550000, 0x00000000d947c0f8, 0x00000000d947c200, 0x00000000e0000000)
 Metaspace       used 60655K, committed 62912K, reserved 278528K
  class space    used 8758K, committed 9856K, reserved 212992K
}

Dll operation events (15 events):
Event: 0.017 Loaded shared library C:\Users\ibraa\.jdks\ms-21.0.8\bin\java.dll
Event: 0.057 Loaded shared library C:\Users\ibraa\.jdks\ms-21.0.8\bin\jsvml.dll
Event: 0.124 Loaded shared library C:\Users\ibraa\.jdks\ms-21.0.8\bin\zip.dll
Event: 0.131 Loaded shared library C:\Users\ibraa\.jdks\ms-21.0.8\bin\instrument.dll
Event: 0.137 Loaded shared library C:\Users\ibraa\.jdks\ms-21.0.8\bin\net.dll
Event: 0.142 Loaded shared library C:\Users\ibraa\.jdks\ms-21.0.8\bin\nio.dll
Event: 0.146 Loaded shared library C:\Users\ibraa\.jdks\ms-21.0.8\bin\zip.dll
Event: 0.725 Loaded shared library C:\Users\ibraa\.jdks\ms-21.0.8\bin\jimage.dll
Event: 1.211 Loaded shared library C:\Users\ibraa\.jdks\ms-21.0.8\bin\verify.dll
Event: 1.296 Loaded shared library C:\Users\ibraa\.gradle\native\660c5614fbf4a5f2a75b1949f50a0caf5cd603558e7d8a26e50b933a0cfb79d1\windows-amd64\native-platform.dll
Event: 1.319 Loaded shared library C:\Users\ibraa\.gradle\native\0.2.8\x86_64-windows-gnu\gradle-fileevents.dll
Event: 3.290 Loaded shared library C:\Users\ibraa\.jdks\ms-21.0.8\bin\management.dll
Event: 3.294 Loaded shared library C:\Users\ibraa\.jdks\ms-21.0.8\bin\management_ext.dll
Event: 3.617 Loaded shared library C:\Users\ibraa\.jdks\ms-21.0.8\bin\extnet.dll
Event: 4.062 Loaded shared library C:\Users\ibraa\.jdks\ms-21.0.8\bin\sunmscapi.dll

Deoptimization events (20 events):
Event: 24.731 Thread 0x00000267b3b2aa60 Uncommon trap: trap_request=0xffffffc6 fr.pc=0x0000026797b4aa40 relative=0x0000000000000260
Event: 24.731 Thread 0x00000267b3b2aa60 Uncommon trap: reason=bimorphic_or_optimized_type_check action=maybe_recompile pc=0x0000026797b4aa40 method=java.util.Spliterators$IteratorSpliterator.tryAdvance(Ljava/util/function/Consumer;)Z @ 50 c2
Event: 24.731 Thread 0x00000267b3b2aa60 DEOPT PACKING pc=0x0000026797b4aa40 sp=0x000000e3239f9c80
Event: 24.731 Thread 0x00000267b3b2aa60 DEOPT UNPACKING pc=0x00000267973d3aa2 sp=0x000000e3239f9c20 mode 2
Event: 24.949 Thread 0x00000267b3b2aa60 Uncommon trap: trap_request=0xffffffc6 fr.pc=0x0000026797c338b0 relative=0x0000000000000690
Event: 24.949 Thread 0x00000267b3b2aa60 Uncommon trap: reason=bimorphic_or_optimized_type_check action=maybe_recompile pc=0x0000026797c338b0 method=sun.security.provider.DigestBase.engineUpdate([BII)V @ 115 c2
Event: 24.950 Thread 0x00000267b3b2aa60 DEOPT PACKING pc=0x0000026797c338b0 sp=0x000000e3239f7cd0
Event: 24.950 Thread 0x00000267b3b2aa60 DEOPT UNPACKING pc=0x00000267973d3aa2 sp=0x000000e3239f7c98 mode 2
Event: 24.954 Thread 0x00000267b3b2aa60 Uncommon trap: trap_request=0xffffff45 fr.pc=0x0000026797acb1c0 relative=0x0000000000000680
Event: 24.954 Thread 0x00000267b3b2aa60 Uncommon trap: reason=unstable_if action=reinterpret pc=0x0000026797acb1c0 method=jdk.internal.reflect.DirectMethodHandleAccessor.checkArgumentCount(I[Ljava/lang/Object;)V @ 1 c2
Event: 24.954 Thread 0x00000267b3b2aa60 DEOPT PACKING pc=0x0000026797acb1c0 sp=0x000000e3239f82b0
Event: 24.954 Thread 0x00000267b3b2aa60 DEOPT UNPACKING pc=0x00000267973d3aa2 sp=0x000000e3239f81e0 mode 2
Event: 24.971 Thread 0x00000267b3b2aa60 Uncommon trap: trap_request=0xffffff45 fr.pc=0x0000026797accb88 relative=0x0000000000000068
Event: 24.971 Thread 0x00000267b3b2aa60 Uncommon trap: reason=unstable_if action=reinterpret pc=0x0000026797accb88 method=jdk.internal.reflect.DirectMethodHandleAccessor.checkArgumentCount(I[Ljava/lang/Object;)V @ 1 c2
Event: 24.971 Thread 0x00000267b3b2aa60 DEOPT PACKING pc=0x0000026797accb88 sp=0x000000e3239f8150
Event: 24.971 Thread 0x00000267b3b2aa60 DEOPT UNPACKING pc=0x00000267973d3aa2 sp=0x000000e3239f80d8 mode 2
Event: 25.068 Thread 0x00000267b3b2aa60 Uncommon trap: trap_request=0xffffffc6 fr.pc=0x0000026797e83bc4 relative=0x0000000000000de4
Event: 25.068 Thread 0x00000267b3b2aa60 Uncommon trap: reason=bimorphic_or_optimized_type_check action=maybe_recompile pc=0x0000026797e83bc4 method=java.util.concurrent.ConcurrentHashMap.putAll(Ljava/util/Map;)V @ 23 c2
Event: 25.068 Thread 0x00000267b3b2aa60 DEOPT PACKING pc=0x0000026797e83bc4 sp=0x000000e3239f82f0
Event: 25.068 Thread 0x00000267b3b2aa60 DEOPT UNPACKING pc=0x00000267973d3aa2 sp=0x000000e3239f82a0 mode 2

Classes loaded (20 events):
Event: 24.154 Loading class java/io/ObjectStreamClass$4
Event: 24.154 Loading class java/io/ObjectStreamClass$4 done
Event: 24.154 Loading class java/io/ObjectStreamClass$5
Event: 24.154 Loading class java/io/ObjectStreamClass$5 done
Event: 24.155 Loading class java/io/ObjectStreamClass$ClassDataSlot
Event: 24.155 Loading class java/io/ObjectStreamClass$ClassDataSlot done
Event: 24.802 Loading class java/util/PriorityQueue
Event: 24.802 Loading class java/util/PriorityQueue done
Event: 24.836 Loading class java/nio/file/FileTreeWalker$1
Event: 24.836 Loading class java/nio/file/FileTreeWalker$1 done
Event: 24.917 Loading class jdk/internal/reflect/MethodHandleLongFieldAccessorImpl
Event: 24.918 Loading class jdk/internal/reflect/MethodHandleLongFieldAccessorImpl done
Event: 24.921 Loading class java/io/ObjectStreamClass$ExceptionInfo
Event: 24.922 Loading class java/io/ObjectStreamClass$ExceptionInfo done
Event: 24.935 Loading class java/io/SerialCallbackContext
Event: 24.935 Loading class java/io/SerialCallbackContext done
Event: 25.093 Loading class java/lang/UnsupportedClassVersionError
Event: 25.093 Loading class java/lang/UnsupportedClassVersionError done
Event: 27.088 Loading class java/nio/channels/AsynchronousCloseException
Event: 27.089 Loading class java/nio/channels/AsynchronousCloseException done

Classes unloaded (0 events):
No events

Classes redefined (0 events):
No events

Internal exceptions (20 events):
Event: 24.154 Thread 0x00000267b3b2aa60 Exception <a 'java/lang/NoSuchMethodError'{0x00000000c09dfde8}: static Ljava/lang/Object;.<clinit>()V> (0x00000000c09dfde8) 
thrown [s\src\hotspot\share\prims\jni.cpp, line 1111]
Event: 24.825 Thread 0x00000267b3b2aa60 Exception <a 'java/lang/NoSuchMethodError'{0x00000000c1c4cae8}: 'java.lang.Object java.lang.invoke.DirectMethodHandle$Holder.newInvokeSpecial(java.lang.Object, java.lang.Object, int, java.lang.Object, java.lang.Object, java.lang.Object, java.lang.Object)'> (0x00000000c1c4cae8) 
thrown [s\src\hotspot\share\interpreter\linkResolver.cpp, line 773]
Event: 24.826 Thread 0x00000267b3b2aa60 Exception <a 'java/lang/NoSuchMethodError'{0x00000000c1c55520}: 'java.lang.Object java.lang.invoke.Invokers$Holder.linkToTargetMethod(java.lang.Object, int, java.lang.Object, java.lang.Object, java.lang.Object, java.lang.Object, java.lang.Object)'> (0x00000000c1c55520) 
thrown [s\src\hotspot\share\interpreter\linkResolver.cpp, line 773]
Event: 24.916 Thread 0x00000267b3b2aa60 Exception <a 'java/lang/NoSuchMethodError'{0x00000000c1e2e590}: static Lorg/gradle/api/internal/tasks/compile/DaemonJavaCompiler$JavaCompilerParameters;.<clinit>()V> (0x00000000c1e2e590) 
thrown [s\src\hotspot\share\prims\jni.cpp, line 1111]
Event: 24.917 Thread 0x00000267b3b2aa60 Exception <a 'java/lang/NoSuchMethodError'{0x00000000c1e31970}: static Lorg/gradle/api/internal/tasks/compile/daemon/CompilerWorkerExecutor$CompilerParameters;.<clinit>()V> (0x00000000c1e31970) 
thrown [s\src\hotspot\share\prims\jni.cpp, line 1111]
Event: 24.918 Thread 0x00000267b3b2aa60 Exception <a 'java/lang/NoSuchMethodError'{0x00000000c1e36d60}: 'long java.lang.invoke.DirectMethodHandle$Holder.invokeSpecial(java.lang.Object, java.lang.Object)'> (0x00000000c1e36d60) 
thrown [s\src\hotspot\share\interpreter\linkResolver.cpp, line 773]
Event: 24.919 Thread 0x00000267b3b2aa60 Exception <a 'java/lang/NoSuchMethodError'{0x00000000c1e3af38}: 'long java.lang.invoke.Invokers$Holder.invokeExact_MT(java.lang.Object, java.lang.Object)'> (0x00000000c1e3af38) 
thrown [s\src\hotspot\share\interpreter\linkResolver.cpp, line 773]
Event: 24.922 Thread 0x00000267b3b2aa60 Exception <a 'java/lang/NoSuchMethodError'{0x00000000c1e50f98}: static [Ljava/lang/Object;.<clinit>()V> (0x00000000c1e50f98) 
thrown [s\src\hotspot\share\prims\jni.cpp, line 1111]
Event: 24.929 Thread 0x00000267b3b2aa60 Exception <a 'java/lang/NoSuchMethodError'{0x00000000c1e75650}: static Ljava/lang/Object;.<clinit>()V> (0x00000000c1e75650) 
thrown [s\src\hotspot\share\prims\jni.cpp, line 1111]
Event: 24.933 Thread 0x00000267b3b2aa60 Exception <a 'java/lang/NoSuchMethodError'{0x00000000c1e90940}: static Ljava/util/AbstractList;.<clinit>()V> (0x00000000c1e90940) 
thrown [s\src\hotspot\share\prims\jni.cpp, line 1111]
Event: 24.948 Thread 0x00000267b3b2aa60 Exception <a 'java/lang/NoSuchMethodError'{0x00000000c1f0e218}: static Lorg/gradle/api/internal/tasks/compile/DefaultJavaCompileSpecFactory$DefaultForkingJavaCompileSpec;.<clinit>()V> (0x00000000c1f0e218) 
thrown [s\src\hotspot\share\prims\jni.cpp, line 1111]
Event: 24.949 Thread 0x00000267b3b2aa60 Exception <a 'java/lang/NoSuchMethodError'{0x00000000c1f17888}: static Lorg/gradle/api/internal/tasks/compile/DefaultJavaCompileSpec;.<clinit>()V> (0x00000000c1f17888) 
thrown [s\src\hotspot\share\prims\jni.cpp, line 1111]
Event: 24.949 Thread 0x00000267b3b2aa60 Exception <a 'java/lang/NoSuchMethodError'{0x00000000c1f1cff8}: static Lorg/gradle/api/internal/tasks/compile/DefaultJvmLanguageCompileSpec;.<clinit>()V> (0x00000000c1f1cff8) 
thrown [s\src\hotspot\share\prims\jni.cpp, line 1111]
Event: 24.954 Thread 0x00000267b3b2aa60 Implicit null exception at 0x0000026797acabd1 to 0x0000026797acb19c
Event: 24.971 Thread 0x00000267b3b2aa60 Implicit null exception at 0x0000026797accb3a to 0x0000026797accb74
Event: 24.989 Thread 0x00000267b3b2aa60 Exception <a 'java/lang/NoSuchMethodError'{0x00000000c2011888}: static Lorg/gradle/api/internal/tasks/compile/MinimalJavaCompileOptions;.<clinit>()V> (0x00000000c2011888) 
thrown [s\src\hotspot\share\prims\jni.cpp, line 1111]
Event: 24.999 Thread 0x00000267b3b2aa60 Exception <a 'java/lang/NoSuchMethodError'{0x00000000c207b290}: static Lorg/gradle/api/internal/tasks/compile/MinimalJavaCompilerDaemonForkOptions;.<clinit>()V> (0x00000000c207b290) 
thrown [s\src\hotspot\share\prims\jni.cpp, line 1111]
Event: 25.000 Thread 0x00000267b3b2aa60 Exception <a 'java/lang/NoSuchMethodError'{0x00000000c207dc50}: static Lorg/gradle/api/internal/tasks/compile/MinimalCompilerDaemonForkOptions;.<clinit>()V> (0x00000000c207dc50) 
thrown [s\src\hotspot\share\prims\jni.cpp, line 1111]
Event: 25.006 Thread 0x00000267b3b2aa60 Exception <a 'java/lang/NoSuchMethodError'{0x00000000c20a6918}: static Lorg/gradle/api/internal/tasks/compile/processing/AnnotationProcessorDeclaration;.<clinit>()V> (0x00000000c20a6918) 
thrown [s\src\hotspot\share\prims\jni.cpp, line 1111]
Event: 25.104 Thread 0x00000267b3b2aa60 Exception <a 'java/lang/NoSuchMethodError'{0x00000000c2451ed8}: static Lorg/gradle/process/internal/worker/request/WorkerAction;.<clinit>()V> (0x00000000c2451ed8) 
thrown [s\src\hotspot\share\prims\jni.cpp, line 1111]

ZGC Phase Switch (0 events):
No events

VM Operations (20 events):
Event: 24.123 Executing VM operation: HandshakeAllThreads (Deoptimize)
Event: 24.123 Executing VM operation: HandshakeAllThreads (Deoptimize) done
Event: 24.125 Executing VM operation: HandshakeAllThreads (Deoptimize)
Event: 24.125 Executing VM operation: HandshakeAllThreads (Deoptimize) done
Event: 24.172 Executing VM operation: ICBufferFull
Event: 24.172 Executing VM operation: ICBufferFull done
Event: 24.602 Executing VM operation: ICBufferFull
Event: 24.602 Executing VM operation: ICBufferFull done
Event: 24.842 Executing VM operation: HandshakeAllThreads (Deoptimize)
Event: 24.842 Executing VM operation: HandshakeAllThreads (Deoptimize) done
Event: 25.851 Executing VM operation: Cleanup
Event: 25.851 Executing VM operation: Cleanup done
Event: 27.119 Executing VM operation: HandshakeAllThreads (Deoptimize)
Event: 27.119 Executing VM operation: HandshakeAllThreads (Deoptimize) done
Event: 27.119 Executing VM operation: Cleanup
Event: 27.119 Executing VM operation: Cleanup done
Event: 30.152 Executing VM operation: Cleanup
Event: 30.152 Executing VM operation: Cleanup done
Event: 30.455 Executing VM operation: HandshakeAllThreads (Deoptimize)
Event: 30.455 Executing VM operation: HandshakeAllThreads (Deoptimize) done

Memory protections (0 events):
No events

Nmethod flushes (20 events):
Event: 19.669 Thread 0x00000267877ee5b0 flushing  nmethod 0x00000267903aa690
Event: 19.669 Thread 0x00000267877ee5b0 flushing  nmethod 0x00000267903bf590
Event: 19.669 Thread 0x00000267877ee5b0 flushing  nmethod 0x00000267903f5690
Event: 19.669 Thread 0x00000267877ee5b0 flushing  nmethod 0x00000267903f8190
Event: 19.669 Thread 0x00000267877ee5b0 flushing  nmethod 0x0000026790423090
Event: 19.669 Thread 0x00000267877ee5b0 flushing  nmethod 0x0000026790427110
Event: 19.669 Thread 0x00000267877ee5b0 flushing  nmethod 0x0000026790429c90
Event: 19.669 Thread 0x00000267877ee5b0 flushing  nmethod 0x000002679042a010
Event: 19.669 Thread 0x00000267877ee5b0 flushing  nmethod 0x000002679042aa10
Event: 19.669 Thread 0x00000267877ee5b0 flushing  nmethod 0x000002679043b990
Event: 19.669 Thread 0x00000267877ee5b0 flushing  nmethod 0x000002679046d390
Event: 19.669 Thread 0x00000267877ee5b0 flushing  nmethod 0x000002679047e510
Event: 19.669 Thread 0x00000267877ee5b0 flushing  nmethod 0x0000026790484a10
Event: 19.669 Thread 0x00000267877ee5b0 flushing  nmethod 0x00000267904cfc90
Event: 19.669 Thread 0x00000267877ee5b0 flushing  nmethod 0x00000267904e5690
Event: 19.669 Thread 0x00000267877ee5b0 flushing  nmethod 0x0000026790503810
Event: 19.669 Thread 0x00000267877ee5b0 flushing  nmethod 0x0000026790542190
Event: 19.669 Thread 0x00000267877ee5b0 flushing  nmethod 0x0000026790572d10
Event: 19.669 Thread 0x00000267877ee5b0 flushing  nmethod 0x0000026790573810
Event: 19.669 Thread 0x00000267877ee5b0 flushing  nmethod 0x0000026790573e90

Events (20 events):
Event: 19.116 Thread 0x00000267b2c08480 Thread added: 0x00000267b3b2a3d0
Event: 19.151 Thread 0x00000267b2c08480 Thread added: 0x00000267b3b26f50
Event: 19.165 Thread 0x00000267b2c08480 Thread added: 0x00000267b3b2d850
Event: 19.181 Thread 0x00000267b2c08480 Thread added: 0x00000267b3b2be10
Event: 23.336 Thread 0x00000267b2c08480 Thread added: 0x00000267b3b2aa60
Event: 23.505 Thread 0x00000267b3b2aa60 Thread added: 0x00000267b3b2b780
Event: 24.768 Thread 0x00000267b3b2aa60 Thread added: 0x00000267b3b2b0f0
Event: 25.060 Thread 0x00000267b3b2aa60 Thread added: 0x00000267b3b2c4a0
Event: 25.122 Thread 0x00000267b3b2aa60 Thread added: 0x00000267b3b2d1c0
Event: 25.701 Thread 0x00000267b3b2d1c0 Thread added: 0x00000267b7e95230
Event: 25.702 Thread 0x00000267b3b2d1c0 Thread added: 0x00000267b7e937f0
Event: 25.702 Thread 0x00000267b3b2d1c0 Thread added: 0x00000267b7e94ba0
Event: 25.703 Thread 0x00000267b3b2d1c0 Thread added: 0x00000267b7e94510
Event: 25.703 Thread 0x00000267b7e95230 Thread exited: 0x00000267b7e95230
Event: 25.703 Thread 0x00000267b54d6b40 Thread exited: 0x00000267b54d6b40
Event: 27.086 Thread 0x00000267b3b2c4a0 Thread added: 0x00000267b7e965e0
Event: 27.088 Thread 0x00000267b3b2c4a0 Thread added: 0x00000267b7e95230
Event: 27.089 Thread 0x00000267b3b2aa60 Thread added: 0x00000267b7e93e80
Event: 27.126 Thread 0x00000267b3b2aa60 Thread added: 0x00000267b7e958c0
Event: 27.127 Thread 0x00000267b3b2aa60 Thread added: 0x00000267b7e95f50


Dynamic libraries:
0x00007ff76eb60000 - 0x00007ff76eb6e000 	C:\Users\ibraa\.jdks\ms-21.0.8\bin\java.exe
0x00007ff93bf60000 - 0x00007ff93c1c7000 	C:\WINDOWS\SYSTEM32\ntdll.dll
0x00007ff93ab20000 - 0x00007ff93abe9000 	C:\WINDOWS\System32\KERNEL32.DLL
0x00007ff939620000 - 0x00007ff939a17000 	C:\WINDOWS\System32\KERNELBASE.dll
0x00007ff939a20000 - 0x00007ff939b6b000 	C:\WINDOWS\System32\ucrtbase.dll
0x00007ff928470000 - 0x00007ff928488000 	C:\Users\ibraa\.jdks\ms-21.0.8\bin\jli.dll
0x00007ff928420000 - 0x00007ff92843e000 	C:\Users\ibraa\.jdks\ms-21.0.8\bin\VCRUNTIME140.dll
0x00007ff93a290000 - 0x00007ff93a456000 	C:\WINDOWS\System32\USER32.dll
0x00007ff939cb0000 - 0x00007ff939cd7000 	C:\WINDOWS\System32\win32u.dll
0x00007ff93b0a0000 - 0x00007ff93b0cb000 	C:\WINDOWS\System32\GDI32.dll
0x00007ff926620000 - 0x00007ff9268b2000 	C:\WINDOWS\WinSxS\amd64_microsoft.windows.common-controls_6595b64144ccf1df_6.0.26100.8457_none_3e0b2faee331e92d\COMCTL32.dll
0x00007ff9394f0000 - 0x00007ff93961c000 	C:\WINDOWS\System32\gdi32full.dll
0x00007ff93b280000 - 0x00007ff93b329000 	C:\WINDOWS\System32\msvcrt.dll
0x00007ff939c00000 - 0x00007ff939ca3000 	C:\WINDOWS\System32\msvcp_win.dll
0x00007ff93a5f0000 - 0x00007ff93a622000 	C:\WINDOWS\System32\IMM32.DLL
0x0000000059060000 - 0x000000005906d000 	C:\Program Files (x86)\360\Total Security\safemon\SafeWrapper.dll
0x00007ff93bd00000 - 0x00007ff93bdb6000 	C:\WINDOWS\System32\ADVAPI32.dll
0x00007ff93b1d0000 - 0x00007ff93b277000 	C:\WINDOWS\System32\sechost.dll
0x00007ff93acd0000 - 0x00007ff93ade8000 	C:\WINDOWS\System32\RPCRT4.dll
0x00007ff933520000 - 0x00007ff933625000 	C:\Program Files (x86)\360\Total Security\safemon\libzdtp64.dll
0x00007ff93b330000 - 0x00007ff93ba9e000 	C:\WINDOWS\System32\SHELL32.dll
0x00007ff93a580000 - 0x00007ff93a5e6000 	C:\WINDOWS\System32\SHLWAPI.dll
0x00007ff938990000 - 0x00007ff9391fc000 	C:\WINDOWS\System32\Windows.Storage.dll
0x00007ff939d70000 - 0x00007ff93a0f3000 	C:\WINDOWS\System32\combase.dll
0x00007ff938270000 - 0x00007ff93827b000 	C:\WINDOWS\SYSTEM32\VERSION.dll
0x00007ff9321f0000 - 0x00007ff9321fc000 	C:\Users\ibraa\.jdks\ms-21.0.8\bin\vcruntime140_1.dll
0x00007ff9277d0000 - 0x00007ff927859000 	C:\Users\ibraa\.jdks\ms-21.0.8\bin\msvcp140.dll
0x00007ff8b67a0000 - 0x00007ff8b754c000 	C:\Users\ibraa\.jdks\ms-21.0.8\bin\server\jvm.dll
0x00007ff93bc70000 - 0x00007ff93bcf0000 	C:\WINDOWS\System32\WS2_32.dll
0x00007ff938810000 - 0x00007ff93886e000 	C:\WINDOWS\SYSTEM32\POWRPROF.dll
0x00007ff9324d0000 - 0x00007ff932506000 	C:\WINDOWS\SYSTEM32\WINMM.dll
0x00007ff9387f0000 - 0x00007ff938804000 	C:\WINDOWS\SYSTEM32\UMPDC.dll
0x00007ff937690000 - 0x00007ff9376ab000 	C:\WINDOWS\SYSTEM32\kernel.appcore.dll
0x00007ff92eb30000 - 0x00007ff92eb3a000 	C:\Users\ibraa\.jdks\ms-21.0.8\bin\jimage.dll
0x00007ff936ad0000 - 0x00007ff936d12000 	C:\WINDOWS\SYSTEM32\DBGHELP.DLL
0x00007ff93abf0000 - 0x00007ff93acc9000 	C:\WINDOWS\System32\OLEAUT32.dll
0x00007ff921680000 - 0x00007ff9216bb000 	C:\WINDOWS\SYSTEM32\dbgcore.DLL
0x00007ff939200000 - 0x00007ff9392a8000 	C:\WINDOWS\System32\bcryptPrimitives.dll
0x00007ff927ec0000 - 0x00007ff927ed0000 	C:\Users\ibraa\.jdks\ms-21.0.8\bin\instrument.dll
0x00007ff927ef0000 - 0x00007ff927f11000 	C:\Users\ibraa\.jdks\ms-21.0.8\bin\java.dll
0x00007ff93b0d0000 - 0x00007ff93b1c6000 	C:\WINDOWS\System32\SHCORE.dll
0x00007ff9388b0000 - 0x00007ff9388d9000 	C:\WINDOWS\SYSTEM32\profapi.dll
0x00007ff8fc690000 - 0x00007ff8fc766000 	C:\Users\ibraa\.jdks\ms-21.0.8\bin\jsvml.dll
0x00007ff9044f0000 - 0x00007ff904508000 	C:\Users\ibraa\.jdks\ms-21.0.8\bin\zip.dll
0x00007ff927ed0000 - 0x00007ff927ee1000 	C:\Users\ibraa\.jdks\ms-21.0.8\bin\net.dll
0x00007ff92de10000 - 0x00007ff92df39000 	C:\WINDOWS\SYSTEM32\WINHTTP.dll
0x00007ff937c20000 - 0x00007ff937c8c000 	C:\WINDOWS\system32\mswsock.dll
0x00007ff904510000 - 0x00007ff904526000 	C:\Users\ibraa\.jdks\ms-21.0.8\bin\nio.dll
0x00007ff927f40000 - 0x00007ff927f50000 	C:\Users\ibraa\.jdks\ms-21.0.8\bin\verify.dll
0x00007ff927f60000 - 0x00007ff927f87000 	C:\Users\ibraa\.gradle\native\660c5614fbf4a5f2a75b1949f50a0caf5cd603558e7d8a26e50b933a0cfb79d1\windows-amd64\native-platform.dll
0x00007ff8fb120000 - 0x00007ff8fb197000 	C:\Users\ibraa\.gradle\native\0.2.8\x86_64-windows-gnu\gradle-fileevents.dll
0x00007ff927fa0000 - 0x00007ff927faa000 	C:\Users\ibraa\.jdks\ms-21.0.8\bin\management.dll
0x00007ff927f90000 - 0x00007ff927f9c000 	C:\Users\ibraa\.jdks\ms-21.0.8\bin\management_ext.dll
0x00007ff93a100000 - 0x00007ff93a108000 	C:\WINDOWS\System32\PSAPI.DLL
0x00007ff9370c0000 - 0x00007ff9370f2000 	C:\WINDOWS\SYSTEM32\IPHLPAPI.DLL
0x00007ff93bab0000 - 0x00007ff93baba000 	C:\WINDOWS\System32\NSI.dll
0x00007ff927f50000 - 0x00007ff927f59000 	C:\Users\ibraa\.jdks\ms-21.0.8\bin\extnet.dll
0x00007ff937f00000 - 0x00007ff937f1b000 	C:\WINDOWS\SYSTEM32\CRYPTSP.dll
0x00007ff9375f0000 - 0x00007ff937629000 	C:\WINDOWS\system32\rsaenh.dll
0x00007ff937cd0000 - 0x00007ff937d03000 	C:\WINDOWS\SYSTEM32\USERENV.dll
0x00007ff938880000 - 0x00007ff9388aa000 	C:\WINDOWS\SYSTEM32\bcrypt.dll
0x00007ff937f20000 - 0x00007ff937f2c000 	C:\WINDOWS\SYSTEM32\CRYPTBASE.dll
0x00007ff927f30000 - 0x00007ff927f3e000 	C:\Users\ibraa\.jdks\ms-21.0.8\bin\sunmscapi.dll
0x00007ff939370000 - 0x00007ff9394e8000 	C:\WINDOWS\System32\CRYPT32.dll
0x00007ff938120000 - 0x00007ff938150000 	C:\WINDOWS\SYSTEM32\ncrypt.dll
0x00007ff9380d0000 - 0x00007ff93810f000 	C:\WINDOWS\SYSTEM32\NTASN1.dll
0x00007ff926a80000 - 0x00007ff926a88000 	C:\WINDOWS\system32\wshunix.dll

JVMTI agents:
C:\Users\ibraa\.gradle\wrapper\dists\gradle-9.3.0-bin\79n14ral3mx1ozqr3csh2u872\gradle-9.3.0\lib\agents\gradle-instrumentation-agent-9.3.0.jar path:C:\Users\ibraa\.jdks\ms-21.0.8\bin\instrument.dll, loaded, initialized, instrumentlib options:none

dbghelp: loaded successfully - version: 4.0.5 - missing functions: none
symbol engine: initialized successfully - sym options: 0x614 - pdb path: .;C:\Users\ibraa\.jdks\ms-21.0.8\bin;C:\WINDOWS\SYSTEM32;C:\WINDOWS\WinSxS\amd64_microsoft.windows.common-controls_6595b64144ccf1df_6.0.26100.8457_none_3e0b2faee331e92d;C:\Program Files (x86)\360\Total Security\safemon;C:\Users\ibraa\.jdks\ms-21.0.8\bin\server;C:\Users\ibraa\.gradle\native\660c5614fbf4a5f2a75b1949f50a0caf5cd603558e7d8a26e50b933a0cfb79d1\windows-amd64;C:\Users\ibraa\.gradle\native\0.2.8\x86_64-windows-gnu

VM Arguments:
jvm_args: --add-opens=java.base/java.lang=ALL-UNNAMED --add-opens=java.base/java.lang.invoke=ALL-UNNAMED --add-opens=java.base/java.util=ALL-UNNAMED --add-opens=java.prefs/java.util.prefs=ALL-UNNAMED --add-exports=jdk.compiler/com.sun.tools.javac.api=ALL-UNNAMED --add-exports=jdk.compiler/com.sun.tools.javac.util=ALL-UNNAMED --add-opens=java.base/java.util=ALL-UNNAMED --add-opens=java.prefs/java.util.prefs=ALL-UNNAMED --add-opens=java.base/java.nio.charset=ALL-UNNAMED --add-opens=java.base/java.net=ALL-UNNAMED --add-opens=java.base/java.util.concurrent=ALL-UNNAMED --add-opens=java.base/java.util.concurrent.atomic=ALL-UNNAMED --add-opens=java.xml/javax.xml.namespace=ALL-UNNAMED --add-opens=java.base/java.time=ALL-UNNAMED -XX:MaxMetaspaceSize=256m -XX:+UseSerialGC -XX:+HeapDumpOnOutOfMemoryError -Xms256m -Xmx1024m -Dfile.encoding=UTF-8 -Duser.country=RU -Duser.language=ru -Duser.variant -javaagent:C:\Users\ibraa\.gradle\wrapper\dists\gradle-9.3.0-bin\79n14ral3mx1ozqr3csh2u872\gradle-9.3.0\lib\agents\gradle-instrumentation-agent-9.3.0.jar 
java_command: org.gradle.launcher.daemon.bootstrap.GradleDaemon 9.3.0
java_class_path (initial): C:\Users\ibraa\.gradle\wrapper\dists\gradle-9.3.0-bin\79n14ral3mx1ozqr3csh2u872\gradle-9.3.0\lib\gradle-daemon-main-9.3.0.jar
Launcher Type: SUN_STANDARD

[Global flags]
     intx CICompilerCount                          = 4                                         {product} {ergonomic}
   size_t CompressedClassSpaceSize                 = 218103808                                 {product} {ergonomic}
     bool HeapDumpOnOutOfMemoryError               = true                                   {manageable} {command line}
   size_t InitialHeapSize                          = 268435456                                 {product} {command line}
   size_t MaxHeapSize                              = 1073741824                                {product} {command line}
   size_t MaxMetaspaceSize                         = 268435456                                 {product} {command line}
   size_t MaxNewSize                               = 357892096                                 {product} {ergonomic}
   size_t MinHeapDeltaBytes                        = 196608                                    {product} {ergonomic}
   size_t MinHeapSize                              = 268435456                                 {product} {command line}
   size_t NewSize                                  = 89456640                                  {product} {ergonomic}
    uintx NonNMethodCodeHeapSize                   = 5839372                                {pd product} {ergonomic}
    uintx NonProfiledCodeHeapSize                  = 122909434                              {pd product} {ergonomic}
   size_t OldSize                                  = 178978816                                 {product} {ergonomic}
    uintx ProfiledCodeHeapSize                     = 122909434                              {pd product} {ergonomic}
    uintx ReservedCodeCacheSize                    = 251658240                              {pd product} {ergonomic}
     bool SegmentedCodeCache                       = true                                      {product} {ergonomic}
   size_t SoftMaxHeapSize                          = 1073741824                             {manageable} {ergonomic}
     bool UseCompressedOops                        = true                           {product lp64_product} {ergonomic}
     bool UseLargePagesIndividualAllocation        = false                                  {pd product} {ergonomic}
     bool UseSerialGC                              = true                                      {product} {command line}

Logging:
Log output configuration:
 #0: stdout all=warning uptime,level,tags foldmultilines=false
 #1: stderr all=off uptime,level,tags foldmultilines=false

Environment Variables:
JAVA_HOME=C:\Users\ibraa\.jdks\ms-21.0.8
PATH=D:\ibraa\Downloads\orcl\WINDOWS.X64_193000_db_home\bin;D:\ibraa\Downloads\23ai\dbhomeFree\bin;C:\WINDOWS\system32;C:\WINDOWS;C:\WINDOWS\System32\Wbem;C:\WINDOWS\System32\WindowsPowerShell\v1.0\;C:\WINDOWS\System32\OpenSSH\;C:\Program Files\PuTTY\;C:\Users\ibraa\.jdks\ms-21.0.8\bin;C:\Program Files\Common Files\Oracle\Java\javapath;C:\Program Files\Git\cmd;C:\Gradle\gradle-8.14\bin;C:\Program Files\Docker\Docker\resources\bin;C:\Program Files\WireGuard\;D:\Go\bin;C:\Users\ibraa\AppData\Local\nvm;C:\nvm4w\nodejs;C:\Program Files\nodejs\;C:\Program Files\Microsoft VS Code\bin;C:\Program Files (x86)\cloudflared\;D:\ibraa\Stack\bin;C:\Users\ibraa\AppData\Local\Programs\Python\Python310\Scripts\;C:\Users\ibraa\AppData\Local\Programs\Python\Python310\;C:\Users\ibraa\AppData\Local\Microsoft\WindowsApps;C:\Program Files\JetBrains\PyCharm Community Edition 2021.2.3\bin;;C:\Users\ibraa\IntelliJ IDEA 2023.2.1\bin;;C:\Users\ibraa\AppData\Local\GitHubDesktop\bin;D:\ibraa\Downloads\Microsoft VS Code\bin;C:\Users\ibraa\AppData\Roaming\local\bin;C:\Users\ibraa\go\bin;C:\Users\ibraa\AppData\Local\Microsoft\WinGet\Packages\GolangCI.golangci-lint_Microsoft.Winget.Source_8wekyb3d8bbwe\golangci-lint-2.11.3-windows-amd64;C:\Users\ibraa\AppData\Local\nvm;C:\nvm4w\nodejs;C:\Users\ibraa\AppData\Roaming\npm;C:\Users\ibraa\.jdks\ms-21.0.8\bin;
USERNAME=ibraa
OS=Windows_NT
PROCESSOR_IDENTIFIER=AMD64 Family 23 Model 24 Stepping 1, AuthenticAMD
TMP=C:\Users\ibraa\AppData\Local\Temp
TEMP=C:\Users\ibraa\AppData\Local\Temp




Periodic native trim disabled

---------------  S Y S T E M  ---------------

OS:
 Windows 11 , 64 bit Build 26100 (10.0.26100.8328)
OS uptime: 0 days 0:13 hours
Hyper-V role detected

CPU: total 8 (initial active 8) (8 cores per cpu, 2 threads per core) family 23 model 24 stepping 1 microcode 0x8108109, cx8, cmov, fxsr, ht, mmx, 3dnowpref, sse, sse2, sse3, ssse3, sse4a, sse4.1, sse4.2, popcnt, lzcnt, tsc, tscinvbit, avx, avx2, aes, clmul, bmi1, bmi2, adx, sha, fma, vzeroupper, clflush, clflushopt, hv, rdtscp, f16c
Processor Information for the first 8 processors :
  Max Mhz: 2100, Current Mhz: 2100, Mhz Limit: 2100

Memory: 4k page, system-wide physical 7103M (1013M free)
TotalPageFile size 16815M (AvailPageFile size 228M)
current process WorkingSet (physical memory assigned to process): 337M, peak: 380M
current process commit charge ("private bytes"): 444M, peak: 480M

vm_info: OpenJDK 64-Bit Server VM (21.0.8+9-LTS) for windows-amd64 JRE (21.0.8+9-LTS), built on 2025-07-10T20:22:44Z by "MicrosoftCorporation" with unknown MS VC++:1944

END.
