#
# There is insufficient memory for the Java Runtime Environment to continue.
# Native memory allocation (malloc) failed to allocate 794976 bytes. Error detail: Chunk::new
# Possible reasons:
#   The system is out of physical RAM or swap space
#   This process is running with CompressedOops enabled, and the Java Heap may be blocking the growth of the native heap
# Possible solutions:
#   Reduce memory load on the system
#   Increase physical memory or swap space
#   Check if swap backing store is full
#   Decrease Java heap size (-Xmx/-Xms)
#   Decrease number of Java threads
#   Decrease Java thread stack sizes (-Xss)
#   Set larger code cache with -XX:ReservedCodeCacheSize=
#   JVM is running with Unscaled Compressed Oops mode in which the Java heap is
#     placed in the first 4GB address space. The Java Heap base address is the
#     maximum limit for the native heap growth. Please use -XX:HeapBaseMinAddress
#     to set the Java Heap base and to place the Java Heap above 4GB virtual address.
# This output file may be truncated or incomplete.
#
#  Out of Memory Error (arena.cpp:168), pid=7444, tid=10724
#
# JRE version: OpenJDK Runtime Environment Microsoft-11933218 (21.0.8+9) (build 21.0.8+9-LTS)
# Java VM: OpenJDK 64-Bit Server VM Microsoft-11933218 (21.0.8+9-LTS, mixed mode, sharing, tiered, compressed oops, compressed class ptrs, g1 gc, windows-amd64)
# No core dump will be written. Minidumps are not enabled by default on client versions of Windows
#

---------------  S U M M A R Y ------------

Command Line: --add-opens=java.base/java.lang=ALL-UNNAMED --add-opens=java.base/java.lang.invoke=ALL-UNNAMED --add-opens=java.base/java.util=ALL-UNNAMED --add-opens=java.prefs/java.util.prefs=ALL-UNNAMED --add-exports=jdk.compiler/com.sun.tools.javac.api=ALL-UNNAMED --add-exports=jdk.compiler/com.sun.tools.javac.util=ALL-UNNAMED --add-opens=java.base/java.util=ALL-UNNAMED --add-opens=java.prefs/java.util.prefs=ALL-UNNAMED --add-opens=java.base/java.nio.charset=ALL-UNNAMED --add-opens=java.base/java.net=ALL-UNNAMED --add-opens=java.base/java.util.concurrent=ALL-UNNAMED --add-opens=java.base/java.util.concurrent.atomic=ALL-UNNAMED --add-opens=java.xml/javax.xml.namespace=ALL-UNNAMED --add-opens=java.base/java.time=ALL-UNNAMED -XX:MaxMetaspaceSize=512m -XX:+HeapDumpOnOutOfMemoryError -Xms512m -Xmx2048m -Dfile.encoding=UTF-8 -Duser.country=RU -Duser.language=ru -Duser.variant -javaagent:C:\Users\ibraa\.gradle\wrapper\dists\gradle-9.3.0-bin\79n14ral3mx1ozqr3csh2u872\gradle-9.3.0\lib\agents\gradle-instrumentation-agent-9.3.0.jar org.gradle.launcher.daemon.bootstrap.GradleDaemon 9.3.0

Host: AMD Ryzen 5 3500U with Radeon Vega Mobile Gfx  , 8 cores, 6G,  Windows 11 , 64 bit Build 26100 (10.0.26100.8328)
Time: Wed May 20 18:06:49 2026 elapsed time: 21.233384 seconds (0d 0h 0m 21s)

---------------  T H R E A D  ---------------

Current thread (0x000002094dbc8610):  JavaThread "C2 CompilerThread2" daemon [_thread_in_native, id=10724, stack(0x0000006dcbd00000,0x0000006dcbe00000) (1024K)]


Current CompileTask:
C2:21233 10068       4       io.spring.gradle.dependencymanagement.org.codehaus.plexus.interpolation.reflection.ReflectionValueExtractor::evaluate (242 bytes)

Stack: [0x0000006dcbd00000,0x0000006dcbe00000]
Native frames: (J=compiled Java code, j=interpreted, Vv=VM code, C=native code)
V  [jvm.dll+0x6e1729]
V  [jvm.dll+0x8bf47b]
V  [jvm.dll+0x8c19aa]
V  [jvm.dll+0x8c2083]
V  [jvm.dll+0x289fd6]
V  [jvm.dll+0xc903d]
V  [jvm.dll+0xc958c]
V  [jvm.dll+0x30113e]
V  [jvm.dll+0x608897]
V  [jvm.dll+0x25af97]
V  [jvm.dll+0x25b36d]
V  [jvm.dll+0x253c69]
V  [jvm.dll+0x251171]
V  [jvm.dll+0x1d18bf]
V  [jvm.dll+0x260f4a]
V  [jvm.dll+0x25f2b5]
V  [jvm.dll+0x40151d]
V  [jvm.dll+0x86975d]
V  [jvm.dll+0x6dff2d]
C  [ucrtbase.dll+0x37b0]
C  [KERNEL32.DLL+0x2e957]
C  [ntdll.dll+0x427c]


---------------  P R O C E S S  ---------------

Threads class SMR info:
_java_thread_list=0x000002094cec8970, length=60, elements={
0x000002090adcb990, 0x0000020945143690, 0x0000020945146e10, 0x00000209451486b0,
0x0000020945149360, 0x000002094514ac00, 0x000002094514bb80, 0x000002094515c190,
0x0000020945168a10, 0x000002094521f750, 0x0000020945485330, 0x000002094b09aa40,
0x000002094b125b50, 0x000002094b124820, 0x000002094b0e8ca0, 0x000002094b0eccb0,
0x000002094b3bf690, 0x000002094b3bfcf0, 0x000002094b3f5700, 0x000002094b3f5d90,
0x000002094b3f2fa0, 0x000002094b3f3630, 0x000002094b3f6420, 0x000002094b3f3cc0,
0x000002094b3f5070, 0x000002094b3f4350, 0x000002094b3f49e0, 0x000002094cdaaf30,
0x000002094cdaa210, 0x000002094cdabc50, 0x000002094cdab5c0, 0x000002094cda9b80,
0x000002094cdaa8a0, 0x000002094cda8e60, 0x000002094cda87d0, 0x000002094cdac2e0,
0x000002094cda94f0, 0x000002094cdaf0d0, 0x000002094cdaea40, 0x000002094cdaf760,
0x000002094cdac970, 0x000002094cdad000, 0x000002094cdadd20, 0x000002094cdae3b0,
0x000002094cdad690, 0x000002094e449ca0, 0x000002094e44a330, 0x000002094e44a9c0,
0x000002094e4488f0, 0x000002094e44b050, 0x000002094e44b6e0, 0x0000020945168340,
0x000002094dbc8610, 0x000002094e44c400, 0x000002094e448f80, 0x000002094e44ca90,
0x000002094e449610, 0x000002094e44d120, 0x000002094e44d7b0, 0x000002094e44eb60
}

Java Threads: ( => current thread )
  0x000002090adcb990 JavaThread "main"                              [_thread_blocked, id=16148, stack(0x0000006dc7a00000,0x0000006dc7b00000) (1024K)]
  0x0000020945143690 JavaThread "Reference Handler"          daemon [_thread_blocked, id=9092, stack(0x0000006dc8200000,0x0000006dc8300000) (1024K)]
  0x0000020945146e10 JavaThread "Finalizer"                  daemon [_thread_blocked, id=15256, stack(0x0000006dc8300000,0x0000006dc8400000) (1024K)]
  0x00000209451486b0 JavaThread "Signal Dispatcher"          daemon [_thread_blocked, id=18396, stack(0x0000006dc8400000,0x0000006dc8500000) (1024K)]
  0x0000020945149360 JavaThread "Attach Listener"            daemon [_thread_blocked, id=18400, stack(0x0000006dc8500000,0x0000006dc8600000) (1024K)]
  0x000002094514ac00 JavaThread "Service Thread"             daemon [_thread_blocked, id=1276, stack(0x0000006dc8600000,0x0000006dc8700000) (1024K)]
  0x000002094514bb80 JavaThread "Monitor Deflation Thread"   daemon [_thread_blocked, id=3444, stack(0x0000006dc8700000,0x0000006dc8800000) (1024K)]
  0x000002094515c190 JavaThread "C2 CompilerThread0"         daemon [_thread_in_native, id=3312, stack(0x0000006dc8800000,0x0000006dc8900000) (1024K)]
  0x0000020945168a10 JavaThread "C1 CompilerThread0"         daemon [_thread_blocked, id=7644, stack(0x0000006dc8900000,0x0000006dc8a00000) (1024K)]
  0x000002094521f750 JavaThread "Common-Cleaner"             daemon [_thread_blocked, id=18700, stack(0x0000006dc8a00000,0x0000006dc8b00000) (1024K)]
  0x0000020945485330 JavaThread "Notification Thread"        daemon [_thread_blocked, id=16912, stack(0x0000006dc8b00000,0x0000006dc8c00000) (1024K)]
  0x000002094b09aa40 JavaThread "Daemon health stats"               [_thread_blocked, id=15648, stack(0x0000006dc8d00000,0x0000006dc8e00000) (1024K)]
  0x000002094b125b50 JavaThread "Incoming local TCP Connector on port 61032"        [_thread_in_native, id=17976, stack(0x0000006dc9500000,0x0000006dc9600000) (1024K)]
  0x000002094b124820 JavaThread "Daemon periodic checks"            [_thread_blocked, id=17152, stack(0x0000006dc9600000,0x0000006dc9700000) (1024K)]
  0x000002094b0e8ca0 JavaThread "Daemon"                            [_thread_blocked, id=2692, stack(0x0000006dc9700000,0x0000006dc9800000) (1024K)]
  0x000002094b0eccb0 JavaThread "Handler for socket connection from /127.0.0.1:61032 to /127.0.0.1:61033"        [_thread_in_native, id=6704, stack(0x0000006dc9800000,0x0000006dc9900000) (1024K)]
  0x000002094b3bf690 JavaThread "Cancel handler"                    [_thread_blocked, id=6680, stack(0x0000006dc9900000,0x0000006dc9a00000) (1024K)]
  0x000002094b3bfcf0 JavaThread "Daemon worker"                     [_thread_in_Java, id=9580, stack(0x0000006dc9a00000,0x0000006dc9b00000) (1024K)]
  0x000002094b3f5700 JavaThread "Asynchronous log dispatcher for DefaultDaemonConnection: socket connection from /127.0.0.1:61032 to /127.0.0.1:61033"        [_thread_blocked, id=15968, stack(0x0000006dc9b00000,0x0000006dc9c00000) (1024K)]
  0x000002094b3f5d90 JavaThread "Stdin handler"                     [_thread_blocked, id=17672, stack(0x0000006dc9c00000,0x0000006dc9d00000) (1024K)]
  0x000002094b3f2fa0 JavaThread "Daemon client event forwarder"        [_thread_blocked, id=9076, stack(0x0000006dc9d00000,0x0000006dc9e00000) (1024K)]
  0x000002094b3f3630 JavaThread "Cache worker for journal cache (C:\Users\ibraa\.gradle\caches\journal-1)"        [_thread_blocked, id=9040, stack(0x0000006dc9e00000,0x0000006dc9f00000) (1024K)]
  0x000002094b3f6420 JavaThread "File lock request listener"        [_thread_in_native, id=17552, stack(0x0000006dc9f00000,0x0000006dca000000) (1024K)]
  0x000002094b3f3cc0 JavaThread "Cache worker for file hash cache (C:\Users\ibraa\.gradle\caches\9.3.0\fileHashes)"        [_thread_blocked, id=6056, stack(0x0000006dca000000,0x0000006dca100000) (1024K)]
  0x000002094b3f5070 JavaThread "Cache worker for file hash cache (C:\Users\ibraa\project\blps_mts_service\mts_service\.gradle\9.3.0\fileHashes)"        [_thread_blocked, id=16724, stack(0x0000006dca300000,0x0000006dca400000) (1024K)]
  0x000002094b3f4350 JavaThread "Cache worker for Build Output Cleanup Cache (C:\Users\ibraa\project\blps_mts_service\mts_service\.gradle\buildOutputCleanup)"        [_thread_blocked, id=16344, stack(0x0000006dca400000,0x0000006dca500000) (1024K)]
  0x000002094b3f49e0 JavaThread "File watcher server"        daemon [_thread_in_native, id=16720, stack(0x0000006dca500000,0x0000006dca600000) (1024K)]
  0x000002094cdaaf30 JavaThread "File watcher consumer"      daemon [_thread_blocked, id=3224, stack(0x0000006dca600000,0x0000006dca700000) (1024K)]
  0x000002094cdaa210 JavaThread "Cache worker for checksums cache (C:\Users\ibraa\project\blps_mts_service\mts_service\.gradle\9.3.0\checksums)"        [_thread_blocked, id=9788, stack(0x0000006dc8c00000,0x0000006dc8d00000) (1024K)]
  0x000002094cdabc50 JavaThread "Cache worker for file content cache (C:\Users\ibraa\.gradle\caches\9.3.0\fileContent)"        [_thread_blocked, id=9064, stack(0x0000006dca100000,0x0000006dca200000) (1024K)]
  0x000002094cdab5c0 JavaThread "Cache worker for cache directory md-supplier (C:\Users\ibraa\.gradle\caches\9.3.0\md-supplier)"        [_thread_blocked, id=16652, stack(0x0000006dca700000,0x0000006dca800000) (1024K)]
  0x000002094cda9b80 JavaThread "Cache worker for cache directory md-rule (C:\Users\ibraa\.gradle\caches\9.3.0\md-rule)"        [_thread_blocked, id=14116, stack(0x0000006dca800000,0x0000006dca900000) (1024K)]
  0x000002094cdaa8a0 JavaThread "jar transforms"                    [_thread_blocked, id=16496, stack(0x0000006dcaa00000,0x0000006dcab00000) (1024K)]
  0x000002094cda8e60 JavaThread "jar transforms Thread 2"           [_thread_blocked, id=13484, stack(0x0000006dcab00000,0x0000006dcac00000) (1024K)]
  0x000002094cda87d0 JavaThread "jar transforms Thread 3"           [_thread_blocked, id=6400, stack(0x0000006dcac00000,0x0000006dcad00000) (1024K)]
  0x000002094cdac2e0 JavaThread "Unconstrained build operations"        [_thread_blocked, id=16800, stack(0x0000006dcae00000,0x0000006dcaf00000) (1024K)]
  0x000002094cda94f0 JavaThread "Unconstrained build operations Thread 2"        [_thread_blocked, id=16948, stack(0x0000006dcad00000,0x0000006dcae00000) (1024K)]
  0x000002094cdaf0d0 JavaThread "Unconstrained build operations Thread 3"        [_thread_blocked, id=5504, stack(0x0000006dcaf00000,0x0000006dcb000000) (1024K)]
  0x000002094cdaea40 JavaThread "Memory manager"                    [_thread_blocked, id=10400, stack(0x0000006dcb000000,0x0000006dcb100000) (1024K)]
  0x000002094cdaf760 JavaThread "jar transforms Thread 4"           [_thread_blocked, id=3208, stack(0x0000006dcb100000,0x0000006dcb200000) (1024K)]
  0x000002094cdac970 JavaThread "Problems report writer"            [_thread_blocked, id=10368, stack(0x0000006dcb200000,0x0000006dcb300000) (1024K)]
  0x000002094cdad000 JavaThread "ForkJoinPool.commonPool-worker-1" daemon [_thread_blocked, id=4972, stack(0x0000006dcb300000,0x0000006dcb400000) (1024K)]
  0x000002094cdadd20 JavaThread "ForkJoinPool.commonPool-worker-2" daemon [_thread_blocked, id=10560, stack(0x0000006dcb400000,0x0000006dcb500000) (1024K)]
  0x000002094cdae3b0 JavaThread "ForkJoinPool.commonPool-worker-3" daemon [_thread_blocked, id=10316, stack(0x0000006dcb500000,0x0000006dcb600000) (1024K)]
  0x000002094cdad690 JavaThread "ForkJoinPool.commonPool-worker-4" daemon [_thread_blocked, id=13044, stack(0x0000006dcb600000,0x0000006dcb700000) (1024K)]
  0x000002094e449ca0 JavaThread "ForkJoinPool.commonPool-worker-5" daemon [_thread_blocked, id=13196, stack(0x0000006dcb700000,0x0000006dcb800000) (1024K)]
  0x000002094e44a330 JavaThread "ForkJoinPool.commonPool-worker-6" daemon [_thread_blocked, id=6496, stack(0x0000006dcb800000,0x0000006dcb900000) (1024K)]
  0x000002094e44a9c0 JavaThread "ForkJoinPool.commonPool-worker-7" daemon [_thread_blocked, id=13084, stack(0x0000006dcb900000,0x0000006dcba00000) (1024K)]
  0x000002094e4488f0 JavaThread "Exec process"               daemon [_thread_blocked, id=6556, stack(0x0000006dcba00000,0x0000006dcbb00000) (1024K)]
  0x000002094e44b050 JavaThread "Exec process Thread 2"      daemon [_thread_blocked, id=18088, stack(0x0000006dca900000,0x0000006dcaa00000) (1024K)]
  0x000002094e44b6e0 JavaThread "Exec process Thread 3"      daemon [_thread_blocked, id=18140, stack(0x0000006dcbb00000,0x0000006dcbc00000) (1024K)]
  0x0000020945168340 JavaThread "C2 CompilerThread1"         daemon [_thread_in_native, id=9864, stack(0x0000006dcbc00000,0x0000006dcbd00000) (1024K)]
=>0x000002094dbc8610 JavaThread "C2 CompilerThread2"         daemon [_thread_in_native, id=10724, stack(0x0000006dcbd00000,0x0000006dcbe00000) (1024K)]
  0x000002094e44c400 JavaThread "Unconstrained build operations Thread 4"        [_thread_blocked, id=14196, stack(0x0000006dcbe00000,0x0000006dcbf00000) (1024K)]
  0x000002094e448f80 JavaThread "Unconstrained build operations Thread 5"        [_thread_blocked, id=17108, stack(0x0000006dcbf00000,0x0000006dcc000000) (1024K)]
  0x000002094e44ca90 JavaThread "Unconstrained build operations Thread 6"        [_thread_blocked, id=18776, stack(0x0000006dcc000000,0x0000006dcc100000) (1024K)]
  0x000002094e449610 JavaThread "Unconstrained build operations Thread 7"        [_thread_blocked, id=18748, stack(0x0000006dcc100000,0x0000006dcc200000) (1024K)]
  0x000002094e44d120 JavaThread "Unconstrained build operations Thread 8"        [_thread_blocked, id=9640, stack(0x0000006dcc200000,0x0000006dcc300000) (1024K)]
  0x000002094e44d7b0 JavaThread "Unconstrained build operations Thread 9"        [_thread_blocked, id=6808, stack(0x0000006dcc300000,0x0000006dcc400000) (1024K)]
  0x000002094e44eb60 JavaThread "Unconstrained build operations Thread 10"        [_thread_blocked, id=14268, stack(0x0000006dcc400000,0x0000006dcc500000) (1024K)]
Total: 60

Other Threads:
  0x00000209451349e0 VMThread "VM Thread"                           [id=19432, stack(0x0000006dc8100000,0x0000006dc8200000) (1024K)]
  0x000002094511ca10 WatcherThread "VM Periodic Task Thread"        [id=17724, stack(0x0000006dc8000000,0x0000006dc8100000) (1024K)]
  0x000002090d2a3400 WorkerThread "GC Thread#0"                     [id=18300, stack(0x0000006dc7b00000,0x0000006dc7c00000) (1024K)]
  0x0000020945539140 WorkerThread "GC Thread#1"                     [id=18428, stack(0x0000006dc8e00000,0x0000006dc8f00000) (1024K)]
  0x0000020945626a60 WorkerThread "GC Thread#2"                     [id=18320, stack(0x0000006dc8f00000,0x0000006dc9000000) (1024K)]
  0x000002094575faf0 WorkerThread "GC Thread#3"                     [id=2104, stack(0x0000006dc9000000,0x0000006dc9100000) (1024K)]
  0x000002094575fe90 WorkerThread "GC Thread#4"                     [id=12996, stack(0x0000006dc9100000,0x0000006dc9200000) (1024K)]
  0x0000020945760230 WorkerThread "GC Thread#5"                     [id=18324, stack(0x0000006dc9200000,0x0000006dc9300000) (1024K)]
  0x0000020945760970 WorkerThread "GC Thread#6"                     [id=17488, stack(0x0000006dc9300000,0x0000006dc9400000) (1024K)]
  0x00000209457605d0 WorkerThread "GC Thread#7"                     [id=1440, stack(0x0000006dc9400000,0x0000006dc9500000) (1024K)]
  0x000002090d2b5020 ConcurrentGCThread "G1 Main Marker"            [id=6396, stack(0x0000006dc7c00000,0x0000006dc7d00000) (1024K)]
  0x000002090d2b6440 WorkerThread "G1 Conc#0"                       [id=15260, stack(0x0000006dc7d00000,0x0000006dc7e00000) (1024K)]
  0x000002094da3cbf0 WorkerThread "G1 Conc#1"                       [id=16664, stack(0x0000006dca200000,0x0000006dca300000) (1024K)]
  0x0000020929ed9050 ConcurrentGCThread "G1 Refine#0"               [id=17728, stack(0x0000006dc7e00000,0x0000006dc7f00000) (1024K)]
  0x0000020929eda980 ConcurrentGCThread "G1 Service"                [id=4800, stack(0x0000006dc7f00000,0x0000006dc8000000) (1024K)]
Total: 15

Threads with active compile tasks:
C2 CompilerThread0  21325 10066       4       io.spring.gradle.dependencymanagement.org.codehaus.plexus.util.xml.Xpp3DomBuilder::build (413 bytes)
C2 CompilerThread1  21325 10070       4       io.spring.gradle.dependencymanagement.org.apache.maven.model.interpolation.ProblemDetectingValueSource::getValue (142 bytes)
C2 CompilerThread2  21325 10068       4       io.spring.gradle.dependencymanagement.org.codehaus.plexus.interpolation.reflection.ReflectionValueExtractor::evaluate (242 bytes)
Total: 3

VM state: not at safepoint (normal execution)

VM Mutex/Monitor currently owned by a thread: None

Heap address: 0x0000000080000000, size: 2048 MB, Compressed Oops mode: 32-bit

CDS archive(s) mapped at: [0x000002092a000000-0x000002092ac80000-0x000002092ac80000), size 13107200, SharedBaseAddress: 0x000002092a000000, ArchiveRelocationMode: 1.
Compressed class space mapped at: 0x000002092b000000-0x0000020945000000, reserved size: 436207616
Narrow klass base: 0x000002092a000000, Narrow klass shift: 0, Narrow klass range: 0x100000000

GC Precious Log:
 CardTable entry size: 512
 Card Set container configuration: InlinePtr #cards 5 size 8 Array Of Cards #cards 12 size 40 Howl #buckets 4 coarsen threshold 1843 Howl Bitmap #cards 512 size 80 coarsen threshold 460 Card regions per heap region 1 cards per card region 2048
 CPUs: 8 total, 8 available
 Memory: 7103M
 Large Page Support: Disabled
 NUMA Support: Disabled
 Compressed Oops: Enabled (32-bit)
 Heap Region Size: 1M
 Heap Min Capacity: 512M
 Heap Initial Capacity: 512M
 Heap Max Capacity: 2G
 Pre-touch: Disabled
 Parallel Workers: 8
 Concurrent Workers: 2
 Concurrent Refinement Workers: 8
 Periodic GC: Disabled

Heap:
 garbage-first heap   total 524288K, used 233880K [0x0000000080000000, 0x0000000100000000)
  region size 1024K, 217 young (222208K), 39 survivors (39936K)
 Metaspace       used 59736K, committed 61952K, reserved 491520K
  class space    used 8600K, committed 9728K, reserved 425984K

Heap Regions: E=young(eden), S=young(survivor), O=old, HS=humongous(starts), HC=humongous(continues), CS=collection set, F=free, TAMS=top-at-mark-start, PB=parsable bottom
|   0|0x0000000080000000, 0x0000000080100000, 0x0000000080100000|100%|HS|  |TAMS 0x0000000080000000| PB 0x0000000080000000| Complete 
|   1|0x0000000080100000, 0x0000000080200000, 0x0000000080200000|100%|HC|  |TAMS 0x0000000080100000| PB 0x0000000080100000| Complete 
|   2|0x0000000080200000, 0x0000000080300000, 0x0000000080300000|100%|HC|  |TAMS 0x0000000080200000| PB 0x0000000080200000| Complete 
|   3|0x0000000080300000, 0x0000000080400000, 0x0000000080400000|100%|HC|  |TAMS 0x0000000080300000| PB 0x0000000080300000| Complete 
|   4|0x0000000080400000, 0x0000000080500000, 0x0000000080500000|100%| O|  |TAMS 0x0000000080400000| PB 0x0000000080400000| Untracked 
|   5|0x0000000080500000, 0x0000000080600000, 0x0000000080600000|100%| O|  |TAMS 0x0000000080500000| PB 0x0000000080500000| Untracked 
|   6|0x0000000080600000, 0x0000000080700000, 0x0000000080700000|100%| O|  |TAMS 0x0000000080600000| PB 0x0000000080600000| Untracked 
|   7|0x0000000080700000, 0x0000000080800000, 0x0000000080800000|100%|HS|  |TAMS 0x0000000080700000| PB 0x0000000080700000| Complete 
|   8|0x0000000080800000, 0x0000000080800000, 0x0000000080900000|  0%| F|  |TAMS 0x0000000080800000| PB 0x0000000080800000| Untracked 
|   9|0x0000000080900000, 0x0000000080a00000, 0x0000000080a00000|100%| O|  |TAMS 0x0000000080900000| PB 0x0000000080900000| Untracked 
|  10|0x0000000080a00000, 0x0000000080b00000, 0x0000000080b00000|100%| O|  |TAMS 0x0000000080a00000| PB 0x0000000080a00000| Untracked 
|  11|0x0000000080b00000, 0x0000000080c00000, 0x0000000080c00000|100%| O|  |TAMS 0x0000000080b00000| PB 0x0000000080b00000| Untracked 
|  12|0x0000000080c00000, 0x0000000080d00000, 0x0000000080d00000|100%| O|  |TAMS 0x0000000080c00000| PB 0x0000000080c00000| Untracked 
|  13|0x0000000080d00000, 0x0000000080d66088, 0x0000000080e00000| 39%| O|  |TAMS 0x0000000080d00000| PB 0x0000000080d00000| Untracked 
|  14|0x0000000080e00000, 0x0000000080e00000, 0x0000000080f00000|  0%| F|  |TAMS 0x0000000080e00000| PB 0x0000000080e00000| Untracked 
|  15|0x0000000080f00000, 0x0000000080f00000, 0x0000000081000000|  0%| F|  |TAMS 0x0000000080f00000| PB 0x0000000080f00000| Untracked 
|  16|0x0000000081000000, 0x0000000081000000, 0x0000000081100000|  0%| F|  |TAMS 0x0000000081000000| PB 0x0000000081000000| Untracked 
|  17|0x0000000081100000, 0x0000000081100000, 0x0000000081200000|  0%| F|  |TAMS 0x0000000081100000| PB 0x0000000081100000| Untracked 
|  18|0x0000000081200000, 0x0000000081200000, 0x0000000081300000|  0%| F|  |TAMS 0x0000000081200000| PB 0x0000000081200000| Untracked 
|  19|0x0000000081300000, 0x0000000081300000, 0x0000000081400000|  0%| F|  |TAMS 0x0000000081300000| PB 0x0000000081300000| Untracked 
|  20|0x0000000081400000, 0x0000000081400000, 0x0000000081500000|  0%| F|  |TAMS 0x0000000081400000| PB 0x0000000081400000| Untracked 
|  21|0x0000000081500000, 0x0000000081500000, 0x0000000081600000|  0%| F|  |TAMS 0x0000000081500000| PB 0x0000000081500000| Untracked 
|  22|0x0000000081600000, 0x0000000081600000, 0x0000000081700000|  0%| F|  |TAMS 0x0000000081600000| PB 0x0000000081600000| Untracked 
|  23|0x0000000081700000, 0x0000000081700000, 0x0000000081800000|  0%| F|  |TAMS 0x0000000081700000| PB 0x0000000081700000| Untracked 
|  24|0x0000000081800000, 0x0000000081800000, 0x0000000081900000|  0%| F|  |TAMS 0x0000000081800000| PB 0x0000000081800000| Untracked 
|  25|0x0000000081900000, 0x0000000081900000, 0x0000000081a00000|  0%| F|  |TAMS 0x0000000081900000| PB 0x0000000081900000| Untracked 
|  26|0x0000000081a00000, 0x0000000081a00000, 0x0000000081b00000|  0%| F|  |TAMS 0x0000000081a00000| PB 0x0000000081a00000| Untracked 
|  27|0x0000000081b00000, 0x0000000081b00000, 0x0000000081c00000|  0%| F|  |TAMS 0x0000000081b00000| PB 0x0000000081b00000| Untracked 
|  28|0x0000000081c00000, 0x0000000081c00000, 0x0000000081d00000|  0%| F|  |TAMS 0x0000000081c00000| PB 0x0000000081c00000| Untracked 
|  29|0x0000000081d00000, 0x0000000081d00000, 0x0000000081e00000|  0%| F|  |TAMS 0x0000000081d00000| PB 0x0000000081d00000| Untracked 
|  30|0x0000000081e00000, 0x0000000081e00000, 0x0000000081f00000|  0%| F|  |TAMS 0x0000000081e00000| PB 0x0000000081e00000| Untracked 
|  31|0x0000000081f00000, 0x0000000081f00000, 0x0000000082000000|  0%| F|  |TAMS 0x0000000081f00000| PB 0x0000000081f00000| Untracked 
|  32|0x0000000082000000, 0x0000000082000000, 0x0000000082100000|  0%| F|  |TAMS 0x0000000082000000| PB 0x0000000082000000| Untracked 
|  33|0x0000000082100000, 0x0000000082100000, 0x0000000082200000|  0%| F|  |TAMS 0x0000000082100000| PB 0x0000000082100000| Untracked 
|  34|0x0000000082200000, 0x0000000082200000, 0x0000000082300000|  0%| F|  |TAMS 0x0000000082200000| PB 0x0000000082200000| Untracked 
|  35|0x0000000082300000, 0x0000000082300000, 0x0000000082400000|  0%| F|  |TAMS 0x0000000082300000| PB 0x0000000082300000| Untracked 
|  36|0x0000000082400000, 0x0000000082400000, 0x0000000082500000|  0%| F|  |TAMS 0x0000000082400000| PB 0x0000000082400000| Untracked 
|  37|0x0000000082500000, 0x0000000082500000, 0x0000000082600000|  0%| F|  |TAMS 0x0000000082500000| PB 0x0000000082500000| Untracked 
|  38|0x0000000082600000, 0x0000000082600000, 0x0000000082700000|  0%| F|  |TAMS 0x0000000082600000| PB 0x0000000082600000| Untracked 
|  39|0x0000000082700000, 0x0000000082700000, 0x0000000082800000|  0%| F|  |TAMS 0x0000000082700000| PB 0x0000000082700000| Untracked 
|  40|0x0000000082800000, 0x0000000082800000, 0x0000000082900000|  0%| F|  |TAMS 0x0000000082800000| PB 0x0000000082800000| Untracked 
|  41|0x0000000082900000, 0x0000000082900000, 0x0000000082a00000|  0%| F|  |TAMS 0x0000000082900000| PB 0x0000000082900000| Untracked 
|  42|0x0000000082a00000, 0x0000000082a00000, 0x0000000082b00000|  0%| F|  |TAMS 0x0000000082a00000| PB 0x0000000082a00000| Untracked 
|  43|0x0000000082b00000, 0x0000000082b00000, 0x0000000082c00000|  0%| F|  |TAMS 0x0000000082b00000| PB 0x0000000082b00000| Untracked 
|  44|0x0000000082c00000, 0x0000000082c00000, 0x0000000082d00000|  0%| F|  |TAMS 0x0000000082c00000| PB 0x0000000082c00000| Untracked 
|  45|0x0000000082d00000, 0x0000000082d00000, 0x0000000082e00000|  0%| F|  |TAMS 0x0000000082d00000| PB 0x0000000082d00000| Untracked 
|  46|0x0000000082e00000, 0x0000000082e00000, 0x0000000082f00000|  0%| F|  |TAMS 0x0000000082e00000| PB 0x0000000082e00000| Untracked 
|  47|0x0000000082f00000, 0x0000000082f00000, 0x0000000083000000|  0%| F|  |TAMS 0x0000000082f00000| PB 0x0000000082f00000| Untracked 
|  48|0x0000000083000000, 0x0000000083000000, 0x0000000083100000|  0%| F|  |TAMS 0x0000000083000000| PB 0x0000000083000000| Untracked 
|  49|0x0000000083100000, 0x0000000083100000, 0x0000000083200000|  0%| F|  |TAMS 0x0000000083100000| PB 0x0000000083100000| Untracked 
|  50|0x0000000083200000, 0x0000000083200000, 0x0000000083300000|  0%| F|  |TAMS 0x0000000083200000| PB 0x0000000083200000| Untracked 
|  51|0x0000000083300000, 0x0000000083300000, 0x0000000083400000|  0%| F|  |TAMS 0x0000000083300000| PB 0x0000000083300000| Untracked 
|  52|0x0000000083400000, 0x0000000083400000, 0x0000000083500000|  0%| F|  |TAMS 0x0000000083400000| PB 0x0000000083400000| Untracked 
|  53|0x0000000083500000, 0x0000000083500000, 0x0000000083600000|  0%| F|  |TAMS 0x0000000083500000| PB 0x0000000083500000| Untracked 
|  54|0x0000000083600000, 0x0000000083600000, 0x0000000083700000|  0%| F|  |TAMS 0x0000000083600000| PB 0x0000000083600000| Untracked 
|  55|0x0000000083700000, 0x0000000083700000, 0x0000000083800000|  0%| F|  |TAMS 0x0000000083700000| PB 0x0000000083700000| Untracked 
|  56|0x0000000083800000, 0x0000000083800000, 0x0000000083900000|  0%| F|  |TAMS 0x0000000083800000| PB 0x0000000083800000| Untracked 
|  57|0x0000000083900000, 0x0000000083900000, 0x0000000083a00000|  0%| F|  |TAMS 0x0000000083900000| PB 0x0000000083900000| Untracked 
|  58|0x0000000083a00000, 0x0000000083a00000, 0x0000000083b00000|  0%| F|  |TAMS 0x0000000083a00000| PB 0x0000000083a00000| Untracked 
|  59|0x0000000083b00000, 0x0000000083b00000, 0x0000000083c00000|  0%| F|  |TAMS 0x0000000083b00000| PB 0x0000000083b00000| Untracked 
|  60|0x0000000083c00000, 0x0000000083c00000, 0x0000000083d00000|  0%| F|  |TAMS 0x0000000083c00000| PB 0x0000000083c00000| Untracked 
|  61|0x0000000083d00000, 0x0000000083d00000, 0x0000000083e00000|  0%| F|  |TAMS 0x0000000083d00000| PB 0x0000000083d00000| Untracked 
|  62|0x0000000083e00000, 0x0000000083e00000, 0x0000000083f00000|  0%| F|  |TAMS 0x0000000083e00000| PB 0x0000000083e00000| Untracked 
|  63|0x0000000083f00000, 0x0000000083f00000, 0x0000000084000000|  0%| F|  |TAMS 0x0000000083f00000| PB 0x0000000083f00000| Untracked 
|  64|0x0000000084000000, 0x0000000084000000, 0x0000000084100000|  0%| F|  |TAMS 0x0000000084000000| PB 0x0000000084000000| Untracked 
|  65|0x0000000084100000, 0x0000000084100000, 0x0000000084200000|  0%| F|  |TAMS 0x0000000084100000| PB 0x0000000084100000| Untracked 
|  66|0x0000000084200000, 0x0000000084200000, 0x0000000084300000|  0%| F|  |TAMS 0x0000000084200000| PB 0x0000000084200000| Untracked 
|  67|0x0000000084300000, 0x0000000084300000, 0x0000000084400000|  0%| F|  |TAMS 0x0000000084300000| PB 0x0000000084300000| Untracked 
|  68|0x0000000084400000, 0x0000000084400000, 0x0000000084500000|  0%| F|  |TAMS 0x0000000084400000| PB 0x0000000084400000| Untracked 
|  69|0x0000000084500000, 0x0000000084500000, 0x0000000084600000|  0%| F|  |TAMS 0x0000000084500000| PB 0x0000000084500000| Untracked 
|  70|0x0000000084600000, 0x0000000084600000, 0x0000000084700000|  0%| F|  |TAMS 0x0000000084600000| PB 0x0000000084600000| Untracked 
|  71|0x0000000084700000, 0x0000000084700000, 0x0000000084800000|  0%| F|  |TAMS 0x0000000084700000| PB 0x0000000084700000| Untracked 
|  72|0x0000000084800000, 0x0000000084800000, 0x0000000084900000|  0%| F|  |TAMS 0x0000000084800000| PB 0x0000000084800000| Untracked 
|  73|0x0000000084900000, 0x0000000084900000, 0x0000000084a00000|  0%| F|  |TAMS 0x0000000084900000| PB 0x0000000084900000| Untracked 
|  74|0x0000000084a00000, 0x0000000084a00000, 0x0000000084b00000|  0%| F|  |TAMS 0x0000000084a00000| PB 0x0000000084a00000| Untracked 
|  75|0x0000000084b00000, 0x0000000084b00000, 0x0000000084c00000|  0%| F|  |TAMS 0x0000000084b00000| PB 0x0000000084b00000| Untracked 
|  76|0x0000000084c00000, 0x0000000084c00000, 0x0000000084d00000|  0%| F|  |TAMS 0x0000000084c00000| PB 0x0000000084c00000| Untracked 
|  77|0x0000000084d00000, 0x0000000084d00000, 0x0000000084e00000|  0%| F|  |TAMS 0x0000000084d00000| PB 0x0000000084d00000| Untracked 
|  78|0x0000000084e00000, 0x0000000084e00000, 0x0000000084f00000|  0%| F|  |TAMS 0x0000000084e00000| PB 0x0000000084e00000| Untracked 
|  79|0x0000000084f00000, 0x0000000084f00000, 0x0000000085000000|  0%| F|  |TAMS 0x0000000084f00000| PB 0x0000000084f00000| Untracked 
|  80|0x0000000085000000, 0x0000000085000000, 0x0000000085100000|  0%| F|  |TAMS 0x0000000085000000| PB 0x0000000085000000| Untracked 
|  81|0x0000000085100000, 0x0000000085100000, 0x0000000085200000|  0%| F|  |TAMS 0x0000000085100000| PB 0x0000000085100000| Untracked 
|  82|0x0000000085200000, 0x0000000085200000, 0x0000000085300000|  0%| F|  |TAMS 0x0000000085200000| PB 0x0000000085200000| Untracked 
|  83|0x0000000085300000, 0x0000000085300000, 0x0000000085400000|  0%| F|  |TAMS 0x0000000085300000| PB 0x0000000085300000| Untracked 
|  84|0x0000000085400000, 0x0000000085400000, 0x0000000085500000|  0%| F|  |TAMS 0x0000000085400000| PB 0x0000000085400000| Untracked 
|  85|0x0000000085500000, 0x0000000085500000, 0x0000000085600000|  0%| F|  |TAMS 0x0000000085500000| PB 0x0000000085500000| Untracked 
|  86|0x0000000085600000, 0x0000000085600000, 0x0000000085700000|  0%| F|  |TAMS 0x0000000085600000| PB 0x0000000085600000| Untracked 
|  87|0x0000000085700000, 0x0000000085700000, 0x0000000085800000|  0%| F|  |TAMS 0x0000000085700000| PB 0x0000000085700000| Untracked 
|  88|0x0000000085800000, 0x0000000085800000, 0x0000000085900000|  0%| F|  |TAMS 0x0000000085800000| PB 0x0000000085800000| Untracked 
|  89|0x0000000085900000, 0x0000000085900000, 0x0000000085a00000|  0%| F|  |TAMS 0x0000000085900000| PB 0x0000000085900000| Untracked 
|  90|0x0000000085a00000, 0x0000000085a00000, 0x0000000085b00000|  0%| F|  |TAMS 0x0000000085a00000| PB 0x0000000085a00000| Untracked 
|  91|0x0000000085b00000, 0x0000000085b00000, 0x0000000085c00000|  0%| F|  |TAMS 0x0000000085b00000| PB 0x0000000085b00000| Untracked 
|  92|0x0000000085c00000, 0x0000000085c00000, 0x0000000085d00000|  0%| F|  |TAMS 0x0000000085c00000| PB 0x0000000085c00000| Untracked 
|  93|0x0000000085d00000, 0x0000000085d00000, 0x0000000085e00000|  0%| F|  |TAMS 0x0000000085d00000| PB 0x0000000085d00000| Untracked 
|  94|0x0000000085e00000, 0x0000000085e00000, 0x0000000085f00000|  0%| F|  |TAMS 0x0000000085e00000| PB 0x0000000085e00000| Untracked 
|  95|0x0000000085f00000, 0x0000000085f00000, 0x0000000086000000|  0%| F|  |TAMS 0x0000000085f00000| PB 0x0000000085f00000| Untracked 
|  96|0x0000000086000000, 0x0000000086000000, 0x0000000086100000|  0%| F|  |TAMS 0x0000000086000000| PB 0x0000000086000000| Untracked 
|  97|0x0000000086100000, 0x0000000086100000, 0x0000000086200000|  0%| F|  |TAMS 0x0000000086100000| PB 0x0000000086100000| Untracked 
|  98|0x0000000086200000, 0x0000000086200000, 0x0000000086300000|  0%| F|  |TAMS 0x0000000086200000| PB 0x0000000086200000| Untracked 
|  99|0x0000000086300000, 0x0000000086300000, 0x0000000086400000|  0%| F|  |TAMS 0x0000000086300000| PB 0x0000000086300000| Untracked 
| 100|0x0000000086400000, 0x0000000086400000, 0x0000000086500000|  0%| F|  |TAMS 0x0000000086400000| PB 0x0000000086400000| Untracked 
| 101|0x0000000086500000, 0x0000000086500000, 0x0000000086600000|  0%| F|  |TAMS 0x0000000086500000| PB 0x0000000086500000| Untracked 
| 102|0x0000000086600000, 0x0000000086600000, 0x0000000086700000|  0%| F|  |TAMS 0x0000000086600000| PB 0x0000000086600000| Untracked 
| 103|0x0000000086700000, 0x0000000086700000, 0x0000000086800000|  0%| F|  |TAMS 0x0000000086700000| PB 0x0000000086700000| Untracked 
| 104|0x0000000086800000, 0x0000000086800000, 0x0000000086900000|  0%| F|  |TAMS 0x0000000086800000| PB 0x0000000086800000| Untracked 
| 105|0x0000000086900000, 0x0000000086900000, 0x0000000086a00000|  0%| F|  |TAMS 0x0000000086900000| PB 0x0000000086900000| Untracked 
| 106|0x0000000086a00000, 0x0000000086a00000, 0x0000000086b00000|  0%| F|  |TAMS 0x0000000086a00000| PB 0x0000000086a00000| Untracked 
| 107|0x0000000086b00000, 0x0000000086b00000, 0x0000000086c00000|  0%| F|  |TAMS 0x0000000086b00000| PB 0x0000000086b00000| Untracked 
| 108|0x0000000086c00000, 0x0000000086c00000, 0x0000000086d00000|  0%| F|  |TAMS 0x0000000086c00000| PB 0x0000000086c00000| Untracked 
| 109|0x0000000086d00000, 0x0000000086d00000, 0x0000000086e00000|  0%| F|  |TAMS 0x0000000086d00000| PB 0x0000000086d00000| Untracked 
| 110|0x0000000086e00000, 0x0000000086e00000, 0x0000000086f00000|  0%| F|  |TAMS 0x0000000086e00000| PB 0x0000000086e00000| Untracked 
| 111|0x0000000086f00000, 0x0000000086f00000, 0x0000000087000000|  0%| F|  |TAMS 0x0000000086f00000| PB 0x0000000086f00000| Untracked 
| 112|0x0000000087000000, 0x0000000087000000, 0x0000000087100000|  0%| F|  |TAMS 0x0000000087000000| PB 0x0000000087000000| Untracked 
| 113|0x0000000087100000, 0x0000000087100000, 0x0000000087200000|  0%| F|  |TAMS 0x0000000087100000| PB 0x0000000087100000| Untracked 
| 114|0x0000000087200000, 0x0000000087200000, 0x0000000087300000|  0%| F|  |TAMS 0x0000000087200000| PB 0x0000000087200000| Untracked 
| 115|0x0000000087300000, 0x0000000087300000, 0x0000000087400000|  0%| F|  |TAMS 0x0000000087300000| PB 0x0000000087300000| Untracked 
| 116|0x0000000087400000, 0x0000000087400000, 0x0000000087500000|  0%| F|  |TAMS 0x0000000087400000| PB 0x0000000087400000| Untracked 
| 117|0x0000000087500000, 0x0000000087500000, 0x0000000087600000|  0%| F|  |TAMS 0x0000000087500000| PB 0x0000000087500000| Untracked 
| 118|0x0000000087600000, 0x0000000087600000, 0x0000000087700000|  0%| F|  |TAMS 0x0000000087600000| PB 0x0000000087600000| Untracked 
| 119|0x0000000087700000, 0x0000000087700000, 0x0000000087800000|  0%| F|  |TAMS 0x0000000087700000| PB 0x0000000087700000| Untracked 
| 120|0x0000000087800000, 0x0000000087800000, 0x0000000087900000|  0%| F|  |TAMS 0x0000000087800000| PB 0x0000000087800000| Untracked 
| 121|0x0000000087900000, 0x0000000087900000, 0x0000000087a00000|  0%| F|  |TAMS 0x0000000087900000| PB 0x0000000087900000| Untracked 
| 122|0x0000000087a00000, 0x0000000087a00000, 0x0000000087b00000|  0%| F|  |TAMS 0x0000000087a00000| PB 0x0000000087a00000| Untracked 
| 123|0x0000000087b00000, 0x0000000087b00000, 0x0000000087c00000|  0%| F|  |TAMS 0x0000000087b00000| PB 0x0000000087b00000| Untracked 
| 124|0x0000000087c00000, 0x0000000087c00000, 0x0000000087d00000|  0%| F|  |TAMS 0x0000000087c00000| PB 0x0000000087c00000| Untracked 
| 125|0x0000000087d00000, 0x0000000087d00000, 0x0000000087e00000|  0%| F|  |TAMS 0x0000000087d00000| PB 0x0000000087d00000| Untracked 
| 126|0x0000000087e00000, 0x0000000087e00000, 0x0000000087f00000|  0%| F|  |TAMS 0x0000000087e00000| PB 0x0000000087e00000| Untracked 
| 127|0x0000000087f00000, 0x0000000087f00000, 0x0000000088000000|  0%| F|  |TAMS 0x0000000087f00000| PB 0x0000000087f00000| Untracked 
| 128|0x0000000088000000, 0x0000000088000000, 0x0000000088100000|  0%| F|  |TAMS 0x0000000088000000| PB 0x0000000088000000| Untracked 
| 129|0x0000000088100000, 0x0000000088100000, 0x0000000088200000|  0%| F|  |TAMS 0x0000000088100000| PB 0x0000000088100000| Untracked 
| 130|0x0000000088200000, 0x0000000088200000, 0x0000000088300000|  0%| F|  |TAMS 0x0000000088200000| PB 0x0000000088200000| Untracked 
| 131|0x0000000088300000, 0x0000000088300000, 0x0000000088400000|  0%| F|  |TAMS 0x0000000088300000| PB 0x0000000088300000| Untracked 
| 132|0x0000000088400000, 0x0000000088400000, 0x0000000088500000|  0%| F|  |TAMS 0x0000000088400000| PB 0x0000000088400000| Untracked 
| 133|0x0000000088500000, 0x0000000088500000, 0x0000000088600000|  0%| F|  |TAMS 0x0000000088500000| PB 0x0000000088500000| Untracked 
| 134|0x0000000088600000, 0x0000000088600000, 0x0000000088700000|  0%| F|  |TAMS 0x0000000088600000| PB 0x0000000088600000| Untracked 
| 135|0x0000000088700000, 0x0000000088700000, 0x0000000088800000|  0%| F|  |TAMS 0x0000000088700000| PB 0x0000000088700000| Untracked 
| 136|0x0000000088800000, 0x0000000088800000, 0x0000000088900000|  0%| F|  |TAMS 0x0000000088800000| PB 0x0000000088800000| Untracked 
| 137|0x0000000088900000, 0x0000000088900000, 0x0000000088a00000|  0%| F|  |TAMS 0x0000000088900000| PB 0x0000000088900000| Untracked 
| 138|0x0000000088a00000, 0x0000000088a00000, 0x0000000088b00000|  0%| F|  |TAMS 0x0000000088a00000| PB 0x0000000088a00000| Untracked 
| 139|0x0000000088b00000, 0x0000000088b00000, 0x0000000088c00000|  0%| F|  |TAMS 0x0000000088b00000| PB 0x0000000088b00000| Untracked 
| 140|0x0000000088c00000, 0x0000000088c00000, 0x0000000088d00000|  0%| F|  |TAMS 0x0000000088c00000| PB 0x0000000088c00000| Untracked 
| 141|0x0000000088d00000, 0x0000000088d00000, 0x0000000088e00000|  0%| F|  |TAMS 0x0000000088d00000| PB 0x0000000088d00000| Untracked 
| 142|0x0000000088e00000, 0x0000000088e00000, 0x0000000088f00000|  0%| F|  |TAMS 0x0000000088e00000| PB 0x0000000088e00000| Untracked 
| 143|0x0000000088f00000, 0x0000000088f00000, 0x0000000089000000|  0%| F|  |TAMS 0x0000000088f00000| PB 0x0000000088f00000| Untracked 
| 144|0x0000000089000000, 0x0000000089000000, 0x0000000089100000|  0%| F|  |TAMS 0x0000000089000000| PB 0x0000000089000000| Untracked 
| 145|0x0000000089100000, 0x0000000089100000, 0x0000000089200000|  0%| F|  |TAMS 0x0000000089100000| PB 0x0000000089100000| Untracked 
| 146|0x0000000089200000, 0x0000000089200000, 0x0000000089300000|  0%| F|  |TAMS 0x0000000089200000| PB 0x0000000089200000| Untracked 
| 147|0x0000000089300000, 0x0000000089300000, 0x0000000089400000|  0%| F|  |TAMS 0x0000000089300000| PB 0x0000000089300000| Untracked 
| 148|0x0000000089400000, 0x0000000089400000, 0x0000000089500000|  0%| F|  |TAMS 0x0000000089400000| PB 0x0000000089400000| Untracked 
| 149|0x0000000089500000, 0x0000000089500000, 0x0000000089600000|  0%| F|  |TAMS 0x0000000089500000| PB 0x0000000089500000| Untracked 
| 150|0x0000000089600000, 0x0000000089600000, 0x0000000089700000|  0%| F|  |TAMS 0x0000000089600000| PB 0x0000000089600000| Untracked 
| 151|0x0000000089700000, 0x0000000089700000, 0x0000000089800000|  0%| F|  |TAMS 0x0000000089700000| PB 0x0000000089700000| Untracked 
| 152|0x0000000089800000, 0x0000000089800000, 0x0000000089900000|  0%| F|  |TAMS 0x0000000089800000| PB 0x0000000089800000| Untracked 
| 153|0x0000000089900000, 0x0000000089900000, 0x0000000089a00000|  0%| F|  |TAMS 0x0000000089900000| PB 0x0000000089900000| Untracked 
| 154|0x0000000089a00000, 0x0000000089a00000, 0x0000000089b00000|  0%| F|  |TAMS 0x0000000089a00000| PB 0x0000000089a00000| Untracked 
| 155|0x0000000089b00000, 0x0000000089b00000, 0x0000000089c00000|  0%| F|  |TAMS 0x0000000089b00000| PB 0x0000000089b00000| Untracked 
| 156|0x0000000089c00000, 0x0000000089c00000, 0x0000000089d00000|  0%| F|  |TAMS 0x0000000089c00000| PB 0x0000000089c00000| Untracked 
| 157|0x0000000089d00000, 0x0000000089d00000, 0x0000000089e00000|  0%| F|  |TAMS 0x0000000089d00000| PB 0x0000000089d00000| Untracked 
| 158|0x0000000089e00000, 0x0000000089e00000, 0x0000000089f00000|  0%| F|  |TAMS 0x0000000089e00000| PB 0x0000000089e00000| Untracked 
| 159|0x0000000089f00000, 0x0000000089f00000, 0x000000008a000000|  0%| F|  |TAMS 0x0000000089f00000| PB 0x0000000089f00000| Untracked 
| 160|0x000000008a000000, 0x000000008a000000, 0x000000008a100000|  0%| F|  |TAMS 0x000000008a000000| PB 0x000000008a000000| Untracked 
| 161|0x000000008a100000, 0x000000008a100000, 0x000000008a200000|  0%| F|  |TAMS 0x000000008a100000| PB 0x000000008a100000| Untracked 
| 162|0x000000008a200000, 0x000000008a200000, 0x000000008a300000|  0%| F|  |TAMS 0x000000008a200000| PB 0x000000008a200000| Untracked 
| 163|0x000000008a300000, 0x000000008a300000, 0x000000008a400000|  0%| F|  |TAMS 0x000000008a300000| PB 0x000000008a300000| Untracked 
| 164|0x000000008a400000, 0x000000008a400000, 0x000000008a500000|  0%| F|  |TAMS 0x000000008a400000| PB 0x000000008a400000| Untracked 
| 165|0x000000008a500000, 0x000000008a500000, 0x000000008a600000|  0%| F|  |TAMS 0x000000008a500000| PB 0x000000008a500000| Untracked 
| 166|0x000000008a600000, 0x000000008a600000, 0x000000008a700000|  0%| F|  |TAMS 0x000000008a600000| PB 0x000000008a600000| Untracked 
| 167|0x000000008a700000, 0x000000008a700000, 0x000000008a800000|  0%| F|  |TAMS 0x000000008a700000| PB 0x000000008a700000| Untracked 
| 168|0x000000008a800000, 0x000000008a800000, 0x000000008a900000|  0%| F|  |TAMS 0x000000008a800000| PB 0x000000008a800000| Untracked 
| 169|0x000000008a900000, 0x000000008a900000, 0x000000008aa00000|  0%| F|  |TAMS 0x000000008a900000| PB 0x000000008a900000| Untracked 
| 170|0x000000008aa00000, 0x000000008aa00000, 0x000000008ab00000|  0%| F|  |TAMS 0x000000008aa00000| PB 0x000000008aa00000| Untracked 
| 171|0x000000008ab00000, 0x000000008ab00000, 0x000000008ac00000|  0%| F|  |TAMS 0x000000008ab00000| PB 0x000000008ab00000| Untracked 
| 172|0x000000008ac00000, 0x000000008ac00000, 0x000000008ad00000|  0%| F|  |TAMS 0x000000008ac00000| PB 0x000000008ac00000| Untracked 
| 173|0x000000008ad00000, 0x000000008ad00000, 0x000000008ae00000|  0%| F|  |TAMS 0x000000008ad00000| PB 0x000000008ad00000| Untracked 
| 174|0x000000008ae00000, 0x000000008ae00000, 0x000000008af00000|  0%| F|  |TAMS 0x000000008ae00000| PB 0x000000008ae00000| Untracked 
| 175|0x000000008af00000, 0x000000008af00000, 0x000000008b000000|  0%| F|  |TAMS 0x000000008af00000| PB 0x000000008af00000| Untracked 
| 176|0x000000008b000000, 0x000000008b000000, 0x000000008b100000|  0%| F|  |TAMS 0x000000008b000000| PB 0x000000008b000000| Untracked 
| 177|0x000000008b100000, 0x000000008b100000, 0x000000008b200000|  0%| F|  |TAMS 0x000000008b100000| PB 0x000000008b100000| Untracked 
| 178|0x000000008b200000, 0x000000008b200000, 0x000000008b300000|  0%| F|  |TAMS 0x000000008b200000| PB 0x000000008b200000| Untracked 
| 179|0x000000008b300000, 0x000000008b300000, 0x000000008b400000|  0%| F|  |TAMS 0x000000008b300000| PB 0x000000008b300000| Untracked 
| 180|0x000000008b400000, 0x000000008b400000, 0x000000008b500000|  0%| F|  |TAMS 0x000000008b400000| PB 0x000000008b400000| Untracked 
| 181|0x000000008b500000, 0x000000008b500000, 0x000000008b600000|  0%| F|  |TAMS 0x000000008b500000| PB 0x000000008b500000| Untracked 
| 182|0x000000008b600000, 0x000000008b600000, 0x000000008b700000|  0%| F|  |TAMS 0x000000008b600000| PB 0x000000008b600000| Untracked 
| 183|0x000000008b700000, 0x000000008b700000, 0x000000008b800000|  0%| F|  |TAMS 0x000000008b700000| PB 0x000000008b700000| Untracked 
| 184|0x000000008b800000, 0x000000008b800000, 0x000000008b900000|  0%| F|  |TAMS 0x000000008b800000| PB 0x000000008b800000| Untracked 
| 185|0x000000008b900000, 0x000000008b900000, 0x000000008ba00000|  0%| F|  |TAMS 0x000000008b900000| PB 0x000000008b900000| Untracked 
| 186|0x000000008ba00000, 0x000000008ba00000, 0x000000008bb00000|  0%| F|  |TAMS 0x000000008ba00000| PB 0x000000008ba00000| Untracked 
| 187|0x000000008bb00000, 0x000000008bb00000, 0x000000008bc00000|  0%| F|  |TAMS 0x000000008bb00000| PB 0x000000008bb00000| Untracked 
| 188|0x000000008bc00000, 0x000000008bc00000, 0x000000008bd00000|  0%| F|  |TAMS 0x000000008bc00000| PB 0x000000008bc00000| Untracked 
| 189|0x000000008bd00000, 0x000000008bd00000, 0x000000008be00000|  0%| F|  |TAMS 0x000000008bd00000| PB 0x000000008bd00000| Untracked 
| 190|0x000000008be00000, 0x000000008be00000, 0x000000008bf00000|  0%| F|  |TAMS 0x000000008be00000| PB 0x000000008be00000| Untracked 
| 191|0x000000008bf00000, 0x000000008bf00000, 0x000000008c000000|  0%| F|  |TAMS 0x000000008bf00000| PB 0x000000008bf00000| Untracked 
| 192|0x000000008c000000, 0x000000008c000000, 0x000000008c100000|  0%| F|  |TAMS 0x000000008c000000| PB 0x000000008c000000| Untracked 
| 193|0x000000008c100000, 0x000000008c200000, 0x000000008c200000|100%| S|CS|TAMS 0x000000008c100000| PB 0x000000008c100000| Complete 
| 194|0x000000008c200000, 0x000000008c300000, 0x000000008c300000|100%| S|CS|TAMS 0x000000008c200000| PB 0x000000008c200000| Complete 
| 195|0x000000008c300000, 0x000000008c400000, 0x000000008c400000|100%| S|CS|TAMS 0x000000008c300000| PB 0x000000008c300000| Complete 
| 196|0x000000008c400000, 0x000000008c500000, 0x000000008c500000|100%| S|CS|TAMS 0x000000008c400000| PB 0x000000008c400000| Complete 
| 197|0x000000008c500000, 0x000000008c600000, 0x000000008c600000|100%| S|CS|TAMS 0x000000008c500000| PB 0x000000008c500000| Complete 
| 198|0x000000008c600000, 0x000000008c700000, 0x000000008c700000|100%| S|CS|TAMS 0x000000008c600000| PB 0x000000008c600000| Complete 
| 199|0x000000008c700000, 0x000000008c800000, 0x000000008c800000|100%| S|CS|TAMS 0x000000008c700000| PB 0x000000008c700000| Complete 
| 200|0x000000008c800000, 0x000000008c900000, 0x000000008c900000|100%| S|CS|TAMS 0x000000008c800000| PB 0x000000008c800000| Complete 
| 201|0x000000008c900000, 0x000000008ca00000, 0x000000008ca00000|100%| S|CS|TAMS 0x000000008c900000| PB 0x000000008c900000| Complete 
| 202|0x000000008ca00000, 0x000000008cb00000, 0x000000008cb00000|100%| S|CS|TAMS 0x000000008ca00000| PB 0x000000008ca00000| Complete 
| 203|0x000000008cb00000, 0x000000008cc00000, 0x000000008cc00000|100%| S|CS|TAMS 0x000000008cb00000| PB 0x000000008cb00000| Complete 
| 204|0x000000008cc00000, 0x000000008cd00000, 0x000000008cd00000|100%| S|CS|TAMS 0x000000008cc00000| PB 0x000000008cc00000| Complete 
| 205|0x000000008cd00000, 0x000000008ce00000, 0x000000008ce00000|100%| S|CS|TAMS 0x000000008cd00000| PB 0x000000008cd00000| Complete 
| 206|0x000000008ce00000, 0x000000008cf00000, 0x000000008cf00000|100%| S|CS|TAMS 0x000000008ce00000| PB 0x000000008ce00000| Complete 
| 207|0x000000008cf00000, 0x000000008d000000, 0x000000008d000000|100%| S|CS|TAMS 0x000000008cf00000| PB 0x000000008cf00000| Complete 
| 208|0x000000008d000000, 0x000000008d100000, 0x000000008d100000|100%| S|CS|TAMS 0x000000008d000000| PB 0x000000008d000000| Complete 
| 209|0x000000008d100000, 0x000000008d200000, 0x000000008d200000|100%| S|CS|TAMS 0x000000008d100000| PB 0x000000008d100000| Complete 
| 210|0x000000008d200000, 0x000000008d300000, 0x000000008d300000|100%| S|CS|TAMS 0x000000008d200000| PB 0x000000008d200000| Complete 
| 211|0x000000008d300000, 0x000000008d400000, 0x000000008d400000|100%| S|CS|TAMS 0x000000008d300000| PB 0x000000008d300000| Complete 
| 212|0x000000008d400000, 0x000000008d500000, 0x000000008d500000|100%| S|CS|TAMS 0x000000008d400000| PB 0x000000008d400000| Complete 
| 213|0x000000008d500000, 0x000000008d600000, 0x000000008d600000|100%| S|CS|TAMS 0x000000008d500000| PB 0x000000008d500000| Complete 
| 214|0x000000008d600000, 0x000000008d700000, 0x000000008d700000|100%| S|CS|TAMS 0x000000008d600000| PB 0x000000008d600000| Complete 
| 215|0x000000008d700000, 0x000000008d800000, 0x000000008d800000|100%| S|CS|TAMS 0x000000008d700000| PB 0x000000008d700000| Complete 
| 216|0x000000008d800000, 0x000000008d900000, 0x000000008d900000|100%| S|CS|TAMS 0x000000008d800000| PB 0x000000008d800000| Complete 
| 217|0x000000008d900000, 0x000000008da00000, 0x000000008da00000|100%| S|CS|TAMS 0x000000008d900000| PB 0x000000008d900000| Complete 
| 218|0x000000008da00000, 0x000000008db00000, 0x000000008db00000|100%| S|CS|TAMS 0x000000008da00000| PB 0x000000008da00000| Complete 
| 219|0x000000008db00000, 0x000000008dc00000, 0x000000008dc00000|100%| S|CS|TAMS 0x000000008db00000| PB 0x000000008db00000| Complete 
| 220|0x000000008dc00000, 0x000000008dd00000, 0x000000008dd00000|100%| S|CS|TAMS 0x000000008dc00000| PB 0x000000008dc00000| Complete 
| 221|0x000000008dd00000, 0x000000008de00000, 0x000000008de00000|100%| S|CS|TAMS 0x000000008dd00000| PB 0x000000008dd00000| Complete 
| 222|0x000000008de00000, 0x000000008df00000, 0x000000008df00000|100%| S|CS|TAMS 0x000000008de00000| PB 0x000000008de00000| Complete 
| 223|0x000000008df00000, 0x000000008e000000, 0x000000008e000000|100%| S|CS|TAMS 0x000000008df00000| PB 0x000000008df00000| Complete 
| 224|0x000000008e000000, 0x000000008e100000, 0x000000008e100000|100%| S|CS|TAMS 0x000000008e000000| PB 0x000000008e000000| Complete 
| 225|0x000000008e100000, 0x000000008e200000, 0x000000008e200000|100%| S|CS|TAMS 0x000000008e100000| PB 0x000000008e100000| Complete 
| 226|0x000000008e200000, 0x000000008e300000, 0x000000008e300000|100%| S|CS|TAMS 0x000000008e200000| PB 0x000000008e200000| Complete 
| 227|0x000000008e300000, 0x000000008e400000, 0x000000008e400000|100%| S|CS|TAMS 0x000000008e300000| PB 0x000000008e300000| Complete 
| 228|0x000000008e400000, 0x000000008e500000, 0x000000008e500000|100%| S|CS|TAMS 0x000000008e400000| PB 0x000000008e400000| Complete 
| 229|0x000000008e500000, 0x000000008e600000, 0x000000008e600000|100%| S|CS|TAMS 0x000000008e500000| PB 0x000000008e500000| Complete 
| 230|0x000000008e600000, 0x000000008e700000, 0x000000008e700000|100%| S|CS|TAMS 0x000000008e600000| PB 0x000000008e600000| Complete 
| 231|0x000000008e700000, 0x000000008e800000, 0x000000008e800000|100%| S|CS|TAMS 0x000000008e700000| PB 0x000000008e700000| Complete 
| 232|0x000000008e800000, 0x000000008e800000, 0x000000008e900000|  0%| F|  |TAMS 0x000000008e800000| PB 0x000000008e800000| Untracked 
| 233|0x000000008e900000, 0x000000008e900000, 0x000000008ea00000|  0%| F|  |TAMS 0x000000008e900000| PB 0x000000008e900000| Untracked 
| 234|0x000000008ea00000, 0x000000008ea00000, 0x000000008eb00000|  0%| F|  |TAMS 0x000000008ea00000| PB 0x000000008ea00000| Untracked 
| 235|0x000000008eb00000, 0x000000008eb00000, 0x000000008ec00000|  0%| F|  |TAMS 0x000000008eb00000| PB 0x000000008eb00000| Untracked 
| 236|0x000000008ec00000, 0x000000008ec00000, 0x000000008ed00000|  0%| F|  |TAMS 0x000000008ec00000| PB 0x000000008ec00000| Untracked 
| 237|0x000000008ed00000, 0x000000008ed00000, 0x000000008ee00000|  0%| F|  |TAMS 0x000000008ed00000| PB 0x000000008ed00000| Untracked 
| 238|0x000000008ee00000, 0x000000008ee00000, 0x000000008ef00000|  0%| F|  |TAMS 0x000000008ee00000| PB 0x000000008ee00000| Untracked 
| 239|0x000000008ef00000, 0x000000008ef00000, 0x000000008f000000|  0%| F|  |TAMS 0x000000008ef00000| PB 0x000000008ef00000| Untracked 
| 240|0x000000008f000000, 0x000000008f000000, 0x000000008f100000|  0%| F|  |TAMS 0x000000008f000000| PB 0x000000008f000000| Untracked 
| 241|0x000000008f100000, 0x000000008f100000, 0x000000008f200000|  0%| F|  |TAMS 0x000000008f100000| PB 0x000000008f100000| Untracked 
| 242|0x000000008f200000, 0x000000008f200000, 0x000000008f300000|  0%| F|  |TAMS 0x000000008f200000| PB 0x000000008f200000| Untracked 
| 243|0x000000008f300000, 0x000000008f300000, 0x000000008f400000|  0%| F|  |TAMS 0x000000008f300000| PB 0x000000008f300000| Untracked 
| 244|0x000000008f400000, 0x000000008f400000, 0x000000008f500000|  0%| F|  |TAMS 0x000000008f400000| PB 0x000000008f400000| Untracked 
| 245|0x000000008f500000, 0x000000008f500000, 0x000000008f600000|  0%| F|  |TAMS 0x000000008f500000| PB 0x000000008f500000| Untracked 
| 246|0x000000008f600000, 0x000000008f600000, 0x000000008f700000|  0%| F|  |TAMS 0x000000008f600000| PB 0x000000008f600000| Untracked 
| 247|0x000000008f700000, 0x000000008f700000, 0x000000008f800000|  0%| F|  |TAMS 0x000000008f700000| PB 0x000000008f700000| Untracked 
| 248|0x000000008f800000, 0x000000008f800000, 0x000000008f900000|  0%| F|  |TAMS 0x000000008f800000| PB 0x000000008f800000| Untracked 
| 249|0x000000008f900000, 0x000000008f900000, 0x000000008fa00000|  0%| F|  |TAMS 0x000000008f900000| PB 0x000000008f900000| Untracked 
| 250|0x000000008fa00000, 0x000000008fa00000, 0x000000008fb00000|  0%| F|  |TAMS 0x000000008fa00000| PB 0x000000008fa00000| Untracked 
| 251|0x000000008fb00000, 0x000000008fb00000, 0x000000008fc00000|  0%| F|  |TAMS 0x000000008fb00000| PB 0x000000008fb00000| Untracked 
| 252|0x000000008fc00000, 0x000000008fc00000, 0x000000008fd00000|  0%| F|  |TAMS 0x000000008fc00000| PB 0x000000008fc00000| Untracked 
| 253|0x000000008fd00000, 0x000000008fd00000, 0x000000008fe00000|  0%| F|  |TAMS 0x000000008fd00000| PB 0x000000008fd00000| Untracked 
| 254|0x000000008fe00000, 0x000000008fe00000, 0x000000008ff00000|  0%| F|  |TAMS 0x000000008fe00000| PB 0x000000008fe00000| Untracked 
| 255|0x000000008ff00000, 0x000000008ff00000, 0x0000000090000000|  0%| F|  |TAMS 0x000000008ff00000| PB 0x000000008ff00000| Untracked 
| 256|0x0000000090000000, 0x0000000090000000, 0x0000000090100000|  0%| F|  |TAMS 0x0000000090000000| PB 0x0000000090000000| Untracked 
| 257|0x0000000090100000, 0x0000000090100000, 0x0000000090200000|  0%| F|  |TAMS 0x0000000090100000| PB 0x0000000090100000| Untracked 
| 258|0x0000000090200000, 0x0000000090200000, 0x0000000090300000|  0%| F|  |TAMS 0x0000000090200000| PB 0x0000000090200000| Untracked 
| 259|0x0000000090300000, 0x0000000090300000, 0x0000000090400000|  0%| F|  |TAMS 0x0000000090300000| PB 0x0000000090300000| Untracked 
| 260|0x0000000090400000, 0x0000000090400000, 0x0000000090500000|  0%| F|  |TAMS 0x0000000090400000| PB 0x0000000090400000| Untracked 
| 261|0x0000000090500000, 0x0000000090500000, 0x0000000090600000|  0%| F|  |TAMS 0x0000000090500000| PB 0x0000000090500000| Untracked 
| 262|0x0000000090600000, 0x0000000090600000, 0x0000000090700000|  0%| F|  |TAMS 0x0000000090600000| PB 0x0000000090600000| Untracked 
| 263|0x0000000090700000, 0x0000000090700000, 0x0000000090800000|  0%| F|  |TAMS 0x0000000090700000| PB 0x0000000090700000| Untracked 
| 264|0x0000000090800000, 0x0000000090800000, 0x0000000090900000|  0%| F|  |TAMS 0x0000000090800000| PB 0x0000000090800000| Untracked 
| 265|0x0000000090900000, 0x0000000090900000, 0x0000000090a00000|  0%| F|  |TAMS 0x0000000090900000| PB 0x0000000090900000| Untracked 
| 266|0x0000000090a00000, 0x0000000090a00000, 0x0000000090b00000|  0%| F|  |TAMS 0x0000000090a00000| PB 0x0000000090a00000| Untracked 
| 267|0x0000000090b00000, 0x0000000090b00000, 0x0000000090c00000|  0%| F|  |TAMS 0x0000000090b00000| PB 0x0000000090b00000| Untracked 
| 268|0x0000000090c00000, 0x0000000090c00000, 0x0000000090d00000|  0%| F|  |TAMS 0x0000000090c00000| PB 0x0000000090c00000| Untracked 
| 269|0x0000000090d00000, 0x0000000090d00000, 0x0000000090e00000|  0%| F|  |TAMS 0x0000000090d00000| PB 0x0000000090d00000| Untracked 
| 270|0x0000000090e00000, 0x0000000090e00000, 0x0000000090f00000|  0%| F|  |TAMS 0x0000000090e00000| PB 0x0000000090e00000| Untracked 
| 271|0x0000000090f00000, 0x0000000090f00000, 0x0000000091000000|  0%| F|  |TAMS 0x0000000090f00000| PB 0x0000000090f00000| Untracked 
| 272|0x0000000091000000, 0x0000000091000000, 0x0000000091100000|  0%| F|  |TAMS 0x0000000091000000| PB 0x0000000091000000| Untracked 
| 273|0x0000000091100000, 0x0000000091100000, 0x0000000091200000|  0%| F|  |TAMS 0x0000000091100000| PB 0x0000000091100000| Untracked 
| 274|0x0000000091200000, 0x0000000091200000, 0x0000000091300000|  0%| F|  |TAMS 0x0000000091200000| PB 0x0000000091200000| Untracked 
| 275|0x0000000091300000, 0x0000000091300000, 0x0000000091400000|  0%| F|  |TAMS 0x0000000091300000| PB 0x0000000091300000| Untracked 
| 276|0x0000000091400000, 0x0000000091400000, 0x0000000091500000|  0%| F|  |TAMS 0x0000000091400000| PB 0x0000000091400000| Untracked 
| 277|0x0000000091500000, 0x0000000091500000, 0x0000000091600000|  0%| F|  |TAMS 0x0000000091500000| PB 0x0000000091500000| Untracked 
| 278|0x0000000091600000, 0x0000000091600000, 0x0000000091700000|  0%| F|  |TAMS 0x0000000091600000| PB 0x0000000091600000| Untracked 
| 279|0x0000000091700000, 0x0000000091700000, 0x0000000091800000|  0%| F|  |TAMS 0x0000000091700000| PB 0x0000000091700000| Untracked 
| 280|0x0000000091800000, 0x0000000091800000, 0x0000000091900000|  0%| F|  |TAMS 0x0000000091800000| PB 0x0000000091800000| Untracked 
| 281|0x0000000091900000, 0x0000000091900000, 0x0000000091a00000|  0%| F|  |TAMS 0x0000000091900000| PB 0x0000000091900000| Untracked 
| 282|0x0000000091a00000, 0x0000000091a00000, 0x0000000091b00000|  0%| F|  |TAMS 0x0000000091a00000| PB 0x0000000091a00000| Untracked 
| 283|0x0000000091b00000, 0x0000000091b00000, 0x0000000091c00000|  0%| F|  |TAMS 0x0000000091b00000| PB 0x0000000091b00000| Untracked 
| 284|0x0000000091c00000, 0x0000000091c00000, 0x0000000091d00000|  0%| F|  |TAMS 0x0000000091c00000| PB 0x0000000091c00000| Untracked 
| 285|0x0000000091d00000, 0x0000000091d00000, 0x0000000091e00000|  0%| F|  |TAMS 0x0000000091d00000| PB 0x0000000091d00000| Untracked 
| 286|0x0000000091e00000, 0x0000000091e00000, 0x0000000091f00000|  0%| F|  |TAMS 0x0000000091e00000| PB 0x0000000091e00000| Untracked 
| 287|0x0000000091f00000, 0x0000000091f00000, 0x0000000092000000|  0%| F|  |TAMS 0x0000000091f00000| PB 0x0000000091f00000| Untracked 
| 288|0x0000000092000000, 0x0000000092000000, 0x0000000092100000|  0%| F|  |TAMS 0x0000000092000000| PB 0x0000000092000000| Untracked 
| 289|0x0000000092100000, 0x0000000092100000, 0x0000000092200000|  0%| F|  |TAMS 0x0000000092100000| PB 0x0000000092100000| Untracked 
| 290|0x0000000092200000, 0x0000000092200000, 0x0000000092300000|  0%| F|  |TAMS 0x0000000092200000| PB 0x0000000092200000| Untracked 
| 291|0x0000000092300000, 0x0000000092300000, 0x0000000092400000|  0%| F|  |TAMS 0x0000000092300000| PB 0x0000000092300000| Untracked 
| 292|0x0000000092400000, 0x0000000092400000, 0x0000000092500000|  0%| F|  |TAMS 0x0000000092400000| PB 0x0000000092400000| Untracked 
| 293|0x0000000092500000, 0x0000000092500000, 0x0000000092600000|  0%| F|  |TAMS 0x0000000092500000| PB 0x0000000092500000| Untracked 
| 294|0x0000000092600000, 0x0000000092600000, 0x0000000092700000|  0%| F|  |TAMS 0x0000000092600000| PB 0x0000000092600000| Untracked 
| 295|0x0000000092700000, 0x0000000092700000, 0x0000000092800000|  0%| F|  |TAMS 0x0000000092700000| PB 0x0000000092700000| Untracked 
| 296|0x0000000092800000, 0x0000000092800000, 0x0000000092900000|  0%| F|  |TAMS 0x0000000092800000| PB 0x0000000092800000| Untracked 
| 297|0x0000000092900000, 0x0000000092900000, 0x0000000092a00000|  0%| F|  |TAMS 0x0000000092900000| PB 0x0000000092900000| Untracked 
| 298|0x0000000092a00000, 0x0000000092a00000, 0x0000000092b00000|  0%| F|  |TAMS 0x0000000092a00000| PB 0x0000000092a00000| Untracked 
| 299|0x0000000092b00000, 0x0000000092b00000, 0x0000000092c00000|  0%| F|  |TAMS 0x0000000092b00000| PB 0x0000000092b00000| Untracked 
| 300|0x0000000092c00000, 0x0000000092c00000, 0x0000000092d00000|  0%| F|  |TAMS 0x0000000092c00000| PB 0x0000000092c00000| Untracked 
| 301|0x0000000092d00000, 0x0000000092d00000, 0x0000000092e00000|  0%| F|  |TAMS 0x0000000092d00000| PB 0x0000000092d00000| Untracked 
| 302|0x0000000092e00000, 0x0000000092e00000, 0x0000000092f00000|  0%| F|  |TAMS 0x0000000092e00000| PB 0x0000000092e00000| Untracked 
| 303|0x0000000092f00000, 0x0000000092f00000, 0x0000000093000000|  0%| F|  |TAMS 0x0000000092f00000| PB 0x0000000092f00000| Untracked 
| 304|0x0000000093000000, 0x0000000093000000, 0x0000000093100000|  0%| F|  |TAMS 0x0000000093000000| PB 0x0000000093000000| Untracked 
| 305|0x0000000093100000, 0x0000000093100000, 0x0000000093200000|  0%| F|  |TAMS 0x0000000093100000| PB 0x0000000093100000| Untracked 
| 306|0x0000000093200000, 0x0000000093200000, 0x0000000093300000|  0%| F|  |TAMS 0x0000000093200000| PB 0x0000000093200000| Untracked 
| 307|0x0000000093300000, 0x0000000093300000, 0x0000000093400000|  0%| F|  |TAMS 0x0000000093300000| PB 0x0000000093300000| Untracked 
| 308|0x0000000093400000, 0x0000000093400000, 0x0000000093500000|  0%| F|  |TAMS 0x0000000093400000| PB 0x0000000093400000| Untracked 
| 309|0x0000000093500000, 0x0000000093500000, 0x0000000093600000|  0%| F|  |TAMS 0x0000000093500000| PB 0x0000000093500000| Untracked 
| 310|0x0000000093600000, 0x0000000093600000, 0x0000000093700000|  0%| F|  |TAMS 0x0000000093600000| PB 0x0000000093600000| Untracked 
| 311|0x0000000093700000, 0x0000000093700000, 0x0000000093800000|  0%| F|  |TAMS 0x0000000093700000| PB 0x0000000093700000| Untracked 
| 312|0x0000000093800000, 0x0000000093800000, 0x0000000093900000|  0%| F|  |TAMS 0x0000000093800000| PB 0x0000000093800000| Untracked 
| 313|0x0000000093900000, 0x0000000093900000, 0x0000000093a00000|  0%| F|  |TAMS 0x0000000093900000| PB 0x0000000093900000| Untracked 
| 314|0x0000000093a00000, 0x0000000093a00000, 0x0000000093b00000|  0%| F|  |TAMS 0x0000000093a00000| PB 0x0000000093a00000| Untracked 
| 315|0x0000000093b00000, 0x0000000093b00000, 0x0000000093c00000|  0%| F|  |TAMS 0x0000000093b00000| PB 0x0000000093b00000| Untracked 
| 316|0x0000000093c00000, 0x0000000093c00000, 0x0000000093d00000|  0%| F|  |TAMS 0x0000000093c00000| PB 0x0000000093c00000| Untracked 
| 317|0x0000000093d00000, 0x0000000093d00000, 0x0000000093e00000|  0%| F|  |TAMS 0x0000000093d00000| PB 0x0000000093d00000| Untracked 
| 318|0x0000000093e00000, 0x0000000093e00000, 0x0000000093f00000|  0%| F|  |TAMS 0x0000000093e00000| PB 0x0000000093e00000| Untracked 
| 319|0x0000000093f00000, 0x0000000093f00000, 0x0000000094000000|  0%| F|  |TAMS 0x0000000093f00000| PB 0x0000000093f00000| Untracked 
| 320|0x0000000094000000, 0x0000000094000000, 0x0000000094100000|  0%| F|  |TAMS 0x0000000094000000| PB 0x0000000094000000| Untracked 
| 321|0x0000000094100000, 0x0000000094100000, 0x0000000094200000|  0%| F|  |TAMS 0x0000000094100000| PB 0x0000000094100000| Untracked 
| 322|0x0000000094200000, 0x0000000094200000, 0x0000000094300000|  0%| F|  |TAMS 0x0000000094200000| PB 0x0000000094200000| Untracked 
| 323|0x0000000094300000, 0x0000000094300000, 0x0000000094400000|  0%| F|  |TAMS 0x0000000094300000| PB 0x0000000094300000| Untracked 
| 324|0x0000000094400000, 0x0000000094400000, 0x0000000094500000|  0%| F|  |TAMS 0x0000000094400000| PB 0x0000000094400000| Untracked 
| 325|0x0000000094500000, 0x0000000094500000, 0x0000000094600000|  0%| F|  |TAMS 0x0000000094500000| PB 0x0000000094500000| Untracked 
| 326|0x0000000094600000, 0x0000000094600000, 0x0000000094700000|  0%| F|  |TAMS 0x0000000094600000| PB 0x0000000094600000| Untracked 
| 327|0x0000000094700000, 0x0000000094800000, 0x0000000094800000|100%| E|  |TAMS 0x0000000094700000| PB 0x0000000094700000| Complete 
| 328|0x0000000094800000, 0x0000000094900000, 0x0000000094900000|100%| E|CS|TAMS 0x0000000094800000| PB 0x0000000094800000| Complete 
| 329|0x0000000094900000, 0x0000000094a00000, 0x0000000094a00000|100%| E|CS|TAMS 0x0000000094900000| PB 0x0000000094900000| Complete 
| 330|0x0000000094a00000, 0x0000000094b00000, 0x0000000094b00000|100%| E|CS|TAMS 0x0000000094a00000| PB 0x0000000094a00000| Complete 
| 331|0x0000000094b00000, 0x0000000094c00000, 0x0000000094c00000|100%| E|CS|TAMS 0x0000000094b00000| PB 0x0000000094b00000| Complete 
| 332|0x0000000094c00000, 0x0000000094d00000, 0x0000000094d00000|100%| E|CS|TAMS 0x0000000094c00000| PB 0x0000000094c00000| Complete 
| 333|0x0000000094d00000, 0x0000000094e00000, 0x0000000094e00000|100%| E|CS|TAMS 0x0000000094d00000| PB 0x0000000094d00000| Complete 
| 334|0x0000000094e00000, 0x0000000094f00000, 0x0000000094f00000|100%| E|CS|TAMS 0x0000000094e00000| PB 0x0000000094e00000| Complete 
| 335|0x0000000094f00000, 0x0000000095000000, 0x0000000095000000|100%| E|CS|TAMS 0x0000000094f00000| PB 0x0000000094f00000| Complete 
| 336|0x0000000095000000, 0x0000000095100000, 0x0000000095100000|100%| E|CS|TAMS 0x0000000095000000| PB 0x0000000095000000| Complete 
| 337|0x0000000095100000, 0x0000000095200000, 0x0000000095200000|100%| E|CS|TAMS 0x0000000095100000| PB 0x0000000095100000| Complete 
| 338|0x0000000095200000, 0x0000000095300000, 0x0000000095300000|100%| E|CS|TAMS 0x0000000095200000| PB 0x0000000095200000| Complete 
| 339|0x0000000095300000, 0x0000000095400000, 0x0000000095400000|100%| E|CS|TAMS 0x0000000095300000| PB 0x0000000095300000| Complete 
| 340|0x0000000095400000, 0x0000000095500000, 0x0000000095500000|100%| E|CS|TAMS 0x0000000095400000| PB 0x0000000095400000| Complete 
| 341|0x0000000095500000, 0x0000000095600000, 0x0000000095600000|100%| E|CS|TAMS 0x0000000095500000| PB 0x0000000095500000| Complete 
| 342|0x0000000095600000, 0x0000000095700000, 0x0000000095700000|100%| E|CS|TAMS 0x0000000095600000| PB 0x0000000095600000| Complete 
| 343|0x0000000095700000, 0x0000000095800000, 0x0000000095800000|100%| E|CS|TAMS 0x0000000095700000| PB 0x0000000095700000| Complete 
| 344|0x0000000095800000, 0x0000000095900000, 0x0000000095900000|100%| E|CS|TAMS 0x0000000095800000| PB 0x0000000095800000| Complete 
| 345|0x0000000095900000, 0x0000000095a00000, 0x0000000095a00000|100%| E|CS|TAMS 0x0000000095900000| PB 0x0000000095900000| Complete 
| 346|0x0000000095a00000, 0x0000000095b00000, 0x0000000095b00000|100%| E|CS|TAMS 0x0000000095a00000| PB 0x0000000095a00000| Complete 
| 347|0x0000000095b00000, 0x0000000095c00000, 0x0000000095c00000|100%| E|CS|TAMS 0x0000000095b00000| PB 0x0000000095b00000| Complete 
| 348|0x0000000095c00000, 0x0000000095d00000, 0x0000000095d00000|100%| E|CS|TAMS 0x0000000095c00000| PB 0x0000000095c00000| Complete 
| 349|0x0000000095d00000, 0x0000000095e00000, 0x0000000095e00000|100%| E|CS|TAMS 0x0000000095d00000| PB 0x0000000095d00000| Complete 
| 350|0x0000000095e00000, 0x0000000095f00000, 0x0000000095f00000|100%| E|CS|TAMS 0x0000000095e00000| PB 0x0000000095e00000| Complete 
| 351|0x0000000095f00000, 0x0000000096000000, 0x0000000096000000|100%| E|CS|TAMS 0x0000000095f00000| PB 0x0000000095f00000| Complete 
| 352|0x0000000096000000, 0x0000000096100000, 0x0000000096100000|100%| E|CS|TAMS 0x0000000096000000| PB 0x0000000096000000| Complete 
| 353|0x0000000096100000, 0x0000000096200000, 0x0000000096200000|100%| E|CS|TAMS 0x0000000096100000| PB 0x0000000096100000| Complete 
| 354|0x0000000096200000, 0x0000000096300000, 0x0000000096300000|100%| E|CS|TAMS 0x0000000096200000| PB 0x0000000096200000| Complete 
| 355|0x0000000096300000, 0x0000000096400000, 0x0000000096400000|100%| E|CS|TAMS 0x0000000096300000| PB 0x0000000096300000| Complete 
| 356|0x0000000096400000, 0x0000000096500000, 0x0000000096500000|100%| E|CS|TAMS 0x0000000096400000| PB 0x0000000096400000| Complete 
| 357|0x0000000096500000, 0x0000000096600000, 0x0000000096600000|100%| E|CS|TAMS 0x0000000096500000| PB 0x0000000096500000| Complete 
| 358|0x0000000096600000, 0x0000000096700000, 0x0000000096700000|100%| E|CS|TAMS 0x0000000096600000| PB 0x0000000096600000| Complete 
| 359|0x0000000096700000, 0x0000000096800000, 0x0000000096800000|100%| E|CS|TAMS 0x0000000096700000| PB 0x0000000096700000| Complete 
| 360|0x0000000096800000, 0x0000000096900000, 0x0000000096900000|100%| E|CS|TAMS 0x0000000096800000| PB 0x0000000096800000| Complete 
| 361|0x0000000096900000, 0x0000000096a00000, 0x0000000096a00000|100%| E|CS|TAMS 0x0000000096900000| PB 0x0000000096900000| Complete 
| 362|0x0000000096a00000, 0x0000000096b00000, 0x0000000096b00000|100%| E|CS|TAMS 0x0000000096a00000| PB 0x0000000096a00000| Complete 
| 363|0x0000000096b00000, 0x0000000096c00000, 0x0000000096c00000|100%| E|CS|TAMS 0x0000000096b00000| PB 0x0000000096b00000| Complete 
| 364|0x0000000096c00000, 0x0000000096d00000, 0x0000000096d00000|100%| E|CS|TAMS 0x0000000096c00000| PB 0x0000000096c00000| Complete 
| 365|0x0000000096d00000, 0x0000000096e00000, 0x0000000096e00000|100%| E|CS|TAMS 0x0000000096d00000| PB 0x0000000096d00000| Complete 
| 366|0x0000000096e00000, 0x0000000096f00000, 0x0000000096f00000|100%| E|CS|TAMS 0x0000000096e00000| PB 0x0000000096e00000| Complete 
| 367|0x0000000096f00000, 0x0000000097000000, 0x0000000097000000|100%| E|CS|TAMS 0x0000000096f00000| PB 0x0000000096f00000| Complete 
| 368|0x0000000097000000, 0x0000000097100000, 0x0000000097100000|100%| E|CS|TAMS 0x0000000097000000| PB 0x0000000097000000| Complete 
| 369|0x0000000097100000, 0x0000000097200000, 0x0000000097200000|100%| E|CS|TAMS 0x0000000097100000| PB 0x0000000097100000| Complete 
| 370|0x0000000097200000, 0x0000000097300000, 0x0000000097300000|100%| E|CS|TAMS 0x0000000097200000| PB 0x0000000097200000| Complete 
| 371|0x0000000097300000, 0x0000000097400000, 0x0000000097400000|100%| E|CS|TAMS 0x0000000097300000| PB 0x0000000097300000| Complete 
| 372|0x0000000097400000, 0x0000000097500000, 0x0000000097500000|100%| E|CS|TAMS 0x0000000097400000| PB 0x0000000097400000| Complete 
| 373|0x0000000097500000, 0x0000000097600000, 0x0000000097600000|100%| E|CS|TAMS 0x0000000097500000| PB 0x0000000097500000| Complete 
| 374|0x0000000097600000, 0x0000000097700000, 0x0000000097700000|100%| E|CS|TAMS 0x0000000097600000| PB 0x0000000097600000| Complete 
| 375|0x0000000097700000, 0x0000000097800000, 0x0000000097800000|100%| E|CS|TAMS 0x0000000097700000| PB 0x0000000097700000| Complete 
| 376|0x0000000097800000, 0x0000000097900000, 0x0000000097900000|100%| E|CS|TAMS 0x0000000097800000| PB 0x0000000097800000| Complete 
| 377|0x0000000097900000, 0x0000000097a00000, 0x0000000097a00000|100%| E|CS|TAMS 0x0000000097900000| PB 0x0000000097900000| Complete 
| 378|0x0000000097a00000, 0x0000000097b00000, 0x0000000097b00000|100%| E|CS|TAMS 0x0000000097a00000| PB 0x0000000097a00000| Complete 
| 379|0x0000000097b00000, 0x0000000097c00000, 0x0000000097c00000|100%| E|CS|TAMS 0x0000000097b00000| PB 0x0000000097b00000| Complete 
| 380|0x0000000097c00000, 0x0000000097d00000, 0x0000000097d00000|100%| E|CS|TAMS 0x0000000097c00000| PB 0x0000000097c00000| Complete 
| 381|0x0000000097d00000, 0x0000000097e00000, 0x0000000097e00000|100%| E|CS|TAMS 0x0000000097d00000| PB 0x0000000097d00000| Complete 
| 382|0x0000000097e00000, 0x0000000097f00000, 0x0000000097f00000|100%| E|CS|TAMS 0x0000000097e00000| PB 0x0000000097e00000| Complete 
| 383|0x0000000097f00000, 0x0000000098000000, 0x0000000098000000|100%| E|CS|TAMS 0x0000000097f00000| PB 0x0000000097f00000| Complete 
| 384|0x0000000098000000, 0x0000000098100000, 0x0000000098100000|100%| E|CS|TAMS 0x0000000098000000| PB 0x0000000098000000| Complete 
| 385|0x0000000098100000, 0x0000000098200000, 0x0000000098200000|100%| E|CS|TAMS 0x0000000098100000| PB 0x0000000098100000| Complete 
| 386|0x0000000098200000, 0x0000000098300000, 0x0000000098300000|100%| E|CS|TAMS 0x0000000098200000| PB 0x0000000098200000| Complete 
| 387|0x0000000098300000, 0x0000000098400000, 0x0000000098400000|100%| E|CS|TAMS 0x0000000098300000| PB 0x0000000098300000| Complete 
| 388|0x0000000098400000, 0x0000000098500000, 0x0000000098500000|100%| E|CS|TAMS 0x0000000098400000| PB 0x0000000098400000| Complete 
| 389|0x0000000098500000, 0x0000000098600000, 0x0000000098600000|100%| E|CS|TAMS 0x0000000098500000| PB 0x0000000098500000| Complete 
| 390|0x0000000098600000, 0x0000000098700000, 0x0000000098700000|100%| E|CS|TAMS 0x0000000098600000| PB 0x0000000098600000| Complete 
| 391|0x0000000098700000, 0x0000000098800000, 0x0000000098800000|100%| E|CS|TAMS 0x0000000098700000| PB 0x0000000098700000| Complete 
| 392|0x0000000098800000, 0x0000000098900000, 0x0000000098900000|100%| E|CS|TAMS 0x0000000098800000| PB 0x0000000098800000| Complete 
| 393|0x0000000098900000, 0x0000000098a00000, 0x0000000098a00000|100%| E|CS|TAMS 0x0000000098900000| PB 0x0000000098900000| Complete 
| 394|0x0000000098a00000, 0x0000000098b00000, 0x0000000098b00000|100%| E|CS|TAMS 0x0000000098a00000| PB 0x0000000098a00000| Complete 
| 395|0x0000000098b00000, 0x0000000098c00000, 0x0000000098c00000|100%| E|CS|TAMS 0x0000000098b00000| PB 0x0000000098b00000| Complete 
| 396|0x0000000098c00000, 0x0000000098d00000, 0x0000000098d00000|100%| E|CS|TAMS 0x0000000098c00000| PB 0x0000000098c00000| Complete 
| 397|0x0000000098d00000, 0x0000000098e00000, 0x0000000098e00000|100%| E|CS|TAMS 0x0000000098d00000| PB 0x0000000098d00000| Complete 
| 398|0x0000000098e00000, 0x0000000098f00000, 0x0000000098f00000|100%| E|CS|TAMS 0x0000000098e00000| PB 0x0000000098e00000| Complete 
| 399|0x0000000098f00000, 0x0000000099000000, 0x0000000099000000|100%| E|CS|TAMS 0x0000000098f00000| PB 0x0000000098f00000| Complete 
| 400|0x0000000099000000, 0x0000000099100000, 0x0000000099100000|100%| E|CS|TAMS 0x0000000099000000| PB 0x0000000099000000| Complete 
| 401|0x0000000099100000, 0x0000000099200000, 0x0000000099200000|100%| E|CS|TAMS 0x0000000099100000| PB 0x0000000099100000| Complete 
| 402|0x0000000099200000, 0x0000000099300000, 0x0000000099300000|100%| E|CS|TAMS 0x0000000099200000| PB 0x0000000099200000| Complete 
| 403|0x0000000099300000, 0x0000000099400000, 0x0000000099400000|100%| E|CS|TAMS 0x0000000099300000| PB 0x0000000099300000| Complete 
| 404|0x0000000099400000, 0x0000000099500000, 0x0000000099500000|100%| E|CS|TAMS 0x0000000099400000| PB 0x0000000099400000| Complete 
| 405|0x0000000099500000, 0x0000000099600000, 0x0000000099600000|100%| E|CS|TAMS 0x0000000099500000| PB 0x0000000099500000| Complete 
| 406|0x0000000099600000, 0x0000000099700000, 0x0000000099700000|100%| E|CS|TAMS 0x0000000099600000| PB 0x0000000099600000| Complete 
| 407|0x0000000099700000, 0x0000000099800000, 0x0000000099800000|100%| E|CS|TAMS 0x0000000099700000| PB 0x0000000099700000| Complete 
| 408|0x0000000099800000, 0x0000000099900000, 0x0000000099900000|100%| E|CS|TAMS 0x0000000099800000| PB 0x0000000099800000| Complete 
| 409|0x0000000099900000, 0x0000000099a00000, 0x0000000099a00000|100%| E|CS|TAMS 0x0000000099900000| PB 0x0000000099900000| Complete 
| 410|0x0000000099a00000, 0x0000000099b00000, 0x0000000099b00000|100%| E|CS|TAMS 0x0000000099a00000| PB 0x0000000099a00000| Complete 
| 411|0x0000000099b00000, 0x0000000099c00000, 0x0000000099c00000|100%| E|CS|TAMS 0x0000000099b00000| PB 0x0000000099b00000| Complete 
| 412|0x0000000099c00000, 0x0000000099d00000, 0x0000000099d00000|100%| E|CS|TAMS 0x0000000099c00000| PB 0x0000000099c00000| Complete 
| 413|0x0000000099d00000, 0x0000000099e00000, 0x0000000099e00000|100%| E|CS|TAMS 0x0000000099d00000| PB 0x0000000099d00000| Complete 
| 414|0x0000000099e00000, 0x0000000099f00000, 0x0000000099f00000|100%| E|CS|TAMS 0x0000000099e00000| PB 0x0000000099e00000| Complete 
| 415|0x0000000099f00000, 0x000000009a000000, 0x000000009a000000|100%| E|CS|TAMS 0x0000000099f00000| PB 0x0000000099f00000| Complete 
| 416|0x000000009a000000, 0x000000009a100000, 0x000000009a100000|100%| E|CS|TAMS 0x000000009a000000| PB 0x000000009a000000| Complete 
| 417|0x000000009a100000, 0x000000009a200000, 0x000000009a200000|100%| E|CS|TAMS 0x000000009a100000| PB 0x000000009a100000| Complete 
| 418|0x000000009a200000, 0x000000009a300000, 0x000000009a300000|100%| E|CS|TAMS 0x000000009a200000| PB 0x000000009a200000| Complete 
| 419|0x000000009a300000, 0x000000009a400000, 0x000000009a400000|100%| E|CS|TAMS 0x000000009a300000| PB 0x000000009a300000| Complete 
| 420|0x000000009a400000, 0x000000009a500000, 0x000000009a500000|100%| E|CS|TAMS 0x000000009a400000| PB 0x000000009a400000| Complete 
| 421|0x000000009a500000, 0x000000009a600000, 0x000000009a600000|100%| E|CS|TAMS 0x000000009a500000| PB 0x000000009a500000| Complete 
| 422|0x000000009a600000, 0x000000009a700000, 0x000000009a700000|100%| E|CS|TAMS 0x000000009a600000| PB 0x000000009a600000| Complete 
| 423|0x000000009a700000, 0x000000009a800000, 0x000000009a800000|100%| E|CS|TAMS 0x000000009a700000| PB 0x000000009a700000| Complete 
| 424|0x000000009a800000, 0x000000009a900000, 0x000000009a900000|100%| E|CS|TAMS 0x000000009a800000| PB 0x000000009a800000| Complete 
| 425|0x000000009a900000, 0x000000009aa00000, 0x000000009aa00000|100%| E|CS|TAMS 0x000000009a900000| PB 0x000000009a900000| Complete 
| 426|0x000000009aa00000, 0x000000009ab00000, 0x000000009ab00000|100%| E|CS|TAMS 0x000000009aa00000| PB 0x000000009aa00000| Complete 
| 427|0x000000009ab00000, 0x000000009ac00000, 0x000000009ac00000|100%| E|CS|TAMS 0x000000009ab00000| PB 0x000000009ab00000| Complete 
| 428|0x000000009ac00000, 0x000000009ad00000, 0x000000009ad00000|100%| E|CS|TAMS 0x000000009ac00000| PB 0x000000009ac00000| Complete 
| 429|0x000000009ad00000, 0x000000009ae00000, 0x000000009ae00000|100%| E|CS|TAMS 0x000000009ad00000| PB 0x000000009ad00000| Complete 
| 430|0x000000009ae00000, 0x000000009af00000, 0x000000009af00000|100%| E|CS|TAMS 0x000000009ae00000| PB 0x000000009ae00000| Complete 
| 431|0x000000009af00000, 0x000000009b000000, 0x000000009b000000|100%| E|CS|TAMS 0x000000009af00000| PB 0x000000009af00000| Complete 
| 432|0x000000009b000000, 0x000000009b100000, 0x000000009b100000|100%| E|CS|TAMS 0x000000009b000000| PB 0x000000009b000000| Complete 
| 433|0x000000009b100000, 0x000000009b200000, 0x000000009b200000|100%| E|CS|TAMS 0x000000009b100000| PB 0x000000009b100000| Complete 
| 434|0x000000009b200000, 0x000000009b300000, 0x000000009b300000|100%| E|CS|TAMS 0x000000009b200000| PB 0x000000009b200000| Complete 
| 435|0x000000009b300000, 0x000000009b400000, 0x000000009b400000|100%| E|CS|TAMS 0x000000009b300000| PB 0x000000009b300000| Complete 
| 436|0x000000009b400000, 0x000000009b500000, 0x000000009b500000|100%| E|CS|TAMS 0x000000009b400000| PB 0x000000009b400000| Complete 
| 437|0x000000009b500000, 0x000000009b600000, 0x000000009b600000|100%| E|CS|TAMS 0x000000009b500000| PB 0x000000009b500000| Complete 
| 438|0x000000009b600000, 0x000000009b700000, 0x000000009b700000|100%| E|CS|TAMS 0x000000009b600000| PB 0x000000009b600000| Complete 
| 439|0x000000009b700000, 0x000000009b800000, 0x000000009b800000|100%| E|CS|TAMS 0x000000009b700000| PB 0x000000009b700000| Complete 
| 440|0x000000009b800000, 0x000000009b900000, 0x000000009b900000|100%| E|CS|TAMS 0x000000009b800000| PB 0x000000009b800000| Complete 
| 441|0x000000009b900000, 0x000000009ba00000, 0x000000009ba00000|100%| E|CS|TAMS 0x000000009b900000| PB 0x000000009b900000| Complete 
| 442|0x000000009ba00000, 0x000000009bb00000, 0x000000009bb00000|100%| E|CS|TAMS 0x000000009ba00000| PB 0x000000009ba00000| Complete 
| 443|0x000000009bb00000, 0x000000009bc00000, 0x000000009bc00000|100%| E|CS|TAMS 0x000000009bb00000| PB 0x000000009bb00000| Complete 
| 444|0x000000009bc00000, 0x000000009bd00000, 0x000000009bd00000|100%| E|CS|TAMS 0x000000009bc00000| PB 0x000000009bc00000| Complete 
| 445|0x000000009bd00000, 0x000000009be00000, 0x000000009be00000|100%| E|CS|TAMS 0x000000009bd00000| PB 0x000000009bd00000| Complete 
| 446|0x000000009be00000, 0x000000009bf00000, 0x000000009bf00000|100%| E|CS|TAMS 0x000000009be00000| PB 0x000000009be00000| Complete 
| 447|0x000000009bf00000, 0x000000009c000000, 0x000000009c000000|100%| E|CS|TAMS 0x000000009bf00000| PB 0x000000009bf00000| Complete 
| 448|0x000000009c000000, 0x000000009c100000, 0x000000009c100000|100%| E|CS|TAMS 0x000000009c000000| PB 0x000000009c000000| Complete 
| 449|0x000000009c100000, 0x000000009c200000, 0x000000009c200000|100%| E|CS|TAMS 0x000000009c100000| PB 0x000000009c100000| Complete 
| 450|0x000000009c200000, 0x000000009c300000, 0x000000009c300000|100%| E|CS|TAMS 0x000000009c200000| PB 0x000000009c200000| Complete 
| 451|0x000000009c300000, 0x000000009c400000, 0x000000009c400000|100%| E|CS|TAMS 0x000000009c300000| PB 0x000000009c300000| Complete 
| 452|0x000000009c400000, 0x000000009c500000, 0x000000009c500000|100%| E|CS|TAMS 0x000000009c400000| PB 0x000000009c400000| Complete 
| 453|0x000000009c500000, 0x000000009c600000, 0x000000009c600000|100%| E|CS|TAMS 0x000000009c500000| PB 0x000000009c500000| Complete 
| 454|0x000000009c600000, 0x000000009c700000, 0x000000009c700000|100%| E|CS|TAMS 0x000000009c600000| PB 0x000000009c600000| Complete 
| 455|0x000000009c700000, 0x000000009c800000, 0x000000009c800000|100%| E|CS|TAMS 0x000000009c700000| PB 0x000000009c700000| Complete 
| 456|0x000000009c800000, 0x000000009c900000, 0x000000009c900000|100%| E|CS|TAMS 0x000000009c800000| PB 0x000000009c800000| Complete 
| 457|0x000000009c900000, 0x000000009ca00000, 0x000000009ca00000|100%| E|CS|TAMS 0x000000009c900000| PB 0x000000009c900000| Complete 
| 458|0x000000009ca00000, 0x000000009cb00000, 0x000000009cb00000|100%| E|CS|TAMS 0x000000009ca00000| PB 0x000000009ca00000| Complete 
| 459|0x000000009cb00000, 0x000000009cc00000, 0x000000009cc00000|100%| E|CS|TAMS 0x000000009cb00000| PB 0x000000009cb00000| Complete 
| 460|0x000000009cc00000, 0x000000009cd00000, 0x000000009cd00000|100%| E|CS|TAMS 0x000000009cc00000| PB 0x000000009cc00000| Complete 
| 461|0x000000009cd00000, 0x000000009ce00000, 0x000000009ce00000|100%| E|CS|TAMS 0x000000009cd00000| PB 0x000000009cd00000| Complete 
| 462|0x000000009ce00000, 0x000000009cf00000, 0x000000009cf00000|100%| E|CS|TAMS 0x000000009ce00000| PB 0x000000009ce00000| Complete 
| 463|0x000000009cf00000, 0x000000009d000000, 0x000000009d000000|100%| E|CS|TAMS 0x000000009cf00000| PB 0x000000009cf00000| Complete 
| 464|0x000000009d000000, 0x000000009d100000, 0x000000009d100000|100%| E|CS|TAMS 0x000000009d000000| PB 0x000000009d000000| Complete 
| 465|0x000000009d100000, 0x000000009d200000, 0x000000009d200000|100%| E|CS|TAMS 0x000000009d100000| PB 0x000000009d100000| Complete 
| 466|0x000000009d200000, 0x000000009d300000, 0x000000009d300000|100%| E|CS|TAMS 0x000000009d200000| PB 0x000000009d200000| Complete 
| 467|0x000000009d300000, 0x000000009d400000, 0x000000009d400000|100%| E|CS|TAMS 0x000000009d300000| PB 0x000000009d300000| Complete 
| 468|0x000000009d400000, 0x000000009d500000, 0x000000009d500000|100%| E|CS|TAMS 0x000000009d400000| PB 0x000000009d400000| Complete 
| 469|0x000000009d500000, 0x000000009d600000, 0x000000009d600000|100%| E|CS|TAMS 0x000000009d500000| PB 0x000000009d500000| Complete 
| 470|0x000000009d600000, 0x000000009d700000, 0x000000009d700000|100%| E|CS|TAMS 0x000000009d600000| PB 0x000000009d600000| Complete 
| 471|0x000000009d700000, 0x000000009d800000, 0x000000009d800000|100%| E|CS|TAMS 0x000000009d700000| PB 0x000000009d700000| Complete 
| 472|0x000000009d800000, 0x000000009d900000, 0x000000009d900000|100%| E|CS|TAMS 0x000000009d800000| PB 0x000000009d800000| Complete 
| 473|0x000000009d900000, 0x000000009da00000, 0x000000009da00000|100%| E|CS|TAMS 0x000000009d900000| PB 0x000000009d900000| Complete 
| 474|0x000000009da00000, 0x000000009db00000, 0x000000009db00000|100%| E|CS|TAMS 0x000000009da00000| PB 0x000000009da00000| Complete 
| 475|0x000000009db00000, 0x000000009dc00000, 0x000000009dc00000|100%| E|CS|TAMS 0x000000009db00000| PB 0x000000009db00000| Complete 
| 476|0x000000009dc00000, 0x000000009dd00000, 0x000000009dd00000|100%| E|CS|TAMS 0x000000009dc00000| PB 0x000000009dc00000| Complete 
| 477|0x000000009dd00000, 0x000000009de00000, 0x000000009de00000|100%| E|CS|TAMS 0x000000009dd00000| PB 0x000000009dd00000| Complete 
| 478|0x000000009de00000, 0x000000009df00000, 0x000000009df00000|100%| E|CS|TAMS 0x000000009de00000| PB 0x000000009de00000| Complete 
| 479|0x000000009df00000, 0x000000009e000000, 0x000000009e000000|100%| E|CS|TAMS 0x000000009df00000| PB 0x000000009df00000| Complete 
| 480|0x000000009e000000, 0x000000009e100000, 0x000000009e100000|100%| E|CS|TAMS 0x000000009e000000| PB 0x000000009e000000| Complete 
| 481|0x000000009e100000, 0x000000009e200000, 0x000000009e200000|100%| E|CS|TAMS 0x000000009e100000| PB 0x000000009e100000| Complete 
| 482|0x000000009e200000, 0x000000009e300000, 0x000000009e300000|100%| E|CS|TAMS 0x000000009e200000| PB 0x000000009e200000| Complete 
| 483|0x000000009e300000, 0x000000009e400000, 0x000000009e400000|100%| E|CS|TAMS 0x000000009e300000| PB 0x000000009e300000| Complete 
| 484|0x000000009e400000, 0x000000009e500000, 0x000000009e500000|100%| E|CS|TAMS 0x000000009e400000| PB 0x000000009e400000| Complete 
| 485|0x000000009e500000, 0x000000009e600000, 0x000000009e600000|100%| E|CS|TAMS 0x000000009e500000| PB 0x000000009e500000| Complete 
| 486|0x000000009e600000, 0x000000009e700000, 0x000000009e700000|100%| E|CS|TAMS 0x000000009e600000| PB 0x000000009e600000| Complete 
| 487|0x000000009e700000, 0x000000009e800000, 0x000000009e800000|100%| E|CS|TAMS 0x000000009e700000| PB 0x000000009e700000| Complete 
| 488|0x000000009e800000, 0x000000009e900000, 0x000000009e900000|100%| E|CS|TAMS 0x000000009e800000| PB 0x000000009e800000| Complete 
| 489|0x000000009e900000, 0x000000009ea00000, 0x000000009ea00000|100%| E|CS|TAMS 0x000000009e900000| PB 0x000000009e900000| Complete 
| 490|0x000000009ea00000, 0x000000009eb00000, 0x000000009eb00000|100%| E|CS|TAMS 0x000000009ea00000| PB 0x000000009ea00000| Complete 
| 491|0x000000009eb00000, 0x000000009ec00000, 0x000000009ec00000|100%| E|CS|TAMS 0x000000009eb00000| PB 0x000000009eb00000| Complete 
| 492|0x000000009ec00000, 0x000000009ed00000, 0x000000009ed00000|100%| E|CS|TAMS 0x000000009ec00000| PB 0x000000009ec00000| Complete 
| 493|0x000000009ed00000, 0x000000009ee00000, 0x000000009ee00000|100%| E|CS|TAMS 0x000000009ed00000| PB 0x000000009ed00000| Complete 
| 494|0x000000009ee00000, 0x000000009ef00000, 0x000000009ef00000|100%| E|CS|TAMS 0x000000009ee00000| PB 0x000000009ee00000| Complete 
| 495|0x000000009ef00000, 0x000000009f000000, 0x000000009f000000|100%| E|CS|TAMS 0x000000009ef00000| PB 0x000000009ef00000| Complete 
| 496|0x000000009f000000, 0x000000009f100000, 0x000000009f100000|100%| E|CS|TAMS 0x000000009f000000| PB 0x000000009f000000| Complete 
| 497|0x000000009f100000, 0x000000009f200000, 0x000000009f200000|100%| E|CS|TAMS 0x000000009f100000| PB 0x000000009f100000| Complete 
| 498|0x000000009f200000, 0x000000009f300000, 0x000000009f300000|100%| E|CS|TAMS 0x000000009f200000| PB 0x000000009f200000| Complete 
| 499|0x000000009f300000, 0x000000009f400000, 0x000000009f400000|100%| E|CS|TAMS 0x000000009f300000| PB 0x000000009f300000| Complete 
| 500|0x000000009f400000, 0x000000009f500000, 0x000000009f500000|100%| E|CS|TAMS 0x000000009f400000| PB 0x000000009f400000| Complete 
| 501|0x000000009f500000, 0x000000009f600000, 0x000000009f600000|100%| E|CS|TAMS 0x000000009f500000| PB 0x000000009f500000| Complete 
| 502|0x000000009f600000, 0x000000009f700000, 0x000000009f700000|100%| E|CS|TAMS 0x000000009f600000| PB 0x000000009f600000| Complete 
| 503|0x000000009f700000, 0x000000009f800000, 0x000000009f800000|100%| E|CS|TAMS 0x000000009f700000| PB 0x000000009f700000| Complete 
| 504|0x000000009f800000, 0x000000009f900000, 0x000000009f900000|100%| E|CS|TAMS 0x000000009f800000| PB 0x000000009f800000| Complete 
| 505|0x000000009f900000, 0x000000009fa00000, 0x000000009fa00000|100%| E|CS|TAMS 0x000000009f900000| PB 0x000000009f900000| Complete 
| 506|0x000000009fa00000, 0x000000009fb00000, 0x000000009fb00000|100%| E|CS|TAMS 0x000000009fa00000| PB 0x000000009fa00000| Complete 
| 507|0x000000009fb00000, 0x000000009fc00000, 0x000000009fc00000|100%| E|CS|TAMS 0x000000009fb00000| PB 0x000000009fb00000| Complete 
| 508|0x000000009fc00000, 0x000000009fd00000, 0x000000009fd00000|100%| E|CS|TAMS 0x000000009fc00000| PB 0x000000009fc00000| Complete 
| 509|0x000000009fd00000, 0x000000009fe00000, 0x000000009fe00000|100%| E|CS|TAMS 0x000000009fd00000| PB 0x000000009fd00000| Complete 
| 510|0x000000009fe00000, 0x000000009ff00000, 0x000000009ff00000|100%| E|CS|TAMS 0x000000009fe00000| PB 0x000000009fe00000| Complete 
| 511|0x000000009ff00000, 0x00000000a0000000, 0x00000000a0000000|100%| E|CS|TAMS 0x000000009ff00000| PB 0x000000009ff00000| Complete 

Card table byte_map: [0x0000020925050000,0x0000020925450000] _byte_map_base: 0x0000020924c50000

Marking Bits: (CMBitMap*) 0x000002090d2a38b0
 Bits: [0x0000020925450000, 0x0000020927450000)

Polling page: 0x000002090afc0000

Metaspace:

Usage:
  Non-class:     50.01 MB used.
      Class:      8.41 MB used.
       Both:     58.42 MB used.

Virtual space:
  Non-class space:       64.00 MB reserved,      51.12 MB ( 80%) committed,  1 nodes.
      Class space:      416.00 MB reserved,       9.50 MB (  2%) committed,  1 nodes.
             Both:      480.00 MB reserved,      60.62 MB ( 13%) committed. 

Chunk freelists:
   Non-Class:  12.48 MB
       Class:  6.54 MB
        Both:  19.03 MB

MaxMetaspaceSize: 512.00 MB
CompressedClassSpaceSize: 416.00 MB
Initial GC threshold: 21.00 MB
Current GC threshold: 97.94 MB
CDS: on
 - commit_granule_bytes: 65536.
 - commit_granule_words: 8192.
 - virtual_space_node_default_size: 8388608.
 - enlarge_chunks_in_place: 1.
 - use_allocation_guard: 0.


Internal statistics:

num_allocs_failed_limit: 9.
num_arena_births: 4078.
num_arena_deaths: 0.
num_vsnodes_births: 2.
num_vsnodes_deaths: 0.
num_space_committed: 970.
num_space_uncommitted: 0.
num_chunks_returned_to_freelist: 9.
num_chunks_taken_from_freelist: 7260.
num_chunk_merges: 9.
num_chunk_splits: 4589.
num_chunks_enlarged: 2618.
num_inconsistent_stats: 0.

CodeHeap 'non-profiled nmethods': size=120000Kb used=5703Kb max_used=5703Kb free=114296Kb
 bounds [0x000002091d3f0000, 0x000002091d990000, 0x0000020924920000]
CodeHeap 'profiled nmethods': size=120000Kb used=18922Kb max_used=18922Kb free=101077Kb
 bounds [0x0000020915920000, 0x0000020916ba0000, 0x000002091ce50000]
CodeHeap 'non-nmethods': size=5760Kb used=2025Kb max_used=2088Kb free=3734Kb
 bounds [0x000002091ce50000, 0x000002091d0c0000, 0x000002091d3f0000]
CodeCache: size=245760Kb, used=26650Kb, max_used=26713Kb, free=219107Kb
 total_blobs=10424, nmethods=9654, adapters=674, full_count=0
Compilation: enabled, stopped_count=0, restarted_count=0

Compilation events (20 events):
Event: 21.170 Thread 0x0000020945168a10 10231       3       java.util.Spliterators$IteratorSpliterator::forEachRemaining (58 bytes)
Event: 21.171 Thread 0x0000020945168a10 nmethod 10231 0x0000020916b38490 code [0x0000020916b38680, 0x0000020916b38ba0]
Event: 21.174 Thread 0x0000020945168a10 10232       3       java.lang.Boolean::toString (8 bytes)
Event: 21.174 Thread 0x0000020945168a10 nmethod 10232 0x0000020916b38d10 code [0x0000020916b38ec0, 0x0000020916b390a8]
Event: 21.174 Thread 0x0000020945168a10 10233       3       java.lang.String::valueOf (14 bytes)
Event: 21.175 Thread 0x0000020945168a10 nmethod 10233 0x0000020916b39190 code [0x0000020916b39340, 0x0000020916b394a8]
Event: 21.176 Thread 0x0000020945168a10 10234       3       org.gradle.api.internal.collections.AbstractIterationOrderRetainingElementSource$Element::realize (143 bytes)
Event: 21.178 Thread 0x0000020945168a10 nmethod 10234 0x0000020916b39510 code [0x0000020916b39840, 0x0000020916b3abb8]
Event: 21.188 Thread 0x0000020945168a10 10236       3       org.gradle.util.Path::<init> (49 bytes)
Event: 21.189 Thread 0x0000020945168a10 nmethod 10236 0x0000020916b3b210 code [0x0000020916b3b3c0, 0x0000020916b3b5e0]
Event: 21.196 Thread 0x0000020945168a10 10237       3       io.spring.gradle.dependencymanagement.org.apache.maven.model.io.xpp3.MavenXpp3Reader::parseLicense (262 bytes)
Event: 21.199 Thread 0x0000020945168a10 nmethod 10237 0x0000020916b3b710 code [0x0000020916b3bb60, 0x0000020916b3d6d8]
Event: 21.207 Thread 0x0000020945168a10 10238       3       io.spring.gradle.dependencymanagement.org.apache.maven.model.composition.DefaultDependencyManagementImporter::importManagement (224 bytes)
Event: 21.209 Thread 0x0000020945168a10 nmethod 10238 0x0000020916b3e290 code [0x0000020916b3e680, 0x0000020916b406d8]
Event: 21.211 Thread 0x0000020945168a10 10239       3       io.spring.gradle.dependencymanagement.org.apache.maven.model.path.DefaultUrlNormalizer::<init> (5 bytes)
Event: 21.211 Thread 0x0000020945168a10 nmethod 10239 0x0000020916b41090 code [0x0000020916b41240, 0x0000020916b413a8]
Event: 21.212 Thread 0x0000020945168a10 10240       3       io.spring.gradle.dependencymanagement.org.apache.maven.model.io.xpp3.MavenXpp3ReaderEx::parseRepositoryPolicy (357 bytes)
Event: 21.216 Thread 0x0000020945168a10 nmethod 10240 0x0000020916b41490 code [0x0000020916b41960, 0x0000020916b43be0]
Event: 21.217 Thread 0x0000020945168a10 10241       3       io.spring.gradle.dependencymanagement.org.apache.maven.model.io.xpp3.MavenXpp3ReaderEx::parseBuild (1223 bytes)
Event: 21.229 Thread 0x0000020945168a10 nmethod 10241 0x0000020916b44990 code [0x0000020916b456e0, 0x0000020916b4d710]

GC Heap History (12 events):
Event: 0.585 GC heap before
{Heap before GC invocations=0 (full 0):
 garbage-first heap   total 524288K, used 25600K [0x0000000080000000, 0x0000000100000000)
  region size 1024K, 25 young (25600K), 0 survivors (0K)
 Metaspace       used 909K, committed 1024K, reserved 491520K
  class space    used 72K, committed 128K, reserved 425984K
}
Event: 0.590 GC heap after
{Heap after GC invocations=1 (full 0):
 garbage-first heap   total 524288K, used 1664K [0x0000000080000000, 0x0000000100000000)
  region size 1024K, 2 young (2048K), 2 survivors (2048K)
 Metaspace       used 909K, committed 1024K, reserved 491520K
  class space    used 72K, committed 128K, reserved 425984K
}
Event: 1.901 GC heap before
{Heap before GC invocations=1 (full 0):
 garbage-first heap   total 524288K, used 42624K [0x0000000080000000, 0x0000000100000000)
  region size 1024K, 39 young (39936K), 2 survivors (2048K)
 Metaspace       used 4606K, committed 4864K, reserved 491520K
  class space    used 582K, committed 704K, reserved 425984K
}
Event: 1.908 GC heap after
{Heap after GC invocations=2 (full 0):
 garbage-first heap   total 524288K, used 11674K [0x0000000080000000, 0x0000000100000000)
  region size 1024K, 5 young (5120K), 5 survivors (5120K)
 Metaspace       used 4606K, committed 4864K, reserved 491520K
  class space    used 582K, committed 704K, reserved 425984K
}
Event: 3.248 GC heap before
{Heap before GC invocations=2 (full 0):
 garbage-first heap   total 524288K, used 69018K [0x0000000080000000, 0x0000000100000000)
  region size 1024K, 60 young (61440K), 5 survivors (5120K)
 Metaspace       used 6897K, committed 7168K, reserved 491520K
  class space    used 915K, committed 1024K, reserved 425984K
}
Event: 3.260 GC heap after
{Heap after GC invocations=3 (full 0):
 garbage-first heap   total 524288K, used 18935K [0x0000000080000000, 0x0000000100000000)
  region size 1024K, 7 young (7168K), 7 survivors (7168K)
 Metaspace       used 6897K, committed 7168K, reserved 491520K
  class space    used 915K, committed 1024K, reserved 425984K
}
Event: 6.543 GC heap before
{Heap before GC invocations=3 (full 0):
 garbage-first heap   total 524288K, used 98807K [0x0000000080000000, 0x0000000100000000)
  region size 1024K, 85 young (87040K), 7 survivors (7168K)
 Metaspace       used 20916K, committed 21504K, reserved 491520K
  class space    used 2854K, committed 3136K, reserved 425984K
}
Event: 6.554 GC heap after
{Heap after GC invocations=4 (full 0):
 garbage-first heap   total 524288K, used 24134K [0x0000000080000000, 0x0000000100000000)
  region size 1024K, 12 young (12288K), 12 survivors (12288K)
 Metaspace       used 20916K, committed 21504K, reserved 491520K
  class space    used 2854K, committed 3136K, reserved 425984K
}
Event: 9.269 GC heap before
{Heap before GC invocations=5 (full 0):
 garbage-first heap   total 524288K, used 128582K [0x0000000080000000, 0x0000000100000000)
  region size 1024K, 116 young (118784K), 12 survivors (12288K)
 Metaspace       used 34708K, committed 35968K, reserved 491520K
  class space    used 4941K, committed 5568K, reserved 425984K
}
Event: 9.282 GC heap after
{Heap after GC invocations=6 (full 0):
 garbage-first heap   total 524288K, used 31511K [0x0000000080000000, 0x0000000100000000)
  region size 1024K, 19 young (19456K), 19 survivors (19456K)
 Metaspace       used 34708K, committed 35968K, reserved 491520K
  class space    used 4941K, committed 5568K, reserved 425984K
}
Event: 18.579 GC heap before
{Heap before GC invocations=7 (full 0):
 garbage-first heap   total 524288K, used 297751K [0x0000000080000000, 0x0000000100000000)
  region size 1024K, 280 young (286720K), 19 survivors (19456K)
 Metaspace       used 58017K, committed 60096K, reserved 491520K
  class space    used 8492K, committed 9536K, reserved 425984K
}
Event: 18.621 GC heap after
{Heap after GC invocations=8 (full 0):
 garbage-first heap   total 524288K, used 52632K [0x0000000080000000, 0x0000000100000000)
  region size 1024K, 39 young (39936K), 39 survivors (39936K)
 Metaspace       used 58017K, committed 60096K, reserved 491520K
  class space    used 8492K, committed 9536K, reserved 425984K
}

Dll operation events (15 events):
Event: 0.022 Loaded shared library C:\Users\ibraa\.jdks\ms-21.0.8\bin\java.dll
Event: 0.066 Loaded shared library C:\Users\ibraa\.jdks\ms-21.0.8\bin\jsvml.dll
Event: 0.123 Loaded shared library C:\Users\ibraa\.jdks\ms-21.0.8\bin\zip.dll
Event: 0.130 Loaded shared library C:\Users\ibraa\.jdks\ms-21.0.8\bin\instrument.dll
Event: 0.137 Loaded shared library C:\Users\ibraa\.jdks\ms-21.0.8\bin\net.dll
Event: 0.141 Loaded shared library C:\Users\ibraa\.jdks\ms-21.0.8\bin\nio.dll
Event: 0.145 Loaded shared library C:\Users\ibraa\.jdks\ms-21.0.8\bin\zip.dll
Event: 0.550 Loaded shared library C:\Users\ibraa\.jdks\ms-21.0.8\bin\jimage.dll
Event: 1.031 Loaded shared library C:\Users\ibraa\.jdks\ms-21.0.8\bin\verify.dll
Event: 1.099 Loaded shared library C:\Users\ibraa\.gradle\native\660c5614fbf4a5f2a75b1949f50a0caf5cd603558e7d8a26e50b933a0cfb79d1\windows-amd64\native-platform.dll
Event: 1.133 Loaded shared library C:\Users\ibraa\.gradle\native\0.2.8\x86_64-windows-gnu\gradle-fileevents.dll
Event: 3.182 Loaded shared library C:\Users\ibraa\.jdks\ms-21.0.8\bin\management.dll
Event: 3.185 Loaded shared library C:\Users\ibraa\.jdks\ms-21.0.8\bin\management_ext.dll
Event: 3.492 Loaded shared library C:\Users\ibraa\.jdks\ms-21.0.8\bin\extnet.dll
Event: 3.937 Loaded shared library C:\Users\ibraa\.jdks\ms-21.0.8\bin\sunmscapi.dll

Deoptimization events (20 events):
Event: 20.849 Thread 0x000002094b3bfcf0 DEOPT PACKING pc=0x000002091d94ecc0 sp=0x0000006dc9af8910
Event: 20.849 Thread 0x000002094b3bfcf0 DEOPT UNPACKING pc=0x000002091cea46a2 sp=0x0000006dc9af88e0 mode 2
Event: 20.854 Thread 0x000002094b3bfcf0 DEOPT PACKING pc=0x0000020916a3ef82 sp=0x0000006dc9af8670
Event: 20.854 Thread 0x000002094b3bfcf0 DEOPT UNPACKING pc=0x000002091cea4e42 sp=0x0000006dc9af7b58 mode 0
Event: 21.018 Thread 0x000002094b3bfcf0 Uncommon trap: trap_request=0xffffffbe fr.pc=0x000002091d969030 relative=0x0000000000000290
Event: 21.018 Thread 0x000002094b3bfcf0 Uncommon trap: reason=profile_predicate action=maybe_recompile pc=0x000002091d969030 method=java.util.HashMap.keysToArray([Ljava/lang/Object;)[Ljava/lang/Object; @ 36 c2
Event: 21.018 Thread 0x000002094b3bfcf0 DEOPT PACKING pc=0x000002091d969030 sp=0x0000006dc9af8550
Event: 21.018 Thread 0x000002094b3bfcf0 DEOPT UNPACKING pc=0x000002091cea46a2 sp=0x0000006dc9af84f0 mode 2
Event: 21.018 Thread 0x000002094b3bfcf0 Uncommon trap: trap_request=0xffffffbe fr.pc=0x000002091d969030 relative=0x0000000000000290
Event: 21.018 Thread 0x000002094b3bfcf0 Uncommon trap: reason=profile_predicate action=maybe_recompile pc=0x000002091d969030 method=java.util.HashMap.keysToArray([Ljava/lang/Object;)[Ljava/lang/Object; @ 36 c2
Event: 21.018 Thread 0x000002094b3bfcf0 DEOPT PACKING pc=0x000002091d969030 sp=0x0000006dc9af88a0
Event: 21.018 Thread 0x000002094b3bfcf0 DEOPT UNPACKING pc=0x000002091cea46a2 sp=0x0000006dc9af8840 mode 2
Event: 21.032 Thread 0x000002094b3bfcf0 Uncommon trap: trap_request=0xffffffbe fr.pc=0x000002091d969030 relative=0x0000000000000290
Event: 21.033 Thread 0x000002094b3bfcf0 Uncommon trap: reason=profile_predicate action=maybe_recompile pc=0x000002091d969030 method=java.util.HashMap.keysToArray([Ljava/lang/Object;)[Ljava/lang/Object; @ 36 c2
Event: 21.033 Thread 0x000002094b3bfcf0 DEOPT PACKING pc=0x000002091d969030 sp=0x0000006dc9af8550
Event: 21.033 Thread 0x000002094b3bfcf0 DEOPT UNPACKING pc=0x000002091cea46a2 sp=0x0000006dc9af84f0 mode 2
Event: 21.033 Thread 0x000002094b3bfcf0 Uncommon trap: trap_request=0xffffffbe fr.pc=0x000002091d969030 relative=0x0000000000000290
Event: 21.033 Thread 0x000002094b3bfcf0 Uncommon trap: reason=profile_predicate action=maybe_recompile pc=0x000002091d969030 method=java.util.HashMap.keysToArray([Ljava/lang/Object;)[Ljava/lang/Object; @ 36 c2
Event: 21.033 Thread 0x000002094b3bfcf0 DEOPT PACKING pc=0x000002091d969030 sp=0x0000006dc9af8550
Event: 21.033 Thread 0x000002094b3bfcf0 DEOPT UNPACKING pc=0x000002091cea46a2 sp=0x0000006dc9af84f0 mode 2

Classes loaded (20 events):
Event: 17.339 Loading class java/util/stream/ReduceOps$2ReducingSink
Event: 17.339 Loading class java/util/stream/ReduceOps$2ReducingSink done
Event: 17.348 Loading class java/io/ObjectOutputStream$BlockDataOutputStream
Event: 17.349 Loading class java/io/ObjectOutputStream$BlockDataOutputStream done
Event: 17.349 Loading class java/io/ObjectOutputStream$HandleTable
Event: 17.349 Loading class java/io/ObjectOutputStream$HandleTable done
Event: 17.349 Loading class java/io/ObjectOutputStream$ReplaceTable
Event: 17.350 Loading class java/io/ObjectOutputStream$ReplaceTable done
Event: 17.631 Loading class java/io/FileReader
Event: 17.631 Loading class java/io/FileReader done
Event: 17.632 Loading class java/text/MessageFormat
Event: 17.633 Loading class java/text/MessageFormat done
Event: 17.675 Loading class java/lang/foreign/MemorySegment
Event: 17.676 Loading class java/lang/foreign/MemorySegment done
Event: 17.692 Loading class java/lang/StringIndexOutOfBoundsException
Event: 17.692 Loading class java/lang/StringIndexOutOfBoundsException done
Event: 17.744 Loading class java/util/Stack
Event: 17.745 Loading class java/util/Stack done
Event: 19.311 Loading class java/util/AbstractList$ListItr
Event: 19.311 Loading class java/util/AbstractList$ListItr done

Classes unloaded (0 events):
No events

Classes redefined (0 events):
No events

Internal exceptions (20 events):
Event: 16.620 Thread 0x000002094b3bfcf0 Exception <a 'java/lang/ClassNotFoundException'{0x0000000091b75a28}: org/gradle/api/internal/AbstractTaskCustomizer> (0x0000000091b75a28) 
thrown [s\src\hotspot\share\classfile\systemDictionary.cpp, line 312]
Event: 16.624 Thread 0x000002094b3bfcf0 Exception <a 'java/lang/ClassNotFoundException'{0x0000000091bd4e28}: org/gradle/api/DefaultTaskCustomizer> (0x0000000091bd4e28) 
thrown [s\src\hotspot\share\classfile\systemDictionary.cpp, line 312]
Event: 16.628 Thread 0x000002094b3bfcf0 Exception <a 'java/lang/ClassNotFoundException'{0x0000000091a3d530}: org/gradle/api/internal/ConventionTaskCustomizer> (0x0000000091a3d530) 
thrown [s\src\hotspot\share\classfile\systemDictionary.cpp, line 312]
Event: 16.630 Thread 0x000002094b3bfcf0 Exception <a 'java/lang/ClassNotFoundException'{0x0000000091a59da0}: org/gradle/api/tasks/JavaExecCustomizer> (0x0000000091a59da0) 
thrown [s\src\hotspot\share\classfile\systemDictionary.cpp, line 312]
Event: 16.635 Thread 0x000002094b3bfcf0 Exception <a 'java/lang/ClassNotFoundException'{0x0000000091abfc48}: org/springframework/boot/gradle/tasks/run/BootRunCustomizer> (0x0000000091abfc48) 
thrown [s\src\hotspot\share\classfile\systemDictionary.cpp, line 312]
Event: 16.638 Thread 0x000002094b3bfcf0 Exception <a 'java/lang/ClassNotFoundException'{0x0000000091ae7ec0}: org/springframework/boot/gradle/tasks/run/BootRun_DecoratedCustomizer> (0x0000000091ae7ec0) 
thrown [s\src\hotspot\share\classfile\systemDictionary.cpp, line 312]
Event: 16.692 Thread 0x000002094b3bfcf0 Exception <a 'java/lang/NoSuchMethodError'{0x0000000091895420}: 'java.lang.Object java.lang.invoke.DirectMethodHandle$Holder.newInvokeSpecial(java.lang.Object, java.lang.Object, java.lang.Object, java.lang.Object, java.lang.Object, java.lang.Object, int)'> (0x0000000091895420) 
thrown [s\src\hotspot\share\interpreter\linkResolver.cpp, line 773]
Event: 16.693 Thread 0x000002094b3bfcf0 Exception <a 'java/lang/NoSuchMethodError'{0x0000000091899fc8}: 'java.lang.Object java.lang.invoke.DirectMethodHandle$Holder.invokeSpecial(java.lang.Object, java.lang.Object, java.lang.Object, java.lang.Object, java.lang.Object, java.lang.Object, java.lang.Object, int)'> (0x0000000091899fc8) 
thrown [s\src\hotspot\share\interpreter\linkResolver.cpp, line 773]
Event: 16.693 Thread 0x000002094b3bfcf0 Exception <a 'java/lang/NoSuchMethodError'{0x000000009189e188}: 'java.lang.Object java.lang.invoke.Invokers$Holder.linkToTargetMethod(java.lang.Object, java.lang.Object, java.lang.Object, java.lang.Object, java.lang.Object, int, java.lang.Object)'> (0x000000009189e188) 
thrown [s\src\hotspot\share\interpreter\linkResolver.cpp, line 773]
Event: 16.712 Thread 0x000002094cdad690 Implicit null exception at 0x000002091d66489c to 0x000002091d66495c
Event: 17.016 Thread 0x000002094e4488f0 Exception <a 'java/lang/NoSuchMethodError'{0x0000000091397d50}: 'void java.lang.invoke.DirectMethodHandle$Holder.invokeStatic(java.lang.Object, long)'> (0x0000000091397d50) 
thrown [s\src\hotspot\share\interpreter\linkResolver.cpp, line 773]
Event: 17.019 Thread 0x000002094e4488f0 Exception <a 'java/lang/NoSuchMethodError'{0x00000000913a20e0}: 'java.lang.Object java.lang.invoke.DirectMethodHandle$Holder.invokeStaticInit(java.lang.Object, long, java.lang.Object)'> (0x00000000913a20e0) 
thrown [s\src\hotspot\share\interpreter\linkResolver.cpp, line 773]
Event: 17.762 Thread 0x000002094b3bfcf0 Exception <a 'java/lang/ClassNotFoundException'{0x000000008ff88920}: org/gradle/plugin/software/internal/ProjectFeaturesDynamicObject_DecoratedBeanInfo> (0x000000008ff88920) 
thrown [s\src\hotspot\share\classfile\systemDictionary.cpp, line 312]
Event: 17.763 Thread 0x000002094b3bfcf0 Exception <a 'java/lang/ClassNotFoundException'{0x000000008ff96c40}: org/gradle/plugin/software/internal/ProjectFeaturesDynamicObjectBeanInfo> (0x000000008ff96c40) 
thrown [s\src\hotspot\share\classfile\systemDictionary.cpp, line 312]
Event: 17.763 Thread 0x000002094b3bfcf0 Exception <a 'java/lang/ClassNotFoundException'{0x000000008ffa4b88}: org/gradle/internal/metaobject/AbstractDynamicObjectBeanInfo> (0x000000008ffa4b88) 
thrown [s\src\hotspot\share\classfile\systemDictionary.cpp, line 312]
Event: 17.764 Thread 0x000002094b3bfcf0 Exception <a 'java/lang/ClassNotFoundException'{0x000000008ffb2ac8}: org/gradle/internal/metaobject/AbstractDynamicObjectCustomizer> (0x000000008ffb2ac8) 
thrown [s\src\hotspot\share\classfile\systemDictionary.cpp, line 312]
Event: 17.765 Thread 0x000002094b3bfcf0 Exception <a 'java/lang/ClassNotFoundException'{0x000000008ffcd770}: org/gradle/plugin/software/internal/ProjectFeaturesDynamicObjectCustomizer> (0x000000008ffcd770) 
thrown [s\src\hotspot\share\classfile\systemDictionary.cpp, line 312]
Event: 17.766 Thread 0x000002094b3bfcf0 Exception <a 'java/lang/ClassNotFoundException'{0x000000008ffe32a8}: org/gradle/plugin/software/internal/ProjectFeaturesDynamicObject_DecoratedCustomizer> (0x000000008ffe32a8) 
thrown [s\src\hotspot\share\classfile\systemDictionary.cpp, line 312]
Event: 17.782 Thread 0x000002094b3bfcf0 Exception <a 'java/lang/NoSuchMethodError'{0x000000008fea5cb8}: 'void java.lang.invoke.Invokers$Holder.invokeExact_MT(java.lang.Object, java.lang.Object, java.lang.Object, java.lang.Object)'> (0x000000008fea5cb8) 
thrown [s\src\hotspot\share\interpreter\linkResolver.cpp, line 773]
Event: 17.838 Thread 0x000002094b3bfcf0 Implicit null exception at 0x000002091d7f35ed to 0x000002091d7f4ab0

ZGC Phase Switch (0 events):
No events

VM Operations (20 events):
Event: 18.579 Executing VM operation: CollectForMetadataAllocation (Metadata GC Threshold)
Event: 18.621 Executing VM operation: CollectForMetadataAllocation (Metadata GC Threshold) done
Event: 18.645 Executing VM operation: G1PauseRemark
Event: 18.654 Executing VM operation: G1PauseRemark done
Event: 18.656 Executing VM operation: G1PauseCleanup
Event: 18.656 Executing VM operation: G1PauseCleanup done
Event: 19.084 Executing VM operation: HandshakeAllThreads (Deoptimize)
Event: 19.085 Executing VM operation: HandshakeAllThreads (Deoptimize) done
Event: 19.206 Executing VM operation: ICBufferFull
Event: 19.206 Executing VM operation: ICBufferFull done
Event: 19.313 Executing VM operation: HandshakeAllThreads (Deoptimize)
Event: 19.313 Executing VM operation: HandshakeAllThreads (Deoptimize) done
Event: 19.522 Executing VM operation: HandshakeAllThreads (Deoptimize)
Event: 19.522 Executing VM operation: HandshakeAllThreads (Deoptimize) done
Event: 19.528 Executing VM operation: ICBufferFull
Event: 19.528 Executing VM operation: ICBufferFull done
Event: 20.395 Executing VM operation: ICBufferFull
Event: 20.395 Executing VM operation: ICBufferFull done
Event: 21.155 Executing VM operation: ICBufferFull
Event: 21.155 Executing VM operation: ICBufferFull done

Memory protections (0 events):
No events

Nmethod flushes (20 events):
Event: 18.652 Thread 0x00000209451349e0 flushing  nmethod 0x0000020915a6e790
Event: 18.652 Thread 0x00000209451349e0 flushing  nmethod 0x0000020915a71210
Event: 18.652 Thread 0x00000209451349e0 flushing  nmethod 0x0000020915a90890
Event: 18.652 Thread 0x00000209451349e0 flushing  nmethod 0x0000020915a90e10
Event: 18.652 Thread 0x00000209451349e0 flushing  nmethod 0x0000020915a94210
Event: 18.652 Thread 0x00000209451349e0 flushing  nmethod 0x0000020915abb190
Event: 18.652 Thread 0x00000209451349e0 flushing  nmethod 0x0000020915abed90
Event: 18.652 Thread 0x00000209451349e0 flushing  nmethod 0x0000020915abf790
Event: 18.652 Thread 0x00000209451349e0 flushing  nmethod 0x0000020915ac7b90
Event: 18.652 Thread 0x00000209451349e0 flushing  nmethod 0x0000020915d80710
Event: 18.652 Thread 0x00000209451349e0 flushing  nmethod 0x0000020915dc7a90
Event: 18.652 Thread 0x00000209451349e0 flushing  nmethod 0x0000020915deb890
Event: 18.652 Thread 0x00000209451349e0 flushing  nmethod 0x0000020915df0890
Event: 18.652 Thread 0x00000209451349e0 flushing  nmethod 0x0000020915df1210
Event: 18.652 Thread 0x00000209451349e0 flushing  nmethod 0x0000020915df3990
Event: 18.652 Thread 0x00000209451349e0 flushing  nmethod 0x0000020915df4690
Event: 18.652 Thread 0x00000209451349e0 flushing  nmethod 0x0000020915e9b210
Event: 18.652 Thread 0x00000209451349e0 flushing  nmethod 0x0000020915ee4b10
Event: 18.652 Thread 0x00000209451349e0 flushing  nmethod 0x0000020915fb9590
Event: 18.652 Thread 0x00000209451349e0 flushing  nmethod 0x0000020916066990

Events (20 events):
Event: 16.708 Thread 0x000002094b3bfcf0 Thread added: 0x000002094cdad000
Event: 16.709 Thread 0x000002094cdad000 Thread added: 0x000002094cdadd20
Event: 16.710 Thread 0x000002094cdad000 Thread added: 0x000002094cdae3b0
Event: 16.710 Thread 0x000002094cdadd20 Thread added: 0x000002094cdad690
Event: 16.711 Thread 0x000002094cdae3b0 Thread added: 0x000002094e449ca0
Event: 16.711 Thread 0x000002094cdadd20 Thread added: 0x000002094e44a330
Event: 16.711 Thread 0x000002094cdae3b0 Thread added: 0x000002094e44a9c0
Event: 16.784 Thread 0x000002094cdae3b0 Thread added: 0x000002094e4488f0
Event: 17.022 Thread 0x0000020945168340 Thread exited: 0x0000020945168340
Event: 17.025 Thread 0x000002094e4488f0 Thread added: 0x000002094e44b050
Event: 17.025 Thread 0x000002094e4488f0 Thread added: 0x000002094e44b6e0
Event: 17.336 Thread 0x0000020945168a10 Thread added: 0x0000020945168340
Event: 17.438 Thread 0x0000020945168a10 Thread added: 0x000002094dbc8610
Event: 17.835 Thread 0x000002094b3bfcf0 Thread added: 0x000002094e44c400
Event: 17.866 Thread 0x000002094b3bfcf0 Thread added: 0x000002094e448f80
Event: 17.883 Thread 0x000002094b3bfcf0 Thread added: 0x000002094e44ca90
Event: 17.913 Thread 0x000002094b3bfcf0 Thread added: 0x000002094e449610
Event: 17.960 Thread 0x000002094b3bfcf0 Thread added: 0x000002094e44d120
Event: 17.983 Thread 0x000002094b3bfcf0 Thread added: 0x000002094e44d7b0
Event: 17.999 Thread 0x000002094b3bfcf0 Thread added: 0x000002094e44eb60


Dynamic libraries:
0x00007ff76eb60000 - 0x00007ff76eb6e000 	C:\Users\ibraa\.jdks\ms-21.0.8\bin\java.exe
0x00007ff93bf60000 - 0x00007ff93c1c7000 	C:\WINDOWS\SYSTEM32\ntdll.dll
0x00007ff93ab20000 - 0x00007ff93abe9000 	C:\WINDOWS\System32\KERNEL32.DLL
0x00007ff939620000 - 0x00007ff939a17000 	C:\WINDOWS\System32\KERNELBASE.dll
0x00007ff939a20000 - 0x00007ff939b6b000 	C:\WINDOWS\System32\ucrtbase.dll
0x00007ff903d80000 - 0x00007ff903d9e000 	C:\Users\ibraa\.jdks\ms-21.0.8\bin\VCRUNTIME140.dll
0x00007ff903da0000 - 0x00007ff903db8000 	C:\Users\ibraa\.jdks\ms-21.0.8\bin\jli.dll
0x00007ff93a290000 - 0x00007ff93a456000 	C:\WINDOWS\System32\USER32.dll
0x00007ff939cb0000 - 0x00007ff939cd7000 	C:\WINDOWS\System32\win32u.dll
0x00007ff926620000 - 0x00007ff9268b2000 	C:\WINDOWS\WinSxS\amd64_microsoft.windows.common-controls_6595b64144ccf1df_6.0.26100.8457_none_3e0b2faee331e92d\COMCTL32.dll
0x00007ff93b0a0000 - 0x00007ff93b0cb000 	C:\WINDOWS\System32\GDI32.dll
0x00007ff93b280000 - 0x00007ff93b329000 	C:\WINDOWS\System32\msvcrt.dll
0x00007ff9394f0000 - 0x00007ff93961c000 	C:\WINDOWS\System32\gdi32full.dll
0x00007ff939c00000 - 0x00007ff939ca3000 	C:\WINDOWS\System32\msvcp_win.dll
0x00007ff93a5f0000 - 0x00007ff93a622000 	C:\WINDOWS\System32\IMM32.DLL
0x0000000059060000 - 0x000000005906d000 	C:\Program Files (x86)\360\Total Security\safemon\SafeWrapper.dll
0x00007ff93bd00000 - 0x00007ff93bdb6000 	C:\WINDOWS\System32\ADVAPI32.dll
0x00007ff93b1d0000 - 0x00007ff93b277000 	C:\WINDOWS\System32\sechost.dll
0x00007ff93acd0000 - 0x00007ff93ade8000 	C:\WINDOWS\System32\RPCRT4.dll
0x00007ff933520000 - 0x00007ff933625000 	C:\Program Files (x86)\360\Total Security\safemon\libzdtp64.dll
0x00007ff93b330000 - 0x00007ff93ba9e000 	C:\WINDOWS\System32\SHELL32.dll
0x00007ff93a580000 - 0x00007ff93a5e6000 	C:\WINDOWS\System32\SHLWAPI.dll
0x00007ff938990000 - 0x00007ff9391fc000 	C:\WINDOWS\System32\Windows.Storage.dll
0x00007ff939d70000 - 0x00007ff93a0f3000 	C:\WINDOWS\System32\combase.dll
0x00007ff938270000 - 0x00007ff93827b000 	C:\WINDOWS\SYSTEM32\VERSION.dll
0x00007ff92eb30000 - 0x00007ff92eb3c000 	C:\Users\ibraa\.jdks\ms-21.0.8\bin\vcruntime140_1.dll
0x00007ff903970000 - 0x00007ff9039f9000 	C:\Users\ibraa\.jdks\ms-21.0.8\bin\msvcp140.dll
0x00007ff8b96e0000 - 0x00007ff8ba48c000 	C:\Users\ibraa\.jdks\ms-21.0.8\bin\server\jvm.dll
0x00007ff93bc70000 - 0x00007ff93bcf0000 	C:\WINDOWS\System32\WS2_32.dll
0x00007ff938810000 - 0x00007ff93886e000 	C:\WINDOWS\SYSTEM32\POWRPROF.dll
0x00007ff9324d0000 - 0x00007ff932506000 	C:\WINDOWS\SYSTEM32\WINMM.dll
0x00007ff9387f0000 - 0x00007ff938804000 	C:\WINDOWS\SYSTEM32\UMPDC.dll
0x00007ff937690000 - 0x00007ff9376ab000 	C:\WINDOWS\SYSTEM32\kernel.appcore.dll
0x00007ff926da0000 - 0x00007ff926daa000 	C:\Users\ibraa\.jdks\ms-21.0.8\bin\jimage.dll
0x00007ff936ad0000 - 0x00007ff936d12000 	C:\WINDOWS\SYSTEM32\DBGHELP.DLL
0x00007ff93abf0000 - 0x00007ff93acc9000 	C:\WINDOWS\System32\OLEAUT32.dll
0x00007ff921680000 - 0x00007ff9216bb000 	C:\WINDOWS\SYSTEM32\dbgcore.DLL
0x00007ff939200000 - 0x00007ff9392a8000 	C:\WINDOWS\System32\bcryptPrimitives.dll
0x00007ff904440000 - 0x00007ff904450000 	C:\Users\ibraa\.jdks\ms-21.0.8\bin\instrument.dll
0x00007ff903730000 - 0x00007ff903751000 	C:\Users\ibraa\.jdks\ms-21.0.8\bin\java.dll
0x00007ff93b0d0000 - 0x00007ff93b1c6000 	C:\WINDOWS\System32\SHCORE.dll
0x00007ff9388b0000 - 0x00007ff9388d9000 	C:\WINDOWS\SYSTEM32\profapi.dll
0x00007ff8c11e0000 - 0x00007ff8c12b6000 	C:\Users\ibraa\.jdks\ms-21.0.8\bin\jsvml.dll
0x00007ff9036f0000 - 0x00007ff903708000 	C:\Users\ibraa\.jdks\ms-21.0.8\bin\zip.dll
0x00007ff903d60000 - 0x00007ff903d71000 	C:\Users\ibraa\.jdks\ms-21.0.8\bin\net.dll
0x00007ff92de10000 - 0x00007ff92df39000 	C:\WINDOWS\SYSTEM32\WINHTTP.dll
0x00007ff937c20000 - 0x00007ff937c8c000 	C:\WINDOWS\system32\mswsock.dll
0x00007ff903710000 - 0x00007ff903726000 	C:\Users\ibraa\.jdks\ms-21.0.8\bin\nio.dll
0x00007ff924d70000 - 0x00007ff924d80000 	C:\Users\ibraa\.jdks\ms-21.0.8\bin\verify.dll
0x00007ff8fb170000 - 0x00007ff8fb197000 	C:\Users\ibraa\.gradle\native\660c5614fbf4a5f2a75b1949f50a0caf5cd603558e7d8a26e50b933a0cfb79d1\windows-amd64\native-platform.dll
0x00007ff8ef750000 - 0x00007ff8ef7c7000 	C:\Users\ibraa\.gradle\native\0.2.8\x86_64-windows-gnu\gradle-fileevents.dll
0x00007ff9253e0000 - 0x00007ff9253ea000 	C:\Users\ibraa\.jdks\ms-21.0.8\bin\management.dll
0x00007ff9250b0000 - 0x00007ff9250bc000 	C:\Users\ibraa\.jdks\ms-21.0.8\bin\management_ext.dll
0x00007ff93a100000 - 0x00007ff93a108000 	C:\WINDOWS\System32\PSAPI.DLL
0x00007ff9370c0000 - 0x00007ff9370f2000 	C:\WINDOWS\SYSTEM32\IPHLPAPI.DLL
0x00007ff93bab0000 - 0x00007ff93baba000 	C:\WINDOWS\System32\NSI.dll
0x00007ff925060000 - 0x00007ff925069000 	C:\Users\ibraa\.jdks\ms-21.0.8\bin\extnet.dll
0x00007ff937f00000 - 0x00007ff937f1b000 	C:\WINDOWS\SYSTEM32\CRYPTSP.dll
0x00007ff9375f0000 - 0x00007ff937629000 	C:\WINDOWS\system32\rsaenh.dll
0x00007ff937cd0000 - 0x00007ff937d03000 	C:\WINDOWS\SYSTEM32\USERENV.dll
0x00007ff938880000 - 0x00007ff9388aa000 	C:\WINDOWS\SYSTEM32\bcrypt.dll
0x00007ff937f20000 - 0x00007ff937f2c000 	C:\WINDOWS\SYSTEM32\CRYPTBASE.dll
0x00007ff904300000 - 0x00007ff90430e000 	C:\Users\ibraa\.jdks\ms-21.0.8\bin\sunmscapi.dll
0x00007ff939370000 - 0x00007ff9394e8000 	C:\WINDOWS\System32\CRYPT32.dll
0x00007ff938120000 - 0x00007ff938150000 	C:\WINDOWS\SYSTEM32\ncrypt.dll
0x00007ff9380d0000 - 0x00007ff93810f000 	C:\WINDOWS\SYSTEM32\NTASN1.dll
0x00007ff926a80000 - 0x00007ff926a88000 	C:\WINDOWS\system32\wshunix.dll

JVMTI agents:
C:\Users\ibraa\.gradle\wrapper\dists\gradle-9.3.0-bin\79n14ral3mx1ozqr3csh2u872\gradle-9.3.0\lib\agents\gradle-instrumentation-agent-9.3.0.jar path:C:\Users\ibraa\.jdks\ms-21.0.8\bin\instrument.dll, loaded, initialized, instrumentlib options:none

dbghelp: loaded successfully - version: 4.0.5 - missing functions: none
symbol engine: initialized successfully - sym options: 0x614 - pdb path: .;C:\Users\ibraa\.jdks\ms-21.0.8\bin;C:\WINDOWS\SYSTEM32;C:\WINDOWS\WinSxS\amd64_microsoft.windows.common-controls_6595b64144ccf1df_6.0.26100.8457_none_3e0b2faee331e92d;C:\Program Files (x86)\360\Total Security\safemon;C:\Users\ibraa\.jdks\ms-21.0.8\bin\server;C:\Users\ibraa\.gradle\native\660c5614fbf4a5f2a75b1949f50a0caf5cd603558e7d8a26e50b933a0cfb79d1\windows-amd64;C:\Users\ibraa\.gradle\native\0.2.8\x86_64-windows-gnu

VM Arguments:
jvm_args: --add-opens=java.base/java.lang=ALL-UNNAMED --add-opens=java.base/java.lang.invoke=ALL-UNNAMED --add-opens=java.base/java.util=ALL-UNNAMED --add-opens=java.prefs/java.util.prefs=ALL-UNNAMED --add-exports=jdk.compiler/com.sun.tools.javac.api=ALL-UNNAMED --add-exports=jdk.compiler/com.sun.tools.javac.util=ALL-UNNAMED --add-opens=java.base/java.util=ALL-UNNAMED --add-opens=java.prefs/java.util.prefs=ALL-UNNAMED --add-opens=java.base/java.nio.charset=ALL-UNNAMED --add-opens=java.base/java.net=ALL-UNNAMED --add-opens=java.base/java.util.concurrent=ALL-UNNAMED --add-opens=java.base/java.util.concurrent.atomic=ALL-UNNAMED --add-opens=java.xml/javax.xml.namespace=ALL-UNNAMED --add-opens=java.base/java.time=ALL-UNNAMED -XX:MaxMetaspaceSize=512m -XX:+HeapDumpOnOutOfMemoryError -Xms512m -Xmx2048m -Dfile.encoding=UTF-8 -Duser.country=RU -Duser.language=ru -Duser.variant -javaagent:C:\Users\ibraa\.gradle\wrapper\dists\gradle-9.3.0-bin\79n14ral3mx1ozqr3csh2u872\gradle-9.3.0\lib\agents\gradle-instrumentation-agent-9.3.0.jar 
java_command: org.gradle.launcher.daemon.bootstrap.GradleDaemon 9.3.0
java_class_path (initial): C:\Users\ibraa\.gradle\wrapper\dists\gradle-9.3.0-bin\79n14ral3mx1ozqr3csh2u872\gradle-9.3.0\lib\gradle-daemon-main-9.3.0.jar
Launcher Type: SUN_STANDARD

[Global flags]
     intx CICompilerCount                          = 4                                         {product} {ergonomic}
   size_t CompressedClassSpaceSize                 = 436207616                                 {product} {ergonomic}
     uint ConcGCThreads                            = 2                                         {product} {ergonomic}
     uint G1ConcRefinementThreads                  = 8                                         {product} {ergonomic}
   size_t G1HeapRegionSize                         = 1048576                                   {product} {ergonomic}
    uintx GCDrainStackTargetSize                   = 64                                        {product} {ergonomic}
     bool HeapDumpOnOutOfMemoryError               = true                                   {manageable} {command line}
   size_t InitialHeapSize                          = 536870912                                 {product} {command line}
   size_t MarkStackSize                            = 4194304                                   {product} {ergonomic}
   size_t MaxHeapSize                              = 2147483648                                {product} {command line}
   size_t MaxMetaspaceSize                         = 536870912                                 {product} {command line}
   size_t MaxNewSize                               = 1287651328                                {product} {ergonomic}
   size_t MinHeapDeltaBytes                        = 1048576                                   {product} {ergonomic}
   size_t MinHeapSize                              = 536870912                                 {product} {command line}
    uintx NonNMethodCodeHeapSize                   = 5839372                                {pd product} {ergonomic}
    uintx NonProfiledCodeHeapSize                  = 122909434                              {pd product} {ergonomic}
    uintx ProfiledCodeHeapSize                     = 122909434                              {pd product} {ergonomic}
    uintx ReservedCodeCacheSize                    = 251658240                              {pd product} {ergonomic}
     bool SegmentedCodeCache                       = true                                      {product} {ergonomic}
   size_t SoftMaxHeapSize                          = 2147483648                             {manageable} {ergonomic}
     bool UseCompressedOops                        = true                           {product lp64_product} {ergonomic}
     bool UseG1GC                                  = true                                      {product} {ergonomic}
     bool UseLargePagesIndividualAllocation        = false                                  {pd product} {ergonomic}

Logging:
Log output configuration:
 #0: stdout all=warning uptime,level,tags foldmultilines=false
 #1: stderr all=off uptime,level,tags foldmultilines=false

Environment Variables:
JAVA_HOME=C:\Users\ibraa\.jdks\ms-21.0.8
PATH=D:\ibraa\Downloads\orcl\WINDOWS.X64_193000_db_home\bin;D:\ibraa\Downloads\23ai\dbhomeFree\bin;C:\WINDOWS\system32;C:\WINDOWS;C:\WINDOWS\System32\Wbem;C:\WINDOWS\System32\WindowsPowerShell\v1.0\;C:\WINDOWS\System32\OpenSSH\;C:\Program Files\PuTTY\;C:\Users\ibraa\.jdks\ms-21.0.8\bin;C:\Program Files\Common Files\Oracle\Java\javapath;C:\Program Files\Git\cmd;C:\Gradle\gradle-8.14\bin;C:\Program Files\Docker\Docker\resources\bin;C:\Program Files\WireGuard\;D:\Go\bin;C:\Users\ibraa\AppData\Local\nvm;C:\nvm4w\nodejs;C:\Program Files\nodejs\;C:\Program Files\Microsoft VS Code\bin;C:\Program Files (x86)\cloudflared\;D:\ibraa\Stack\bin;C:\Users\ibraa\AppData\Local\Programs\Python\Python310\Scripts\;C:\Users\ibraa\AppData\Local\Programs\Python\Python310\;C:\Users\ibraa\AppData\Local\Microsoft\WindowsApps;C:\Program Files\JetBrains\PyCharm Community Edition 2021.2.3\bin;;C:\Users\ibraa\IntelliJ IDEA 2023.2.1\bin;;C:\Users\ibraa\AppData\Local\GitHubDesktop\bin;D:\ibraa\Downloads\Microsoft VS Code\bin;C:\Users\ibraa\AppData\Roaming\local\bin;C:\Users\ibraa\go\bin;C:\Users\ibraa\AppData\Local\Microsoft\WinGet\Packages\GolangCI.golangci-lint_Microsoft.Winget.Source_8wekyb3d8bbwe\golangci-lint-2.11.3-windows-amd64;C:\Users\ibraa\AppData\Local\nvm;C:\nvm4w\nodejs;C:\Users\ibraa\AppData\Roaming\npm;C:\Users\ibraa\.jdks\ms-21.0.8\bin;
USERNAME=ibraa
OS=Windows_NT
PROCESSOR_IDENTIFIER=AMD64 Family 23 Model 24 Stepping 1, AuthenticAMD
TMP=C:\Users\ibraa\AppData\Local\Temp
TEMP=C:\Users\ibraa\AppData\Local\Temp




Periodic native trim disabled

---------------  S Y S T E M  ---------------

OS:
 Windows 11 , 64 bit Build 26100 (10.0.26100.8328)
OS uptime: 0 days 0:09 hours
Hyper-V role detected

CPU: total 8 (initial active 8) (8 cores per cpu, 2 threads per core) family 23 model 24 stepping 1 microcode 0x8108109, cx8, cmov, fxsr, ht, mmx, 3dnowpref, sse, sse2, sse3, ssse3, sse4a, sse4.1, sse4.2, popcnt, lzcnt, tsc, tscinvbit, avx, avx2, aes, clmul, bmi1, bmi2, adx, sha, fma, vzeroupper, clflush, clflushopt, hv, rdtscp, f16c
Processor Information for the first 8 processors :
  Max Mhz: 2100, Current Mhz: 2100, Mhz Limit: 2100

Memory: 4k page, system-wide physical 7103M (882M free)
TotalPageFile size 16431M (AvailPageFile size 4M)
current process WorkingSet (physical memory assigned to process): 547M, peak: 547M
current process commit charge ("private bytes"): 777M, peak: 778M

vm_info: OpenJDK 64-Bit Server VM (21.0.8+9-LTS) for windows-amd64 JRE (21.0.8+9-LTS), built on 2025-07-10T20:22:44Z by "MicrosoftCorporation" with unknown MS VC++:1944

END.
